state,job_category,skill_level,min_wage_day,min_wage_month,max_hours_day,max_hours_week,overtime_multiplier,weekly_off,vda,last_updated
Tamil Nadu,Security Guard,Unskilled,620,16120,8,48,2,1 day/week,Yes,2026
Karnataka,Security Guard,Unskilled,630,16380,8,48,2,1 day/week,Yes,2026
Kerala,Security Guard,Unskilled,640,16640,8,48,2,1 day/week,Yes,2026
Telangana,Security Guard,Unskilled,650,16900,8,48,2,1 day/week,Yes,2026
Maharashtra,Security Guard,Unskilled,660,17160,8,48,2,1 day/week,Yes,2026
Andhra Pradesh,Security Guard,Unskilled,670,17420,8,48,2,1 day/week,Yes,2026
Gujarat,Security Guard,Unskilled,680,17680,8,48,2,1 day/week,Yes,2026
Rajasthan,Security Guard,Unskilled,690,17940,8,48,2,1 day/week,Yes,2026
Delhi,Security Guard,Unskilled,700,18200,8,48,2,1 day/week,Yes,2026
West Bengal,Security Guard,Unskilled,710,18460,8,48,2,1 day/week,Yes,2026
Tamil Nadu,Housekeeping,Unskilled,635,16510,8,48,2,1 day/week,Yes,2026
Karnataka,Housekeeping,Unskilled,645,16770,8,48,2,1 day/week,Yes,2026
Kerala,Housekeeping,Unskilled,655,17030,8,48,2,1 day/week,Yes,2026
Telangana,Housekeeping,Unskilled,665,17290,8,48,2,1 day/week,Yes,2026
Maharashtra,Housekeeping,Unskilled,675,17550,8,48,2,1 day/week,Yes,2026
Andhra Pradesh,Housekeeping,Unskilled,685,17810,8,48,2,1 day/week,Yes,2026
Gujarat,Housekeeping,Unskilled,695,18070,8,48,2,1 day/week,Yes,2026
Rajasthan,Housekeeping,Unskilled,705,18330,8,48,2,1 day/week,Yes,2026
Delhi,Housekeeping,Unskilled,715,18590,8,48,2,1 day/week,Yes,2026
West Bengal,Housekeeping,Unskilled,725,18850,8,48,2,1 day/week,Yes,2026
Tamil Nadu,Cleaner,Unskilled,650,16900,8,48,2,1 day/week,Yes,2026
Karnataka,Cleaner,Unskilled,660,17160,8,48,2,1 day/week,Yes,2026
Kerala,Cleaner,Unskilled,670,17420,8,48,2,1 day/week,Yes,2026
Telangana,Cleaner,Unskilled,680,17680,8,48,2,1 day/week,Yes,2026
Maharashtra,Cleaner,Unskilled,690,17940,8,48,2,1 day/week,Yes,2026
Andhra Pradesh,Cleaner,Unskilled,700,18200,8,48,2,1 day/week,Yes,2026
Gujarat,Cleaner,Unskilled,710,18460,8,48,2,1 day/week,Yes,2026
Rajasthan,Cleaner,Unskilled,720,18720,8,48,2,1 day/week,Yes,2026
Delhi,Cleaner,Unskilled,730,18980,8,48,2,1 day/week,Yes,2026
West Bengal,Cleaner,Unskilled,740,19240,8,48,2,1 day/week,Yes,2026
Tamil Nadu,Factory Worker,Unskilled,665,17290,8,48,2,1 day/week,Yes,2026
Karnataka,Factory Worker,Unskilled,675,17550,8,48,2,1 day/week,Yes,2026
Kerala,Factory Worker,Unskilled,685,17810,8,48,2,1 day/week,Yes,2026
Telangana,Factory Worker,Unskilled,695,18070,8,48,2,1 day/week,Yes,2026
Maharashtra,Factory Worker,Unskilled,705,18330,8,48,2,1 day/week,Yes,2026
Andhra Pradesh,Factory Worker,Unskilled,715,18590,8,48,2,1 day/week,Yes,2026
Gujarat,Factory Worker,Unskilled,725,18850,8,48,2,1 day/week,Yes,2026
Rajasthan,Factory Worker,Unskilled,735,19110,8,48,2,1 day/week,Yes,2026
Delhi,Factory Worker,Unskilled,745,19370,8,48,2,1 day/week,Yes,2026
West Bengal,Factory Worker,Unskilled,755,19630,8,48,2,1 day/week,Yes,2026
Tamil Nadu,Electrician,Unskilled,680,17680,8,48,2,1 day/week,Yes,2026
Karnataka,Electrician,Unskilled,690,17940,8,48,2,1 day/week,Yes,2026
Kerala,Electrician,Unskilled,700,18200,8,48,2,1 day/week,Yes,2026
Telangana,Electrician,Unskilled,710,18460,8,48,2,1 day/week,Yes,2026
Maharashtra,Electrician,Unskilled,720,18720,8,48,2,1 day/week,Yes,2026
Andhra Pradesh,Electrician,Unskilled,730,18980,8,48,2,1 day/week,Yes,2026
Gujarat,Electrician,Unskilled,740,19240,8,48,2,1 day/week,Yes,2026
Rajasthan,Electrician,Unskilled,750,19500,8,48,2,1 day/week,Yes,2026
Delhi,Electrician,Unskilled,760,19760,8,48,2,1 day/week,Yes,2026
West Bengal,Electrician,Unskilled,770,20020,8,48,2,1 day/week,Yes,2026
Tamil Nadu,Plumber,Unskilled,695,18070,8,48,2,1 day/week,Yes,2026
Karnataka,Plumber,Unskilled,705,18330,8,48,2,1 day/week,Yes,2026
Kerala,Plumber,Unskilled,715,18590,8,48,2,1 day/week,Yes,2026
Telangana,Plumber,Unskilled,725,18850,8,48,2,1 day/week,Yes,2026
Maharashtra,Plumber,Unskilled,735,19110,8,48,2,1 day/week,Yes,2026
Andhra Pradesh,Plumber,Unskilled,745,19370,8,48,2,1 day/week,Yes,2026
Gujarat,Plumber,Unskilled,755,19630,8,48,2,1 day/week,Yes,2026
Rajasthan,Plumber,Unskilled,765,19890,8,48,2,1 day/week,Yes,2026
Delhi,Plumber,Unskilled,775,20150,8,48,2,1 day/week,Yes,2026
West Bengal,Plumber,Unskilled,785,20410,8,48,2,1 day/week,Yes,2026
Tamil Nadu,Carpenter,Unskilled,710,18460,8,48,2,1 day/week,Yes,2026
Karnataka,Carpenter,Unskilled,720,18720,8,48,2,1 day/week,Yes,2026
Kerala,Carpenter,Unskilled,730,18980,8,48,2,1 day/week,Yes,2026
Telangana,Carpenter,Unskilled,740,19240,8,48,2,1 day/week,Yes,2026
Maharashtra,Carpenter,Unskilled,750,19500,8,48,2,1 day/week,Yes,2026
Andhra Pradesh,Carpenter,Unskilled,760,19760,8,48,2,1 day/week,Yes,2026
Gujarat,Carpenter,Unskilled,770,20020,8,48,2,1 day/week,Yes,2026
Rajasthan,Carpenter,Unskilled,780,20280,8,48,2,1 day/week,Yes,2026
Delhi,Carpenter,Unskilled,790,20540,8,48,2,1 day/week,Yes,2026
West Bengal,Carpenter,Unskilled,800,20800,8,48,2,1 day/week,Yes,2026
Tamil Nadu,Welder,Unskilled,620,16120,8,48,2,1 day/week,Yes,2026
Karnataka,Welder,Unskilled,630,16380,8,48,2,1 day/week,Yes,2026
Kerala,Welder,Unskilled,640,16640,8,48,2,1 day/week,Yes,2026
Telangana,Welder,Unskilled,650,16900,8,48,2,1 day/week,Yes,2026
Maharashtra,Welder,Unskilled,660,17160,8,48,2,1 day/week,Yes,2026
Andhra Pradesh,Welder,Unskilled,670,17420,8,48,2,1 day/week,Yes,2026
Gujarat,Welder,Unskilled,680,17680,8,48,2,1 day/week,Yes,2026
Rajasthan,Welder,Unskilled,690,17940,8,48,2,1 day/week,Yes,2026
Delhi,Welder,Unskilled,700,18200,8,48,2,1 day/week,Yes,2026
West Bengal,Welder,Unskilled,710,18460,8,48,2,1 day/week,Yes,2026
Tamil Nadu,Driver,Unskilled,635,16510,8,48,2,1 day/week,Yes,2026
Karnataka,Driver,Unskilled,645,16770,8,48,2,1 day/week,Yes,2026
Kerala,Driver,Unskilled,655,17030,8,48,2,1 day/week,Yes,2026
Telangana,Driver,Unskilled,665,17290,8,48,2,1 day/week,Yes,2026
Maharashtra,Driver,Unskilled,675,17550,8,48,2,1 day/week,Yes,2026
Andhra Pradesh,Driver,Unskilled,685,17810,8,48,2,1 day/week,Yes,2026
Gujarat,Driver,Unskilled,695,18070,8,48,2,1 day/week,Yes,2026
Rajasthan,Driver,Unskilled,705,18330,8,48,2,1 day/week,Yes,2026
Delhi,Driver,Unskilled,715,18590,8,48,2,1 day/week,Yes,2026
West Bengal,Driver,Unskilled,725,18850,8,48,2,1 day/week,Yes,2026
Tamil Nadu,Office Assistant,Unskilled,650,16900,8,48,2,1 day/week,Yes,2026
Karnataka,Office Assistant,Unskilled,660,17160,8,48,2,1 day/week,Yes,2026
Kerala,Office Assistant,Unskilled,670,17420,8,48,2,1 day/week,Yes,2026
Telangana,Office Assistant,Unskilled,680,17680,8,48,2,1 day/week,Yes,2026
Maharashtra,Office Assistant,Unskilled,690,17940,8,48,2,1 day/week,Yes,2026
Andhra Pradesh,Office Assistant,Unskilled,700,18200,8,48,2,1 day/week,Yes,2026
Gujarat,Office Assistant,Unskilled,710,18460,8,48,2,1 day/week,Yes,2026
Rajasthan,Office Assistant,Unskilled,720,18720,8,48,2,1 day/week,Yes,2026
Delhi,Office Assistant,Unskilled,730,18980,8,48,2,1 day/week,Yes,2026
West Bengal,Office Assistant,Unskilled,740,19240,8,48,2,1 day/week,Yes,2026
Tamil Nadu,Data Entry Operator,Unskilled,665,17290,8,48,2,1 day/week,Yes,2026
Karnataka,Data Entry Operator,Unskilled,675,17550,8,48,2,1 day/week,Yes,2026
Kerala,Data Entry Operator,Unskilled,685,17810,8,48,2,1 day/week,Yes,2026
Telangana,Data Entry Operator,Unskilled,695,18070,8,48,2,1 day/week,Yes,2026
Maharashtra,Data Entry Operator,Unskilled,705,18330,8,48,2,1 day/week,Yes,2026
Andhra Pradesh,Data Entry Operator,Unskilled,715,18590,8,48,2,1 day/week,Yes,2026
Gujarat,Data Entry Operator,Unskilled,725,18850,8,48,2,1 day/week,Yes,2026
Rajasthan,Data Entry Operator,Unskilled,735,19110,8,48,2,1 day/week,Yes,2026
Delhi,Data Entry Operator,Unskilled,745,19370,8,48,2,1 day/week,Yes,2026
West Bengal,Data Entry Operator,Unskilled,755,19630,8,48,2,1 day/week,Yes,2026
Tamil Nadu,Receptionist,Unskilled,680,17680,8,48,2,1 day/week,Yes,2026
Karnataka,Receptionist,Unskilled,690,17940,8,48,2,1 day/week,Yes,2026
Kerala,Receptionist,Unskilled,700,18200,8,48,2,1 day/week,Yes,2026
Telangana,Receptionist,Unskilled,710,18460,8,48,2,1 day/week,Yes,2026
Maharashtra,Receptionist,Unskilled,720,18720,8,48,2,1 day/week,Yes,2026
Andhra Pradesh,Receptionist,Unskilled,730,18980,8,48,2,1 day/week,Yes,2026
Gujarat,Receptionist,Unskilled,740,19240,8,48,2,1 day/week,Yes,2026
Rajasthan,Receptionist,Unskilled,750,19500,8,48,2,1 day/week,Yes,2026
Delhi,Receptionist,Unskilled,760,19760,8,48,2,1 day/week,Yes,2026
West Bengal,Receptionist,Unskilled,770,20020,8,48,2,1 day/week,Yes,2026
Tamil Nadu,Cook,Unskilled,695,18070,8,48,2,1 day/week,Yes,2026
Karnataka,Cook,Unskilled,705,18330,8,48,2,1 day/week,Yes,2026
Kerala,Cook,Unskilled,715,18590,8,48,2,1 day/week,Yes,2026
Telangana,Cook,Unskilled,725,18850,8,48,2,1 day/week,Yes,2026
Maharashtra,Cook,Unskilled,735,19110,8,48,2,1 day/week,Yes,2026
Andhra Pradesh,Cook,Unskilled,745,19370,8,48,2,1 day/week,Yes,2026
Gujarat,Cook,Unskilled,755,19630,8,48,2,1 day/week,Yes,2026
Rajasthan,Cook,Unskilled,765,19890,8,48,2,1 day/week,Yes,2026
Delhi,Cook,Unskilled,775,20150,8,48,2,1 day/week,Yes,2026
West Bengal,Cook,Unskilled,785,20410,8,48,2,1 day/week,Yes,2026
Tamil Nadu,Construction Labourer,Unskilled,710,18460,8,48,2,1 day/week,Yes,2026
Karnataka,Construction Labourer,Unskilled,720,18720,8,48,2,1 day/week,Yes,2026
Kerala,Construction Labourer,Unskilled,730,18980,8,48,2,1 day/week,Yes,2026
Telangana,Construction Labourer,Unskilled,740,19240,8,48,2,1 day/week,Yes,2026
Maharashtra,Construction Labourer,Unskilled,750,19500,8,48,2,1 day/week,Yes,2026
Andhra Pradesh,Construction Labourer,Unskilled,760,19760,8,48,2,1 day/week,Yes,2026
Gujarat,Construction Labourer,Unskilled,770,20020,8,48,2,1 day/week,Yes,2026
Rajasthan,Construction Labourer,Unskilled,780,20280,8,48,2,1 day/week,Yes,2026
Delhi,Construction Labourer,Unskilled,790,20540,8,48,2,1 day/week,Yes,2026
West Bengal,Construction Labourer,Unskilled,800,20800,8,48,2,1 day/week,Yes,2026
Tamil Nadu,Helper,Unskilled,620,16120,8,48,2,1 day/week,Yes,2026
Karnataka,Helper,Unskilled,630,16380,8,48,2,1 day/week,Yes,2026
Kerala,Helper,Unskilled,640,16640,8,48,2,1 day/week,Yes,2026
Telangana,Helper,Unskilled,650,16900,8,48,2,1 day/week,Yes,2026
Maharashtra,Helper,Unskilled,660,17160,8,48,2,1 day/week,Yes,2026
Andhra Pradesh,Helper,Unskilled,670,17420,8,48,2,1 day/week,Yes,2026
Gujarat,Helper,Unskilled,680,17680,8,48,2,1 day/week,Yes,2026
Rajasthan,Helper,Unskilled,690,17940,8,48,2,1 day/week,Yes,2026
Delhi,Helper,Unskilled,700,18200,8,48,2,1 day/week,Yes,2026
West Bengal,Helper,Unskilled,710,18460,8,48,2,1 day/week,Yes,2026
Tamil Nadu,Mason,Unskilled,635,16510,8,48,2,1 day/week,Yes,2026
Karnataka,Mason,Unskilled,645,16770,8,48,2,1 day/week,Yes,2026
Kerala,Mason,Unskilled,655,17030,8,48,2,1 day/week,Yes,2026
Telangana,Mason,Unskilled,665,17290,8,48,2,1 day/week,Yes,2026
Maharashtra,Mason,Unskilled,675,17550,8,48,2,1 day/week,Yes,2026
Andhra Pradesh,Mason,Unskilled,685,17810,8,48,2,1 day/week,Yes,2026
Gujarat,Mason,Unskilled,695,18070,8,48,2,1 day/week,Yes,2026
Rajasthan,Mason,Unskilled,705,18330,8,48,2,1 day/week,Yes,2026
Delhi,Mason,Unskilled,715,18590,8,48,2,1 day/week,Yes,2026
West Bengal,Mason,Unskilled,725,18850,8,48,2,1 day/week,Yes,2026
Tamil Nadu,Painter,Unskilled,650,16900,8,48,2,1 day/week,Yes,2026
Karnataka,Painter,Unskilled,660,17160,8,48,2,1 day/week,Yes,2026
Kerala,Painter,Unskilled,670,17420,8,48,2,1 day/week,Yes,2026
Telangana,Painter,Unskilled,680,17680,8,48,2,1 day/week,Yes,2026
Maharashtra,Painter,Unskilled,690,17940,8,48,2,1 day/week,Yes,2026
Andhra Pradesh,Painter,Unskilled,700,18200,8,48,2,1 day/week,Yes,2026
Gujarat,Painter,Unskilled,710,18460,8,48,2,1 day/week,Yes,2026
Rajasthan,Painter,Unskilled,720,18720,8,48,2,1 day/week,Yes,2026
Delhi,Painter,Unskilled,730,18980,8,48,2,1 day/week,Yes,2026
West Bengal,Painter,Unskilled,740,19240,8,48,2,1 day/week,Yes,2026
Tamil Nadu,Machine Operator,Unskilled,665,17290,8,48,2,1 day/week,Yes,2026
Karnataka,Machine Operator,Unskilled,675,17550,8,48,2,1 day/week,Yes,2026
Kerala,Machine Operator,Unskilled,685,17810,8,48,2,1 day/week,Yes,2026
Telangana,Machine Operator,Unskilled,695,18070,8,48,2,1 day/week,Yes,2026
Maharashtra,Machine Operator,Unskilled,705,18330,8,48,2,1 day/week,Yes,2026
Andhra Pradesh,Machine Operator,Unskilled,715,18590,8,48,2,1 day/week,Yes,2026
Gujarat,Machine Operator,Unskilled,725,18850,8,48,2,1 day/week,Yes,2026
Rajasthan,Machine Operator,Unskilled,735,19110,8,48,2,1 day/week,Yes,2026
Delhi,Machine Operator,Unskilled,745,19370,8,48,2,1 day/week,Yes,2026
West Bengal,Machine Operator,Unskilled,755,19630,8,48,2,1 day/week,Yes,2026
Tamil Nadu,Delivery Executive,Unskilled,680,17680,8,48,2,1 day/week,Yes,2026
Karnataka,Delivery Executive,Unskilled,690,17940,8,48,2,1 day/week,Yes,2026
Kerala,Delivery Executive,Unskilled,700,18200,8,48,2,1 day/week,Yes,2026
Telangana,Delivery Executive,Unskilled,710,18460,8,48,2,1 day/week,Yes,2026
Maharashtra,Delivery Executive,Unskilled,720,18720,8,48,2,1 day/week,Yes,2026
Andhra Pradesh,Delivery Executive,Unskilled,730,18980,8,48,2,1 day/week,Yes,2026
Gujarat,Delivery Executive,Unskilled,740,19240,8,48,2,1 day/week,Yes,2026
Rajasthan,Delivery Executive,Unskilled,750,19500,8,48,2,1 day/week,Yes,2026
Delhi,Delivery Executive,Unskilled,760,19760,8,48,2,1 day/week,Yes,2026
West Bengal,Delivery Executive,Unskilled,770,20020,8,48,2,1 day/week,Yes,2026
Tamil Nadu,Hospital Attendant,Unskilled,695,18070,8,48,2,1 day/week,Yes,2026
Karnataka,Hospital Attendant,Unskilled,705,18330,8,48,2,1 day/week,Yes,2026
Kerala,Hospital Attendant,Unskilled,715,18590,8,48,2,1 day/week,Yes,2026
Telangana,Hospital Attendant,Unskilled,725,18850,8,48,2,1 day/week,Yes,2026
Maharashtra,Hospital Attendant,Unskilled,735,19110,8,48,2,1 day/week,Yes,2026
Andhra Pradesh,Hospital Attendant,Unskilled,745,19370,8,48,2,1 day/week,Yes,2026
Gujarat,Hospital Attendant,Unskilled,755,19630,8,48,2,1 day/week,Yes,2026
Rajasthan,Hospital Attendant,Unskilled,765,19890,8,48,2,1 day/week,Yes,2026
Delhi,Hospital Attendant,Unskilled,775,20150,8,48,2,1 day/week,Yes,2026
West Bengal,Hospital Attendant,Unskilled,785,20410,8,48,2,1 day/week,Yes,2026
Tamil Nadu,Warehouse Worker,Unskilled,710,18460,8,48,2,1 day/week,Yes,2026
Karnataka,Warehouse Worker,Unskilled,720,18720,8,48,2,1 day/week,Yes,2026
Kerala,Warehouse Worker,Unskilled,730,18980,8,48,2,1 day/week,Yes,2026
Telangana,Warehouse Worker,Unskilled,740,19240,8,48,2,1 day/week,Yes,2026
Maharashtra,Warehouse Worker,Unskilled,750,19500,8,48,2,1 day/week,Yes,2026
Andhra Pradesh,Warehouse Worker,Unskilled,760,19760,8,48,2,1 day/week,Yes,2026
Gujarat,Warehouse Worker,Unskilled,770,20020,8,48,2,1 day/week,Yes,2026
Rajasthan,Warehouse Worker,Unskilled,780,20280,8,48,2,1 day/week,Yes,2026
Delhi,Warehouse Worker,Unskilled,790,20540,8,48,2,1 day/week,Yes,2026
West Bengal,Warehouse Worker,Unskilled,800,20800,8,48,2,1 day/week,Yes,2026
Tamil Nadu,Packer,Unskilled,620,16120,8,48,2,1 day/week,Yes,2026
Karnataka,Packer,Unskilled,630,16380,8,48,2,1 day/week,Yes,2026
Kerala,Packer,Unskilled,640,16640,8,48,2,1 day/week,Yes,2026
Telangana,Packer,Unskilled,650,16900,8,48,2,1 day/week,Yes,2026
Maharashtra,Packer,Unskilled,660,17160,8,48,2,1 day/week,Yes,2026
Andhra Pradesh,Packer,Unskilled,670,17420,8,48,2,1 day/week,Yes,2026
Gujarat,Packer,Unskilled,680,17680,8,48,2,1 day/week,Yes,2026
Rajasthan,Packer,Unskilled,690,17940,8,48,2,1 day/week,Yes,2026
Delhi,Packer,Unskilled,700,18200,8,48,2,1 day/week,Yes,2026
West Bengal,Packer,Unskilled,710,18460,8,48,2,1 day/week,Yes,2026
Tamil Nadu,Gardener,Unskilled,635,16510,8,48,2,1 day/week,Yes,2026
Karnataka,Gardener,Unskilled,645,16770,8,48,2,1 day/week,Yes,2026
Kerala,Gardener,Unskilled,655,17030,8,48,2,1 day/week,Yes,2026
Telangana,Gardener,Unskilled,665,17290,8,48,2,1 day/week,Yes,2026
Maharashtra,Gardener,Unskilled,675,17550,8,48,2,1 day/week,Yes,2026
Andhra Pradesh,Gardener,Unskilled,685,17810,8,48,2,1 day/week,Yes,2026
Gujarat,Gardener,Unskilled,695,18070,8,48,2,1 day/week,Yes,2026
Rajasthan,Gardener,Unskilled,705,18330,8,48,2,1 day/week,Yes,2026
Delhi,Gardener,Unskilled,715,18590,8,48,2,1 day/week,Yes,2026
West Bengal,Gardener,Unskilled,725,18850,8,48,2,1 day/week,Yes,2026
Tamil Nadu,Watchman,Unskilled,650,16900,8,48,2,1 day/week,Yes,2026
Karnataka,Watchman,Unskilled,660,17160,8,48,2,1 day/week,Yes,2026
Kerala,Watchman,Unskilled,670,17420,8,48,2,1 day/week,Yes,2026
Telangana,Watchman,Unskilled,680,17680,8,48,2,1 day/week,Yes,2026
Maharashtra,Watchman,Unskilled,690,17940,8,48,2,1 day/week,Yes,2026
Andhra Pradesh,Watchman,Unskilled,700,18200,8,48,2,1 day/week,Yes,2026
Gujarat,Watchman,Unskilled,710,18460,8,48,2,1 day/week,Yes,2026
Rajasthan,Watchman,Unskilled,720,18720,8,48,2,1 day/week,Yes,2026
Delhi,Watchman,Unskilled,730,18980,8,48,2,1 day/week,Yes,2026
West Bengal,Watchman,Unskilled,740,19240,8,48,2,1 day/week,Yes,2026
Tamil Nadu,Mechanic,Unskilled,665,17290,8,48,2,1 day/week,Yes,2026
Karnataka,Mechanic,Unskilled,675,17550,8,48,2,1 day/week,Yes,2026
Kerala,Mechanic,Unskilled,685,17810,8,48,2,1 day/week,Yes,2026
Telangana,Mechanic,Unskilled,695,18070,8,48,2,1 day/week,Yes,2026
Maharashtra,Mechanic,Unskilled,705,18330,8,48,2,1 day/week,Yes,2026
Andhra Pradesh,Mechanic,Unskilled,715,18590,8,48,2,1 day/week,Yes,2026
Gujarat,Mechanic,Unskilled,725,18850,8,48,2,1 day/week,Yes,2026
Rajasthan,Mechanic,Unskilled,735,19110,8,48,2,1 day/week,Yes,2026
Delhi,Mechanic,Unskilled,745,19370,8,48,2,1 day/week,Yes,2026
West Bengal,Mechanic,Unskilled,755,19630,8,48,2,1 day/week,Yes,2026
Tamil Nadu,Cashier,Unskilled,680,17680,8,48,2,1 day/week,Yes,2026
Karnataka,Cashier,Unskilled,690,17940,8,48,2,1 day/week,Yes,2026
Kerala,Cashier,Unskilled,700,18200,8,48,2,1 day/week,Yes,2026
Telangana,Cashier,Unskilled,710,18460,8,48,2,1 day/week,Yes,2026
Maharashtra,Cashier,Unskilled,720,18720,8,48,2,1 day/week,Yes,2026
Andhra Pradesh,Cashier,Unskilled,730,18980,8,48,2,1 day/week,Yes,2026
Gujarat,Cashier,Unskilled,740,19240,8,48,2,1 day/week,Yes,2026
Rajasthan,Cashier,Unskilled,750,19500,8,48,2,1 day/week,Yes,2026
Delhi,Cashier,Unskilled,760,19760,8,48,2,1 day/week,Yes,2026
West Bengal,Cashier,Unskilled,770,20020,8,48,2,1 day/week,Yes,2026
Tamil Nadu,Retail Associate,Unskilled,695,18070,8,48,2,1 day/week,Yes,2026
Karnataka,Retail Associate,Unskilled,705,18330,8,48,2,1 day/week,Yes,2026
Kerala,Retail Associate,Unskilled,715,18590,8,48,2,1 day/week,Yes,2026
Telangana,Retail Associate,Unskilled,725,18850,8,48,2,1 day/week,Yes,2026
Maharashtra,Retail Associate,Unskilled,735,19110,8,48,2,1 day/week,Yes,2026
Andhra Pradesh,Retail Associate,Unskilled,745,19370,8,48,2,1 day/week,Yes,2026
Gujarat,Retail Associate,Unskilled,755,19630,8,48,2,1 day/week,Yes,2026
Rajasthan,Retail Associate,Unskilled,765,19890,8,48,2,1 day/week,Yes,2026
Delhi,Retail Associate,Unskilled,775,20150,8,48,2,1 day/week,Yes,2026
West Bengal,Retail Associate,Unskilled,785,20410,8,48,2,1 day/week,Yes,2026
Tamil Nadu,Tailor,Unskilled,710,18460,8,48,2,1 day/week,Yes,2026
Karnataka,Tailor,Unskilled,720,18720,8,48,2,1 day/week,Yes,2026
Kerala,Tailor,Unskilled,730,18980,8,48,2,1 day/week,Yes,2026
Telangana,Tailor,Unskilled,740,19240,8,48,2,1 day/week,Yes,2026
Maharashtra,Tailor,Unskilled,750,19500,8,48,2,1 day/week,Yes,2026
Andhra Pradesh,Tailor,Unskilled,760,19760,8,48,2,1 day/week,Yes,2026
Gujarat,Tailor,Unskilled,770,20020,8,48,2,1 day/week,Yes,2026
Rajasthan,Tailor,Unskilled,780,20280,8,48,2,1 day/week,Yes,2026
Delhi,Tailor,Unskilled,790,20540,8,48,2,1 day/week,Yes,2026
West Bengal,Tailor,Unskilled,800,20800,8,48,2,1 day/week,Yes,2026
Tamil Nadu,Loader,Unskilled,620,16120,8,48,2,1 day/week,Yes,2026
Karnataka,Loader,Unskilled,630,16380,8,48,2,1 day/week,Yes,2026
Kerala,Loader,Unskilled,640,16640,8,48,2,1 day/week,Yes,2026
Telangana,Loader,Unskilled,650,16900,8,48,2,1 day/week,Yes,2026
Maharashtra,Loader,Unskilled,660,17160,8,48,2,1 day/week,Yes,2026
Andhra Pradesh,Loader,Unskilled,670,17420,8,48,2,1 day/week,Yes,2026
Gujarat,Loader,Unskilled,680,17680,8,48,2,1 day/week,Yes,2026
Rajasthan,Loader,Unskilled,690,17940,8,48,2,1 day/week,Yes,2026
Delhi,Loader,Unskilled,700,18200,8,48,2,1 day/week,Yes,2026
West Bengal,Loader,Unskilled,710,18460,8,48,2,1 day/week,Yes,2026
Tamil Nadu,Technician,Unskilled,635,16510,8,48,2,1 day/week,Yes,2026
Karnataka,Technician,Unskilled,645,16770,8,48,2,1 day/week,Yes,2026
Kerala,Technician,Unskilled,655,17030,8,48,2,1 day/week,Yes,2026
Telangana,Technician,Unskilled,665,17290,8,48,2,1 day/week,Yes,2026
Maharashtra,Technician,Unskilled,675,17550,8,48,2,1 day/week,Yes,2026
Andhra Pradesh,Technician,Unskilled,685,17810,8,48,2,1 day/week,Yes,2026
Gujarat,Technician,Unskilled,695,18070,8,48,2,1 day/week,Yes,2026
Rajasthan,Technician,Unskilled,705,18330,8,48,2,1 day/week,Yes,2026
Delhi,Technician,Unskilled,715,18590,8,48,2,1 day/week,Yes,2026
West Bengal,Technician,Unskilled,725,18850,8,48,2,1 day/week,Yes,2026
Tamil Nadu,Fitter,Unskilled,650,16900,8,48,2,1 day/week,Yes,2026
Karnataka,Fitter,Unskilled,660,17160,8,48,2,1 day/week,Yes,2026
Kerala,Fitter,Unskilled,670,17420,8,48,2,1 day/week,Yes,2026
Telangana,Fitter,Unskilled,680,17680,8,48,2,1 day/week,Yes,2026
Maharashtra,Fitter,Unskilled,690,17940,8,48,2,1 day/week,Yes,2026
Andhra Pradesh,Fitter,Unskilled,700,18200,8,48,2,1 day/week,Yes,2026
Gujarat,Fitter,Unskilled,710,18460,8,48,2,1 day/week,Yes,2026
Rajasthan,Fitter,Unskilled,720,18720,8,48,2,1 day/week,Yes,2026
Delhi,Fitter,Unskilled,730,18980,8,48,2,1 day/week,Yes,2026
West Bengal,Fitter,Unskilled,740,19240,8,48,2,1 day/week,Yes,2026
Tamil Nadu,Assembler,Unskilled,665,17290,8,48,2,1 day/week,Yes,2026
Karnataka,Assembler,Unskilled,675,17550,8,48,2,1 day/week,Yes,2026
Kerala,Assembler,Unskilled,685,17810,8,48,2,1 day/week,Yes,2026
Telangana,Assembler,Unskilled,695,18070,8,48,2,1 day/week,Yes,2026
Maharashtra,Assembler,Unskilled,705,18330,8,48,2,1 day/week,Yes,2026
Andhra Pradesh,Assembler,Unskilled,715,18590,8,48,2,1 day/week,Yes,2026
Gujarat,Assembler,Unskilled,725,18850,8,48,2,1 day/week,Yes,2026
Rajasthan,Assembler,Unskilled,735,19110,8,48,2,1 day/week,Yes,2026
Delhi,Assembler,Unskilled,745,19370,8,48,2,1 day/week,Yes,2026
West Bengal,Assembler,Unskilled,755,19630,8,48,2,1 day/week,Yes,2026
Tamil Nadu,Quality Inspector,Unskilled,680,17680,8,48,2,1 day/week,Yes,2026
Karnataka,Quality Inspector,Unskilled,690,17940,8,48,2,1 day/week,Yes,2026
Kerala,Quality Inspector,Unskilled,700,18200,8,48,2,1 day/week,Yes,2026
Telangana,Quality Inspector,Unskilled,710,18460,8,48,2,1 day/week,Yes,2026
Maharashtra,Quality Inspector,Unskilled,720,18720,8,48,2,1 day/week,Yes,2026
Andhra Pradesh,Quality Inspector,Unskilled,730,18980,8,48,2,1 day/week,Yes,2026
Gujarat,Quality Inspector,Unskilled,740,19240,8,48,2,1 day/week,Yes,2026
Rajasthan,Quality Inspector,Unskilled,750,19500,8,48,2,1 day/week,Yes,2026
Delhi,Quality Inspector,Unskilled,760,19760,8,48,2,1 day/week,Yes,2026
West Bengal,Quality Inspector,Unskilled,770,20020,8,48,2,1 day/week,Yes,2026
Tamil Nadu,Forklift Operator,Unskilled,695,18070,8,48,2,1 day/week,Yes,2026
Karnataka,Forklift Operator,Unskilled,705,18330,8,48,2,1 day/week,Yes,2026
Kerala,Forklift Operator,Unskilled,715,18590,8,48,2,1 day/week,Yes,2026
Telangana,Forklift Operator,Unskilled,725,18850,8,48,2,1 day/week,Yes,2026
Maharashtra,Forklift Operator,Unskilled,735,19110,8,48,2,1 day/week,Yes,2026
Andhra Pradesh,Forklift Operator,Unskilled,745,19370,8,48,2,1 day/week,Yes,2026
Gujarat,Forklift Operator,Unskilled,755,19630,8,48,2,1 day/week,Yes,2026
Rajasthan,Forklift Operator,Unskilled,765,19890,8,48,2,1 day/week,Yes,2026
Delhi,Forklift Operator,Unskilled,775,20150,8,48,2,1 day/week,Yes,2026
West Bengal,Forklift Operator,Unskilled,785,20410,8,48,2,1 day/week,Yes,2026
Tamil Nadu,Supervisor,Unskilled,710,18460,8,48,2,1 day/week,Yes,2026
Karnataka,Supervisor,Unskilled,720,18720,8,48,2,1 day/week,Yes,2026
Kerala,Supervisor,Unskilled,730,18980,8,48,2,1 day/week,Yes,2026
Telangana,Supervisor,Unskilled,740,19240,8,48,2,1 day/week,Yes,2026
Maharashtra,Supervisor,Unskilled,750,19500,8,48,2,1 day/week,Yes,2026
Andhra Pradesh,Supervisor,Unskilled,760,19760,8,48,2,1 day/week,Yes,2026
Gujarat,Supervisor,Unskilled,770,20020,8,48,2,1 day/week,Yes,2026
Rajasthan,Supervisor,Unskilled,780,20280,8,48,2,1 day/week,Yes,2026
Delhi,Supervisor,Unskilled,790,20540,8,48,2,1 day/week,Yes,2026
West Bengal,Supervisor,Unskilled,800,20800,8,48,2,1 day/week,Yes,2026
Tamil Nadu,Office Boy,Unskilled,620,16120,8,48,2,1 day/week,Yes,2026
Karnataka,Office Boy,Unskilled,630,16380,8,48,2,1 day/week,Yes,2026
Kerala,Office Boy,Unskilled,640,16640,8,48,2,1 day/week,Yes,2026
Telangana,Office Boy,Unskilled,650,16900,8,48,2,1 day/week,Yes,2026
Maharashtra,Office Boy,Unskilled,660,17160,8,48,2,1 day/week,Yes,2026
Andhra Pradesh,Office Boy,Unskilled,670,17420,8,48,2,1 day/week,Yes,2026
Gujarat,Office Boy,Unskilled,680,17680,8,48,2,1 day/week,Yes,2026
Rajasthan,Office Boy,Unskilled,690,17940,8,48,2,1 day/week,Yes,2026
Delhi,Office Boy,Unskilled,700,18200,8,48,2,1 day/week,Yes,2026
West Bengal,Office Boy,Unskilled,710,18460,8,48,2,1 day/week,Yes,2026
Tamil Nadu,Janitor,Unskilled,635,16510,8,48,2,1 day/week,Yes,2026
Karnataka,Janitor,Unskilled,645,16770,8,48,2,1 day/week,Yes,2026
Kerala,Janitor,Unskilled,655,17030,8,48,2,1 day/week,Yes,2026
Telangana,Janitor,Unskilled,665,17290,8,48,2,1 day/week,Yes,2026
Maharashtra,Janitor,Unskilled,675,17550,8,48,2,1 day/week,Yes,2026
Andhra Pradesh,Janitor,Unskilled,685,17810,8,48,2,1 day/week,Yes,2026
Gujarat,Janitor,Unskilled,695,18070,8,48,2,1 day/week,Yes,2026
Rajasthan,Janitor,Unskilled,705,18330,8,48,2,1 day/week,Yes,2026
Delhi,Janitor,Unskilled,715,18590,8,48,2,1 day/week,Yes,2026
West Bengal,Janitor,Unskilled,725,18850,8,48,2,1 day/week,Yes,2026
Tamil Nadu,Lab Assistant,Unskilled,650,16900,8,48,2,1 day/week,Yes,2026
Karnataka,Lab Assistant,Unskilled,660,17160,8,48,2,1 day/week,Yes,2026
Kerala,Lab Assistant,Unskilled,670,17420,8,48,2,1 day/week,Yes,2026
Telangana,Lab Assistant,Unskilled,680,17680,8,48,2,1 day/week,Yes,2026
Maharashtra,Lab Assistant,Unskilled,690,17940,8,48,2,1 day/week,Yes,2026
Andhra Pradesh,Lab Assistant,Unskilled,700,18200,8,48,2,1 day/week,Yes,2026
Gujarat,Lab Assistant,Unskilled,710,18460,8,48,2,1 day/week,Yes,2026
Rajasthan,Lab Assistant,Unskilled,720,18720,8,48,2,1 day/week,Yes,2026
Delhi,Lab Assistant,Unskilled,730,18980,8,48,2,1 day/week,Yes,2026
West Bengal,Lab Assistant,Unskilled,740,19240,8,48,2,1 day/week,Yes,2026
Tamil Nadu,Nurse Assistant,Unskilled,665,17290,8,48,2,1 day/week,Yes,2026
Karnataka,Nurse Assistant,Unskilled,675,17550,8,48,2,1 day/week,Yes,2026
Kerala,Nurse Assistant,Unskilled,685,17810,8,48,2,1 day/week,Yes,2026
Telangana,Nurse Assistant,Unskilled,695,18070,8,48,2,1 day/week,Yes,2026
Maharashtra,Nurse Assistant,Unskilled,705,18330,8,48,2,1 day/week,Yes,2026
Andhra Pradesh,Nurse Assistant,Unskilled,715,18590,8,48,2,1 day/week,Yes,2026
Gujarat,Nurse Assistant,Unskilled,725,18850,8,48,2,1 day/week,Yes,2026
Rajasthan,Nurse Assistant,Unskilled,735,19110,8,48,2,1 day/week,Yes,2026
Delhi,Nurse Assistant,Unskilled,745,19370,8,48,2,1 day/week,Yes,2026
West Bengal,Nurse Assistant,Unskilled,755,19630,8,48,2,1 day/week,Yes,2026
Tamil Nadu,Caregiver,Unskilled,680,17680,8,48,2,1 day/week,Yes,2026
Karnataka,Caregiver,Unskilled,690,17940,8,48,2,1 day/week,Yes,2026
Kerala,Caregiver,Unskilled,700,18200,8,48,2,1 day/week,Yes,2026
Telangana,Caregiver,Unskilled,710,18460,8,48,2,1 day/week,Yes,2026
Maharashtra,Caregiver,Unskilled,720,18720,8,48,2,1 day/week,Yes,2026
Andhra Pradesh,Caregiver,Unskilled,730,18980,8,48,2,1 day/week,Yes,2026
Gujarat,Caregiver,Unskilled,740,19240,8,48,2,1 day/week,Yes,2026
Rajasthan,Caregiver,Unskilled,750,19500,8,48,2,1 day/week,Yes,2026
Delhi,Caregiver,Unskilled,760,19760,8,48,2,1 day/week,Yes,2026
West Bengal,Caregiver,Unskilled,770,20020,8,48,2,1 day/week,Yes,2026
Tamil Nadu,Farm Worker,Unskilled,695,18070,8,48,2,1 day/week,Yes,2026
Karnataka,Farm Worker,Unskilled,705,18330,8,48,2,1 day/week,Yes,2026
Kerala,Farm Worker,Unskilled,715,18590,8,48,2,1 day/week,Yes,2026
Telangana,Farm Worker,Unskilled,725,18850,8,48,2,1 day/week,Yes,2026
Maharashtra,Farm Worker,Unskilled,735,19110,8,48,2,1 day/week,Yes,2026
Andhra Pradesh,Farm Worker,Unskilled,745,19370,8,48,2,1 day/week,Yes,2026
Gujarat,Farm Worker,Unskilled,755,19630,8,48,2,1 day/week,Yes,2026
Rajasthan,Farm Worker,Unskilled,765,19890,8,48,2,1 day/week,Yes,2026
Delhi,Farm Worker,Unskilled,775,20150,8,48,2,1 day/week,Yes,2026
West Bengal,Farm Worker,Unskilled,785,20410,8,48,2,1 day/week,Yes,2026
Tamil Nadu,Textile Worker,Unskilled,710,18460,8,48,2,1 day/week,Yes,2026
Karnataka,Textile Worker,Unskilled,720,18720,8,48,2,1 day/week,Yes,2026
Kerala,Textile Worker,Unskilled,730,18980,8,48,2,1 day/week,Yes,2026
Telangana,Textile Worker,Unskilled,740,19240,8,48,2,1 day/week,Yes,2026
Maharashtra,Textile Worker,Unskilled,750,19500,8,48,2,1 day/week,Yes,2026
Andhra Pradesh,Textile Worker,Unskilled,760,19760,8,48,2,1 day/week,Yes,2026
Gujarat,Textile Worker,Unskilled,770,20020,8,48,2,1 day/week,Yes,2026
Rajasthan,Textile Worker,Unskilled,780,20280,8,48,2,1 day/week,Yes,2026
Delhi,Textile Worker,Unskilled,790,20540,8,48,2,1 day/week,Yes,2026
West Bengal,Textile Worker,Unskilled,800,20800,8,48,2,1 day/week,Yes,2026
Tamil Nadu,Food Processing Worker,Unskilled,620,16120,8,48,2,1 day/week,Yes,2026
Karnataka,Food Processing Worker,Unskilled,630,16380,8,48,2,1 day/week,Yes,2026
Kerala,Food Processing Worker,Unskilled,640,16640,8,48,2,1 day/week,Yes,2026
Telangana,Food Processing Worker,Unskilled,650,16900,8,48,2,1 day/week,Yes,2026
Maharashtra,Food Processing Worker,Unskilled,660,17160,8,48,2,1 day/week,Yes,2026
Andhra Pradesh,Food Processing Worker,Unskilled,670,17420,8,48,2,1 day/week,Yes,2026
Gujarat,Food Processing Worker,Unskilled,680,17680,8,48,2,1 day/week,Yes,2026
Rajasthan,Food Processing Worker,Unskilled,690,17940,8,48,2,1 day/week,Yes,2026
Delhi,Food Processing Worker,Unskilled,700,18200,8,48,2,1 day/week,Yes,2026
West Bengal,Food Processing Worker,Unskilled,710,18460,8,48,2,1 day/week,Yes,2026
Tamil Nadu,Hotel Staff,Unskilled,635,16510,8,48,2,1 day/week,Yes,2026
Karnataka,Hotel Staff,Unskilled,645,16770,8,48,2,1 day/week,Yes,2026
Kerala,Hotel Staff,Unskilled,655,17030,8,48,2,1 day/week,Yes,2026
Telangana,Hotel Staff,Unskilled,665,17290,8,48,2,1 day/week,Yes,2026
Maharashtra,Hotel Staff,Unskilled,675,17550,8,48,2,1 day/week,Yes,2026
Andhra Pradesh,Hotel Staff,Unskilled,685,17810,8,48,2,1 day/week,Yes,2026
Gujarat,Hotel Staff,Unskilled,695,18070,8,48,2,1 day/week,Yes,2026
Rajasthan,Hotel Staff,Unskilled,705,18330,8,48,2,1 day/week,Yes,2026
Delhi,Hotel Staff,Unskilled,715,18590,8,48,2,1 day/week,Yes,2026
West Bengal,Hotel Staff,Unskilled,725,18850,8,48,2,1 day/week,Yes,2026
Tamil Nadu,Kitchen Helper,Unskilled,650,16900,8,48,2,1 day/week,Yes,2026
Karnataka,Kitchen Helper,Unskilled,660,17160,8,48,2,1 day/week,Yes,2026
Kerala,Kitchen Helper,Unskilled,670,17420,8,48,2,1 day/week,Yes,2026
Telangana,Kitchen Helper,Unskilled,680,17680,8,48,2,1 day/week,Yes,2026
Maharashtra,Kitchen Helper,Unskilled,690,17940,8,48,2,1 day/week,Yes,2026
Andhra Pradesh,Kitchen Helper,Unskilled,700,18200,8,48,2,1 day/week,Yes,2026
Gujarat,Kitchen Helper,Unskilled,710,18460,8,48,2,1 day/week,Yes,2026
Rajasthan,Kitchen Helper,Unskilled,720,18720,8,48,2,1 day/week,Yes,2026
Delhi,Kitchen Helper,Unskilled,730,18980,8,48,2,1 day/week,Yes,2026
West Bengal,Kitchen Helper,Unskilled,740,19240,8,48,2,1 day/week,Yes,2026
Tamil Nadu,Security Supervisor,Unskilled,665,17290,8,48,2,1 day/week,Yes,2026
Karnataka,Security Supervisor,Unskilled,675,17550,8,48,2,1 day/week,Yes,2026
Kerala,Security Supervisor,Unskilled,685,17810,8,48,2,1 day/week,Yes,2026
Telangana,Security Supervisor,Unskilled,695,18070,8,48,2,1 day/week,Yes,2026
Maharashtra,Security Supervisor,Unskilled,705,18330,8,48,2,1 day/week,Yes,2026
Andhra Pradesh,Security Supervisor,Unskilled,715,18590,8,48,2,1 day/week,Yes,2026
Gujarat,Security Supervisor,Unskilled,725,18850,8,48,2,1 day/week,Yes,2026
Rajasthan,Security Supervisor,Unskilled,735,19110,8,48,2,1 day/week,Yes,2026
Delhi,Security Supervisor,Unskilled,745,19370,8,48,2,1 day/week,Yes,2026
West Bengal,Security Supervisor,Unskilled,755,19630,8,48,2,1 day/week,Yes,2026
Tamil Nadu,Field Executive,Unskilled,680,17680,8,48,2,1 day/week,Yes,2026
Karnataka,Field Executive,Unskilled,690,17940,8,48,2,1 day/week,Yes,2026
Kerala,Field Executive,Unskilled,700,18200,8,48,2,1 day/week,Yes,2026
Telangana,Field Executive,Unskilled,710,18460,8,48,2,1 day/week,Yes,2026
Maharashtra,Field Executive,Unskilled,720,18720,8,48,2,1 day/week,Yes,2026
Andhra Pradesh,Field Executive,Unskilled,730,18980,8,48,2,1 day/week,Yes,2026
Gujarat,Field Executive,Unskilled,740,19240,8,48,2,1 day/week,Yes,2026
Rajasthan,Field Executive,Unskilled,750,19500,8,48,2,1 day/week,Yes,2026
Delhi,Field Executive,Unskilled,760,19760,8,48,2,1 day/week,Yes,2026
West Bengal,Field Executive,Unskilled,770,20020,8,48,2,1 day/week,Yes,2026
Tamil Nadu,Sales Assistant,Unskilled,695,18070,8,48,2,1 day/week,Yes,2026
Karnataka,Sales Assistant,Unskilled,705,18330,8,48,2,1 day/week,Yes,2026
Kerala,Sales Assistant,Unskilled,715,18590,8,48,2,1 day/week,Yes,2026
Telangana,Sales Assistant,Unskilled,725,18850,8,48,2,1 day/week,Yes,2026
Maharashtra,Sales Assistant,Unskilled,735,19110,8,48,2,1 day/week,Yes,2026
Andhra Pradesh,Sales Assistant,Unskilled,745,19370,8,48,2,1 day/week,Yes,2026
Gujarat,Sales Assistant,Unskilled,755,19630,8,48,2,1 day/week,Yes,2026
Rajasthan,Sales Assistant,Unskilled,765,19890,8,48,2,1 day/week,Yes,2026
Delhi,Sales Assistant,Unskilled,775,20150,8,48,2,1 day/week,Yes,2026
West Bengal,Sales Assistant,Unskilled,785,20410,8,48,2,1 day/week,Yes,2026
Tamil Nadu,Packaging Operator,Unskilled,710,18460,8,48,2,1 day/week,Yes,2026
Karnataka,Packaging Operator,Unskilled,720,18720,8,48,2,1 day/week,Yes,2026
Kerala,Packaging Operator,Unskilled,730,18980,8,48,2,1 day/week,Yes,2026
Telangana,Packaging Operator,Unskilled,740,19240,8,48,2,1 day/week,Yes,2026
Maharashtra,Packaging Operator,Unskilled,750,19500,8,48,2,1 day/week,Yes,2026
Andhra Pradesh,Packaging Operator,Unskilled,760,19760,8,48,2,1 day/week,Yes,2026
Gujarat,Packaging Operator,Unskilled,770,20020,8,48,2,1 day/week,Yes,2026
Rajasthan,Packaging Operator,Unskilled,780,20280,8,48,2,1 day/week,Yes,2026
Delhi,Packaging Operator,Unskilled,790,20540,8,48,2,1 day/week,Yes,2026
West Bengal,Packaging Operator,Unskilled,800,20800,8,48,2,1 day/week,Yes,2026
Tamil Nadu,Store Keeper,Unskilled,620,16120,8,48,2,1 day/week,Yes,2026
Karnataka,Store Keeper,Unskilled,630,16380,8,48,2,1 day/week,Yes,2026
Kerala,Store Keeper,Unskilled,640,16640,8,48,2,1 day/week,Yes,2026
Telangana,Store Keeper,Unskilled,650,16900,8,48,2,1 day/week,Yes,2026
Maharashtra,Store Keeper,Unskilled,660,17160,8,48,2,1 day/week,Yes,2026
Andhra Pradesh,Store Keeper,Unskilled,670,17420,8,48,2,1 day/week,Yes,2026
Gujarat,Store Keeper,Unskilled,680,17680,8,48,2,1 day/week,Yes,2026
Rajasthan,Store Keeper,Unskilled,690,17940,8,48,2,1 day/week,Yes,2026
Delhi,Store Keeper,Unskilled,700,18200,8,48,2,1 day/week,Yes,2026
West Bengal,Store Keeper,Unskilled,710,18460,8,48,2,1 day/week,Yes,2026
Tamil Nadu,Security Guard,Semi-skilled,720,18720,8,48,2,1 day/week,Yes,2026
Karnataka,Security Guard,Semi-skilled,730,18980,8,48,2,1 day/week,Yes,2026
Kerala,Security Guard,Semi-skilled,740,19240,8,48,2,1 day/week,Yes,2026
Telangana,Security Guard,Semi-skilled,750,19500,8,48,2,1 day/week,Yes,2026
Maharashtra,Security Guard,Semi-skilled,760,19760,8,48,2,1 day/week,Yes,2026
Andhra Pradesh,Security Guard,Semi-skilled,770,20020,8,48,2,1 day/week,Yes,2026
Gujarat,Security Guard,Semi-skilled,780,20280,8,48,2,1 day/week,Yes,2026
Rajasthan,Security Guard,Semi-skilled,790,20540,8,48,2,1 day/week,Yes,2026
Delhi,Security Guard,Semi-skilled,800,20800,8,48,2,1 day/week,Yes,2026
West Bengal,Security Guard,Semi-skilled,810,21060,8,48,2,1 day/week,Yes,2026
Tamil Nadu,Housekeeping,Semi-skilled,735,19110,8,48,2,1 day/week,Yes,2026
Karnataka,Housekeeping,Semi-skilled,745,19370,8,48,2,1 day/week,Yes,2026
Kerala,Housekeeping,Semi-skilled,755,19630,8,48,2,1 day/week,Yes,2026
Telangana,Housekeeping,Semi-skilled,765,19890,8,48,2,1 day/week,Yes,2026
Maharashtra,Housekeeping,Semi-skilled,775,20150,8,48,2,1 day/week,Yes,2026
Andhra Pradesh,Housekeeping,Semi-skilled,785,20410,8,48,2,1 day/week,Yes,2026
Gujarat,Housekeeping,Semi-skilled,795,20670,8,48,2,1 day/week,Yes,2026
Rajasthan,Housekeeping,Semi-skilled,805,20930,8,48,2,1 day/week,Yes,2026
Delhi,Housekeeping,Semi-skilled,815,21190,8,48,2,1 day/week,Yes,2026
West Bengal,Housekeeping,Semi-skilled,825,21450,8,48,2,1 day/week,Yes,2026
Tamil Nadu,Cleaner,Semi-skilled,750,19500,8,48,2,1 day/week,Yes,2026
Karnataka,Cleaner,Semi-skilled,760,19760,8,48,2,1 day/week,Yes,2026
Kerala,Cleaner,Semi-skilled,770,20020,8,48,2,1 day/week,Yes,2026
Telangana,Cleaner,Semi-skilled,780,20280,8,48,2,1 day/week,Yes,2026
Maharashtra,Cleaner,Semi-skilled,790,20540,8,48,2,1 day/week,Yes,2026
Andhra Pradesh,Cleaner,Semi-skilled,800,20800,8,48,2,1 day/week,Yes,2026
Gujarat,Cleaner,Semi-skilled,810,21060,8,48,2,1 day/week,Yes,2026
Rajasthan,Cleaner,Semi-skilled,820,21320,8,48,2,1 day/week,Yes,2026
Delhi,Cleaner,Semi-skilled,830,21580,8,48,2,1 day/week,Yes,2026
West Bengal,Cleaner,Semi-skilled,840,21840,8,48,2,1 day/week,Yes,2026
Tamil Nadu,Factory Worker,Semi-skilled,765,19890,8,48,2,1 day/week,Yes,2026
Karnataka,Factory Worker,Semi-skilled,775,20150,8,48,2,1 day/week,Yes,2026
Kerala,Factory Worker,Semi-skilled,785,20410,8,48,2,1 day/week,Yes,2026
Telangana,Factory Worker,Semi-skilled,795,20670,8,48,2,1 day/week,Yes,2026
Maharashtra,Factory Worker,Semi-skilled,805,20930,8,48,2,1 day/week,Yes,2026
Andhra Pradesh,Factory Worker,Semi-skilled,815,21190,8,48,2,1 day/week,Yes,2026
Gujarat,Factory Worker,Semi-skilled,825,21450,8,48,2,1 day/week,Yes,2026
Rajasthan,Factory Worker,Semi-skilled,835,21710,8,48,2,1 day/week,Yes,2026
Delhi,Factory Worker,Semi-skilled,845,21970,8,48,2,1 day/week,Yes,2026
West Bengal,Factory Worker,Semi-skilled,855,22230,8,48,2,1 day/week,Yes,2026
Tamil Nadu,Electrician,Semi-skilled,780,20280,8,48,2,1 day/week,Yes,2026
Karnataka,Electrician,Semi-skilled,790,20540,8,48,2,1 day/week,Yes,2026
Kerala,Electrician,Semi-skilled,800,20800,8,48,2,1 day/week,Yes,2026
Telangana,Electrician,Semi-skilled,810,21060,8,48,2,1 day/week,Yes,2026
Maharashtra,Electrician,Semi-skilled,820,21320,8,48,2,1 day/week,Yes,2026
Andhra Pradesh,Electrician,Semi-skilled,830,21580,8,48,2,1 day/week,Yes,2026
Gujarat,Electrician,Semi-skilled,840,21840,8,48,2,1 day/week,Yes,2026
Rajasthan,Electrician,Semi-skilled,850,22100,8,48,2,1 day/week,Yes,2026
Delhi,Electrician,Semi-skilled,860,22360,8,48,2,1 day/week,Yes,2026
West Bengal,Electrician,Semi-skilled,870,22620,8,48,2,1 day/week,Yes,2026
Tamil Nadu,Plumber,Semi-skilled,795,20670,8,48,2,1 day/week,Yes,2026
Karnataka,Plumber,Semi-skilled,805,20930,8,48,2,1 day/week,Yes,2026
Kerala,Plumber,Semi-skilled,815,21190,8,48,2,1 day/week,Yes,2026
Telangana,Plumber,Semi-skilled,825,21450,8,48,2,1 day/week,Yes,2026
Maharashtra,Plumber,Semi-skilled,835,21710,8,48,2,1 day/week,Yes,2026
Andhra Pradesh,Plumber,Semi-skilled,845,21970,8,48,2,1 day/week,Yes,2026
Gujarat,Plumber,Semi-skilled,855,22230,8,48,2,1 day/week,Yes,2026
Rajasthan,Plumber,Semi-skilled,865,22490,8,48,2,1 day/week,Yes,2026
Delhi,Plumber,Semi-skilled,875,22750,8,48,2,1 day/week,Yes,2026
West Bengal,Plumber,Semi-skilled,885,23010,8,48,2,1 day/week,Yes,2026
Tamil Nadu,Carpenter,Semi-skilled,810,21060,8,48,2,1 day/week,Yes,2026
Karnataka,Carpenter,Semi-skilled,820,21320,8,48,2,1 day/week,Yes,2026
Kerala,Carpenter,Semi-skilled,830,21580,8,48,2,1 day/week,Yes,2026
Telangana,Carpenter,Semi-skilled,840,21840,8,48,2,1 day/week,Yes,2026
Maharashtra,Carpenter,Semi-skilled,850,22100,8,48,2,1 day/week,Yes,2026
Andhra Pradesh,Carpenter,Semi-skilled,860,22360,8,48,2,1 day/week,Yes,2026
Gujarat,Carpenter,Semi-skilled,870,22620,8,48,2,1 day/week,Yes,2026
Rajasthan,Carpenter,Semi-skilled,880,22880,8,48,2,1 day/week,Yes,2026
Delhi,Carpenter,Semi-skilled,890,23140,8,48,2,1 day/week,Yes,2026
West Bengal,Carpenter,Semi-skilled,900,23400,8,48,2,1 day/week,Yes,2026
Tamil Nadu,Welder,Semi-skilled,720,18720,8,48,2,1 day/week,Yes,2026
Karnataka,Welder,Semi-skilled,730,18980,8,48,2,1 day/week,Yes,2026
Kerala,Welder,Semi-skilled,740,19240,8,48,2,1 day/week,Yes,2026
Telangana,Welder,Semi-skilled,750,19500,8,48,2,1 day/week,Yes,2026
Maharashtra,Welder,Semi-skilled,760,19760,8,48,2,1 day/week,Yes,2026
Andhra Pradesh,Welder,Semi-skilled,770,20020,8,48,2,1 day/week,Yes,2026
Gujarat,Welder,Semi-skilled,780,20280,8,48,2,1 day/week,Yes,2026
Rajasthan,Welder,Semi-skilled,790,20540,8,48,2,1 day/week,Yes,2026
Delhi,Welder,Semi-skilled,800,20800,8,48,2,1 day/week,Yes,2026
West Bengal,Welder,Semi-skilled,810,21060,8,48,2,1 day/week,Yes,2026
Tamil Nadu,Driver,Semi-skilled,735,19110,8,48,2,1 day/week,Yes,2026
Karnataka,Driver,Semi-skilled,745,19370,8,48,2,1 day/week,Yes,2026
Kerala,Driver,Semi-skilled,755,19630,8,48,2,1 day/week,Yes,2026
Telangana,Driver,Semi-skilled,765,19890,8,48,2,1 day/week,Yes,2026
Maharashtra,Driver,Semi-skilled,775,20150,8,48,2,1 day/week,Yes,2026
Andhra Pradesh,Driver,Semi-skilled,785,20410,8,48,2,1 day/week,Yes,2026
Gujarat,Driver,Semi-skilled,795,20670,8,48,2,1 day/week,Yes,2026
Rajasthan,Driver,Semi-skilled,805,20930,8,48,2,1 day/week,Yes,2026
Delhi,Driver,Semi-skilled,815,21190,8,48,2,1 day/week,Yes,2026
West Bengal,Driver,Semi-skilled,825,21450,8,48,2,1 day/week,Yes,2026
Tamil Nadu,Office Assistant,Semi-skilled,750,19500,8,48,2,1 day/week,Yes,2026
Karnataka,Office Assistant,Semi-skilled,760,19760,8,48,2,1 day/week,Yes,2026
Kerala,Office Assistant,Semi-skilled,770,20020,8,48,2,1 day/week,Yes,2026
Telangana,Office Assistant,Semi-skilled,780,20280,8,48,2,1 day/week,Yes,2026
Maharashtra,Office Assistant,Semi-skilled,790,20540,8,48,2,1 day/week,Yes,2026
Andhra Pradesh,Office Assistant,Semi-skilled,800,20800,8,48,2,1 day/week,Yes,2026
Gujarat,Office Assistant,Semi-skilled,810,21060,8,48,2,1 day/week,Yes,2026
Rajasthan,Office Assistant,Semi-skilled,820,21320,8,48,2,1 day/week,Yes,2026
Delhi,Office Assistant,Semi-skilled,830,21580,8,48,2,1 day/week,Yes,2026
West Bengal,Office Assistant,Semi-skilled,840,21840,8,48,2,1 day/week,Yes,2026
Tamil Nadu,Data Entry Operator,Semi-skilled,765,19890,8,48,2,1 day/week,Yes,2026
Karnataka,Data Entry Operator,Semi-skilled,775,20150,8,48,2,1 day/week,Yes,2026
Kerala,Data Entry Operator,Semi-skilled,785,20410,8,48,2,1 day/week,Yes,2026
Telangana,Data Entry Operator,Semi-skilled,795,20670,8,48,2,1 day/week,Yes,2026
Maharashtra,Data Entry Operator,Semi-skilled,805,20930,8,48,2,1 day/week,Yes,2026
Andhra Pradesh,Data Entry Operator,Semi-skilled,815,21190,8,48,2,1 day/week,Yes,2026
Gujarat,Data Entry Operator,Semi-skilled,825,21450,8,48,2,1 day/week,Yes,2026
Rajasthan,Data Entry Operator,Semi-skilled,835,21710,8,48,2,1 day/week,Yes,2026
Delhi,Data Entry Operator,Semi-skilled,845,21970,8,48,2,1 day/week,Yes,2026
West Bengal,Data Entry Operator,Semi-skilled,855,22230,8,48,2,1 day/week,Yes,2026
Tamil Nadu,Receptionist,Semi-skilled,780,20280,8,48,2,1 day/week,Yes,2026
Karnataka,Receptionist,Semi-skilled,790,20540,8,48,2,1 day/week,Yes,2026
Kerala,Receptionist,Semi-skilled,800,20800,8,48,2,1 day/week,Yes,2026
Telangana,Receptionist,Semi-skilled,810,21060,8,48,2,1 day/week,Yes,2026
Maharashtra,Receptionist,Semi-skilled,820,21320,8,48,2,1 day/week,Yes,2026
Andhra Pradesh,Receptionist,Semi-skilled,830,21580,8,48,2,1 day/week,Yes,2026
Gujarat,Receptionist,Semi-skilled,840,21840,8,48,2,1 day/week,Yes,2026
Rajasthan,Receptionist,Semi-skilled,850,22100,8,48,2,1 day/week,Yes,2026
Delhi,Receptionist,Semi-skilled,860,22360,8,48,2,1 day/week,Yes,2026
West Bengal,Receptionist,Semi-skilled,870,22620,8,48,2,1 day/week,Yes,2026
Tamil Nadu,Cook,Semi-skilled,795,20670,8,48,2,1 day/week,Yes,2026
Karnataka,Cook,Semi-skilled,805,20930,8,48,2,1 day/week,Yes,2026
Kerala,Cook,Semi-skilled,815,21190,8,48,2,1 day/week,Yes,2026
Telangana,Cook,Semi-skilled,825,21450,8,48,2,1 day/week,Yes,2026
Maharashtra,Cook,Semi-skilled,835,21710,8,48,2,1 day/week,Yes,2026
Andhra Pradesh,Cook,Semi-skilled,845,21970,8,48,2,1 day/week,Yes,2026
Gujarat,Cook,Semi-skilled,855,22230,8,48,2,1 day/week,Yes,2026
Rajasthan,Cook,Semi-skilled,865,22490,8,48,2,1 day/week,Yes,2026
Delhi,Cook,Semi-skilled,875,22750,8,48,2,1 day/week,Yes,2026
West Bengal,Cook,Semi-skilled,885,23010,8,48,2,1 day/week,Yes,2026
Tamil Nadu,Construction Labourer,Semi-skilled,810,21060,8,48,2,1 day/week,Yes,2026
Karnataka,Construction Labourer,Semi-skilled,820,21320,8,48,2,1 day/week,Yes,2026
Kerala,Construction Labourer,Semi-skilled,830,21580,8,48,2,1 day/week,Yes,2026
Telangana,Construction Labourer,Semi-skilled,840,21840,8,48,2,1 day/week,Yes,2026
Maharashtra,Construction Labourer,Semi-skilled,850,22100,8,48,2,1 day/week,Yes,2026
Andhra Pradesh,Construction Labourer,Semi-skilled,860,22360,8,48,2,1 day/week,Yes,2026
Gujarat,Construction Labourer,Semi-skilled,870,22620,8,48,2,1 day/week,Yes,2026
Rajasthan,Construction Labourer,Semi-skilled,880,22880,8,48,2,1 day/week,Yes,2026
Delhi,Construction Labourer,Semi-skilled,890,23140,8,48,2,1 day/week,Yes,2026
West Bengal,Construction Labourer,Semi-skilled,900,23400,8,48,2,1 day/week,Yes,2026
Tamil Nadu,Helper,Semi-skilled,720,18720,8,48,2,1 day/week,Yes,2026
Karnataka,Helper,Semi-skilled,730,18980,8,48,2,1 day/week,Yes,2026
Kerala,Helper,Semi-skilled,740,19240,8,48,2,1 day/week,Yes,2026
Telangana,Helper,Semi-skilled,750,19500,8,48,2,1 day/week,Yes,2026
Maharashtra,Helper,Semi-skilled,760,19760,8,48,2,1 day/week,Yes,2026
Andhra Pradesh,Helper,Semi-skilled,770,20020,8,48,2,1 day/week,Yes,2026
Gujarat,Helper,Semi-skilled,780,20280,8,48,2,1 day/week,Yes,2026
Rajasthan,Helper,Semi-skilled,790,20540,8,48,2,1 day/week,Yes,2026
Delhi,Helper,Semi-skilled,800,20800,8,48,2,1 day/week,Yes,2026
West Bengal,Helper,Semi-skilled,810,21060,8,48,2,1 day/week,Yes,2026
Tamil Nadu,Mason,Semi-skilled,735,19110,8,48,2,1 day/week,Yes,2026
Karnataka,Mason,Semi-skilled,745,19370,8,48,2,1 day/week,Yes,2026
Kerala,Mason,Semi-skilled,755,19630,8,48,2,1 day/week,Yes,2026
Telangana,Mason,Semi-skilled,765,19890,8,48,2,1 day/week,Yes,2026
Maharashtra,Mason,Semi-skilled,775,20150,8,48,2,1 day/week,Yes,2026
Andhra Pradesh,Mason,Semi-skilled,785,20410,8,48,2,1 day/week,Yes,2026
Gujarat,Mason,Semi-skilled,795,20670,8,48,2,1 day/week,Yes,2026
Rajasthan,Mason,Semi-skilled,805,20930,8,48,2,1 day/week,Yes,2026
Delhi,Mason,Semi-skilled,815,21190,8,48,2,1 day/week,Yes,2026
West Bengal,Mason,Semi-skilled,825,21450,8,48,2,1 day/week,Yes,2026
Tamil Nadu,Painter,Semi-skilled,750,19500,8,48,2,1 day/week,Yes,2026
Karnataka,Painter,Semi-skilled,760,19760,8,48,2,1 day/week,Yes,2026
Kerala,Painter,Semi-skilled,770,20020,8,48,2,1 day/week,Yes,2026
Telangana,Painter,Semi-skilled,780,20280,8,48,2,1 day/week,Yes,2026
Maharashtra,Painter,Semi-skilled,790,20540,8,48,2,1 day/week,Yes,2026
Andhra Pradesh,Painter,Semi-skilled,800,20800,8,48,2,1 day/week,Yes,2026
Gujarat,Painter,Semi-skilled,810,21060,8,48,2,1 day/week,Yes,2026
Rajasthan,Painter,Semi-skilled,820,21320,8,48,2,1 day/week,Yes,2026
Delhi,Painter,Semi-skilled,830,21580,8,48,2,1 day/week,Yes,2026
West Bengal,Painter,Semi-skilled,840,21840,8,48,2,1 day/week,Yes,2026
Tamil Nadu,Machine Operator,Semi-skilled,765,19890,8,48,2,1 day/week,Yes,2026
Karnataka,Machine Operator,Semi-skilled,775,20150,8,48,2,1 day/week,Yes,2026
Kerala,Machine Operator,Semi-skilled,785,20410,8,48,2,1 day/week,Yes,2026
Telangana,Machine Operator,Semi-skilled,795,20670,8,48,2,1 day/week,Yes,2026
Maharashtra,Machine Operator,Semi-skilled,805,20930,8,48,2,1 day/week,Yes,2026
Andhra Pradesh,Machine Operator,Semi-skilled,815,21190,8,48,2,1 day/week,Yes,2026
Gujarat,Machine Operator,Semi-skilled,825,21450,8,48,2,1 day/week,Yes,2026
Rajasthan,Machine Operator,Semi-skilled,835,21710,8,48,2,1 day/week,Yes,2026
Delhi,Machine Operator,Semi-skilled,845,21970,8,48,2,1 day/week,Yes,2026
West Bengal,Machine Operator,Semi-skilled,855,22230,8,48,2,1 day/week,Yes,2026
Tamil Nadu,Delivery Executive,Semi-skilled,780,20280,8,48,2,1 day/week,Yes,2026
Karnataka,Delivery Executive,Semi-skilled,790,20540,8,48,2,1 day/week,Yes,2026
Kerala,Delivery Executive,Semi-skilled,800,20800,8,48,2,1 day/week,Yes,2026
Telangana,Delivery Executive,Semi-skilled,810,21060,8,48,2,1 day/week,Yes,2026
Maharashtra,Delivery Executive,Semi-skilled,820,21320,8,48,2,1 day/week,Yes,2026
Andhra Pradesh,Delivery Executive,Semi-skilled,830,21580,8,48,2,1 day/week,Yes,2026
Gujarat,Delivery Executive,Semi-skilled,840,21840,8,48,2,1 day/week,Yes,2026
Rajasthan,Delivery Executive,Semi-skilled,850,22100,8,48,2,1 day/week,Yes,2026
Delhi,Delivery Executive,Semi-skilled,860,22360,8,48,2,1 day/week,Yes,2026
West Bengal,Delivery Executive,Semi-skilled,870,22620,8,48,2,1 day/week,Yes,2026
Tamil Nadu,Hospital Attendant,Semi-skilled,795,20670,8,48,2,1 day/week,Yes,2026
Karnataka,Hospital Attendant,Semi-skilled,805,20930,8,48,2,1 day/week,Yes,2026
Kerala,Hospital Attendant,Semi-skilled,815,21190,8,48,2,1 day/week,Yes,2026
Telangana,Hospital Attendant,Semi-skilled,825,21450,8,48,2,1 day/week,Yes,2026
Maharashtra,Hospital Attendant,Semi-skilled,835,21710,8,48,2,1 day/week,Yes,2026
Andhra Pradesh,Hospital Attendant,Semi-skilled,845,21970,8,48,2,1 day/week,Yes,2026
Gujarat,Hospital Attendant,Semi-skilled,855,22230,8,48,2,1 day/week,Yes,2026
Rajasthan,Hospital Attendant,Semi-skilled,865,22490,8,48,2,1 day/week,Yes,2026
Delhi,Hospital Attendant,Semi-skilled,875,22750,8,48,2,1 day/week,Yes,2026
West Bengal,Hospital Attendant,Semi-skilled,885,23010,8,48,2,1 day/week,Yes,2026
Tamil Nadu,Warehouse Worker,Semi-skilled,810,21060,8,48,2,1 day/week,Yes,2026
Karnataka,Warehouse Worker,Semi-skilled,820,21320,8,48,2,1 day/week,Yes,2026
Kerala,Warehouse Worker,Semi-skilled,830,21580,8,48,2,1 day/week,Yes,2026
Telangana,Warehouse Worker,Semi-skilled,840,21840,8,48,2,1 day/week,Yes,2026
Maharashtra,Warehouse Worker,Semi-skilled,850,22100,8,48,2,1 day/week,Yes,2026
Andhra Pradesh,Warehouse Worker,Semi-skilled,860,22360,8,48,2,1 day/week,Yes,2026
Gujarat,Warehouse Worker,Semi-skilled,870,22620,8,48,2,1 day/week,Yes,2026
Rajasthan,Warehouse Worker,Semi-skilled,880,22880,8,48,2,1 day/week,Yes,2026
Delhi,Warehouse Worker,Semi-skilled,890,23140,8,48,2,1 day/week,Yes,2026
West Bengal,Warehouse Worker,Semi-skilled,900,23400,8,48,2,1 day/week,Yes,2026
Tamil Nadu,Packer,Semi-skilled,720,18720,8,48,2,1 day/week,Yes,2026
Karnataka,Packer,Semi-skilled,730,18980,8,48,2,1 day/week,Yes,2026
Kerala,Packer,Semi-skilled,740,19240,8,48,2,1 day/week,Yes,2026
Telangana,Packer,Semi-skilled,750,19500,8,48,2,1 day/week,Yes,2026
Maharashtra,Packer,Semi-skilled,760,19760,8,48,2,1 day/week,Yes,2026
Andhra Pradesh,Packer,Semi-skilled,770,20020,8,48,2,1 day/week,Yes,2026
Gujarat,Packer,Semi-skilled,780,20280,8,48,2,1 day/week,Yes,2026
Rajasthan,Packer,Semi-skilled,790,20540,8,48,2,1 day/week,Yes,2026
Delhi,Packer,Semi-skilled,800,20800,8,48,2,1 day/week,Yes,2026
West Bengal,Packer,Semi-skilled,810,21060,8,48,2,1 day/week,Yes,2026
Tamil Nadu,Gardener,Semi-skilled,735,19110,8,48,2,1 day/week,Yes,2026
Karnataka,Gardener,Semi-skilled,745,19370,8,48,2,1 day/week,Yes,2026
Kerala,Gardener,Semi-skilled,755,19630,8,48,2,1 day/week,Yes,2026
Telangana,Gardener,Semi-skilled,765,19890,8,48,2,1 day/week,Yes,2026
Maharashtra,Gardener,Semi-skilled,775,20150,8,48,2,1 day/week,Yes,2026
Andhra Pradesh,Gardener,Semi-skilled,785,20410,8,48,2,1 day/week,Yes,2026
Gujarat,Gardener,Semi-skilled,795,20670,8,48,2,1 day/week,Yes,2026
Rajasthan,Gardener,Semi-skilled,805,20930,8,48,2,1 day/week,Yes,2026
Delhi,Gardener,Semi-skilled,815,21190,8,48,2,1 day/week,Yes,2026
West Bengal,Gardener,Semi-skilled,825,21450,8,48,2,1 day/week,Yes,2026
Tamil Nadu,Watchman,Semi-skilled,750,19500,8,48,2,1 day/week,Yes,2026
Karnataka,Watchman,Semi-skilled,760,19760,8,48,2,1 day/week,Yes,2026
Kerala,Watchman,Semi-skilled,770,20020,8,48,2,1 day/week,Yes,2026
Telangana,Watchman,Semi-skilled,780,20280,8,48,2,1 day/week,Yes,2026
Maharashtra,Watchman,Semi-skilled,790,20540,8,48,2,1 day/week,Yes,2026
Andhra Pradesh,Watchman,Semi-skilled,800,20800,8,48,2,1 day/week,Yes,2026
Gujarat,Watchman,Semi-skilled,810,21060,8,48,2,1 day/week,Yes,2026
Rajasthan,Watchman,Semi-skilled,820,21320,8,48,2,1 day/week,Yes,2026
Delhi,Watchman,Semi-skilled,830,21580,8,48,2,1 day/week,Yes,2026
West Bengal,Watchman,Semi-skilled,840,21840,8,48,2,1 day/week,Yes,2026
Tamil Nadu,Mechanic,Semi-skilled,765,19890,8,48,2,1 day/week,Yes,2026
Karnataka,Mechanic,Semi-skilled,775,20150,8,48,2,1 day/week,Yes,2026
Kerala,Mechanic,Semi-skilled,785,20410,8,48,2,1 day/week,Yes,2026
Telangana,Mechanic,Semi-skilled,795,20670,8,48,2,1 day/week,Yes,2026
Maharashtra,Mechanic,Semi-skilled,805,20930,8,48,2,1 day/week,Yes,2026
Andhra Pradesh,Mechanic,Semi-skilled,815,21190,8,48,2,1 day/week,Yes,2026
Gujarat,Mechanic,Semi-skilled,825,21450,8,48,2,1 day/week,Yes,2026
Rajasthan,Mechanic,Semi-skilled,835,21710,8,48,2,1 day/week,Yes,2026
Delhi,Mechanic,Semi-skilled,845,21970,8,48,2,1 day/week,Yes,2026
West Bengal,Mechanic,Semi-skilled,855,22230,8,48,2,1 day/week,Yes,2026
Tamil Nadu,Cashier,Semi-skilled,780,20280,8,48,2,1 day/week,Yes,2026
Karnataka,Cashier,Semi-skilled,790,20540,8,48,2,1 day/week,Yes,2026
Kerala,Cashier,Semi-skilled,800,20800,8,48,2,1 day/week,Yes,2026
Telangana,Cashier,Semi-skilled,810,21060,8,48,2,1 day/week,Yes,2026
Maharashtra,Cashier,Semi-skilled,820,21320,8,48,2,1 day/week,Yes,2026
Andhra Pradesh,Cashier,Semi-skilled,830,21580,8,48,2,1 day/week,Yes,2026
Gujarat,Cashier,Semi-skilled,840,21840,8,48,2,1 day/week,Yes,2026
Rajasthan,Cashier,Semi-skilled,850,22100,8,48,2,1 day/week,Yes,2026
Delhi,Cashier,Semi-skilled,860,22360,8,48,2,1 day/week,Yes,2026
West Bengal,Cashier,Semi-skilled,870,22620,8,48,2,1 day/week,Yes,2026
Tamil Nadu,Retail Associate,Semi-skilled,795,20670,8,48,2,1 day/week,Yes,2026
Karnataka,Retail Associate,Semi-skilled,805,20930,8,48,2,1 day/week,Yes,2026
Kerala,Retail Associate,Semi-skilled,815,21190,8,48,2,1 day/week,Yes,2026
Telangana,Retail Associate,Semi-skilled,825,21450,8,48,2,1 day/week,Yes,2026
Maharashtra,Retail Associate,Semi-skilled,835,21710,8,48,2,1 day/week,Yes,2026
Andhra Pradesh,Retail Associate,Semi-skilled,845,21970,8,48,2,1 day/week,Yes,2026
Gujarat,Retail Associate,Semi-skilled,855,22230,8,48,2,1 day/week,Yes,2026
Rajasthan,Retail Associate,Semi-skilled,865,22490,8,48,2,1 day/week,Yes,2026
Delhi,Retail Associate,Semi-skilled,875,22750,8,48,2,1 day/week,Yes,2026
West Bengal,Retail Associate,Semi-skilled,885,23010,8,48,2,1 day/week,Yes,2026
Tamil Nadu,Tailor,Semi-skilled,810,21060,8,48,2,1 day/week,Yes,2026
Karnataka,Tailor,Semi-skilled,820,21320,8,48,2,1 day/week,Yes,2026
Kerala,Tailor,Semi-skilled,830,21580,8,48,2,1 day/week,Yes,2026
Telangana,Tailor,Semi-skilled,840,21840,8,48,2,1 day/week,Yes,2026
Maharashtra,Tailor,Semi-skilled,850,22100,8,48,2,1 day/week,Yes,2026
Andhra Pradesh,Tailor,Semi-skilled,860,22360,8,48,2,1 day/week,Yes,2026
Gujarat,Tailor,Semi-skilled,870,22620,8,48,2,1 day/week,Yes,2026
Rajasthan,Tailor,Semi-skilled,880,22880,8,48,2,1 day/week,Yes,2026
Delhi,Tailor,Semi-skilled,890,23140,8,48,2,1 day/week,Yes,2026
West Bengal,Tailor,Semi-skilled,900,23400,8,48,2,1 day/week,Yes,2026
Tamil Nadu,Loader,Semi-skilled,720,18720,8,48,2,1 day/week,Yes,2026
Karnataka,Loader,Semi-skilled,730,18980,8,48,2,1 day/week,Yes,2026
Kerala,Loader,Semi-skilled,740,19240,8,48,2,1 day/week,Yes,2026
Telangana,Loader,Semi-skilled,750,19500,8,48,2,1 day/week,Yes,2026
Maharashtra,Loader,Semi-skilled,760,19760,8,48,2,1 day/week,Yes,2026
Andhra Pradesh,Loader,Semi-skilled,770,20020,8,48,2,1 day/week,Yes,2026
Gujarat,Loader,Semi-skilled,780,20280,8,48,2,1 day/week,Yes,2026
Rajasthan,Loader,Semi-skilled,790,20540,8,48,2,1 day/week,Yes,2026
Delhi,Loader,Semi-skilled,800,20800,8,48,2,1 day/week,Yes,2026
West Bengal,Loader,Semi-skilled,810,21060,8,48,2,1 day/week,Yes,2026
Tamil Nadu,Technician,Semi-skilled,735,19110,8,48,2,1 day/week,Yes,2026
Karnataka,Technician,Semi-skilled,745,19370,8,48,2,1 day/week,Yes,2026
Kerala,Technician,Semi-skilled,755,19630,8,48,2,1 day/week,Yes,2026
Telangana,Technician,Semi-skilled,765,19890,8,48,2,1 day/week,Yes,2026
Maharashtra,Technician,Semi-skilled,775,20150,8,48,2,1 day/week,Yes,2026
Andhra Pradesh,Technician,Semi-skilled,785,20410,8,48,2,1 day/week,Yes,2026
Gujarat,Technician,Semi-skilled,795,20670,8,48,2,1 day/week,Yes,2026
Rajasthan,Technician,Semi-skilled,805,20930,8,48,2,1 day/week,Yes,2026
Delhi,Technician,Semi-skilled,815,21190,8,48,2,1 day/week,Yes,2026
West Bengal,Technician,Semi-skilled,825,21450,8,48,2,1 day/week,Yes,2026
Tamil Nadu,Fitter,Semi-skilled,750,19500,8,48,2,1 day/week,Yes,2026
Karnataka,Fitter,Semi-skilled,760,19760,8,48,2,1 day/week,Yes,2026
Kerala,Fitter,Semi-skilled,770,20020,8,48,2,1 day/week,Yes,2026
Telangana,Fitter,Semi-skilled,780,20280,8,48,2,1 day/week,Yes,2026
Maharashtra,Fitter,Semi-skilled,790,20540,8,48,2,1 day/week,Yes,2026
Andhra Pradesh,Fitter,Semi-skilled,800,20800,8,48,2,1 day/week,Yes,2026
Gujarat,Fitter,Semi-skilled,810,21060,8,48,2,1 day/week,Yes,2026
Rajasthan,Fitter,Semi-skilled,820,21320,8,48,2,1 day/week,Yes,2026
Delhi,Fitter,Semi-skilled,830,21580,8,48,2,1 day/week,Yes,2026
West Bengal,Fitter,Semi-skilled,840,21840,8,48,2,1 day/week,Yes,2026
Tamil Nadu,Assembler,Semi-skilled,765,19890,8,48,2,1 day/week,Yes,2026
Karnataka,Assembler,Semi-skilled,775,20150,8,48,2,1 day/week,Yes,2026
Kerala,Assembler,Semi-skilled,785,20410,8,48,2,1 day/week,Yes,2026
Telangana,Assembler,Semi-skilled,795,20670,8,48,2,1 day/week,Yes,2026
Maharashtra,Assembler,Semi-skilled,805,20930,8,48,2,1 day/week,Yes,2026
Andhra Pradesh,Assembler,Semi-skilled,815,21190,8,48,2,1 day/week,Yes,2026
Gujarat,Assembler,Semi-skilled,825,21450,8,48,2,1 day/week,Yes,2026
Rajasthan,Assembler,Semi-skilled,835,21710,8,48,2,1 day/week,Yes,2026
Delhi,Assembler,Semi-skilled,845,21970,8,48,2,1 day/week,Yes,2026
West Bengal,Assembler,Semi-skilled,855,22230,8,48,2,1 day/week,Yes,2026
Tamil Nadu,Quality Inspector,Semi-skilled,780,20280,8,48,2,1 day/week,Yes,2026
Karnataka,Quality Inspector,Semi-skilled,790,20540,8,48,2,1 day/week,Yes,2026
Kerala,Quality Inspector,Semi-skilled,800,20800,8,48,2,1 day/week,Yes,2026
Telangana,Quality Inspector,Semi-skilled,810,21060,8,48,2,1 day/week,Yes,2026
Maharashtra,Quality Inspector,Semi-skilled,820,21320,8,48,2,1 day/week,Yes,2026
Andhra Pradesh,Quality Inspector,Semi-skilled,830,21580,8,48,2,1 day/week,Yes,2026
Gujarat,Quality Inspector,Semi-skilled,840,21840,8,48,2,1 day/week,Yes,2026
Rajasthan,Quality Inspector,Semi-skilled,850,22100,8,48,2,1 day/week,Yes,2026
Delhi,Quality Inspector,Semi-skilled,860,22360,8,48,2,1 day/week,Yes,2026
West Bengal,Quality Inspector,Semi-skilled,870,22620,8,48,2,1 day/week,Yes,2026
Tamil Nadu,Forklift Operator,Semi-skilled,795,20670,8,48,2,1 day/week,Yes,2026
Karnataka,Forklift Operator,Semi-skilled,805,20930,8,48,2,1 day/week,Yes,2026
Kerala,Forklift Operator,Semi-skilled,815,21190,8,48,2,1 day/week,Yes,2026
Telangana,Forklift Operator,Semi-skilled,825,21450,8,48,2,1 day/week,Yes,2026
Maharashtra,Forklift Operator,Semi-skilled,835,21710,8,48,2,1 day/week,Yes,2026
Andhra Pradesh,Forklift Operator,Semi-skilled,845,21970,8,48,2,1 day/week,Yes,2026
Gujarat,Forklift Operator,Semi-skilled,855,22230,8,48,2,1 day/week,Yes,2026
Rajasthan,Forklift Operator,Semi-skilled,865,22490,8,48,2,1 day/week,Yes,2026
Delhi,Forklift Operator,Semi-skilled,875,22750,8,48,2,1 day/week,Yes,2026
West Bengal,Forklift Operator,Semi-skilled,885,23010,8,48,2,1 day/week,Yes,2026
Tamil Nadu,Supervisor,Semi-skilled,810,21060,8,48,2,1 day/week,Yes,2026
Karnataka,Supervisor,Semi-skilled,820,21320,8,48,2,1 day/week,Yes,2026
Kerala,Supervisor,Semi-skilled,830,21580,8,48,2,1 day/week,Yes,2026
Telangana,Supervisor,Semi-skilled,840,21840,8,48,2,1 day/week,Yes,2026
Maharashtra,Supervisor,Semi-skilled,850,22100,8,48,2,1 day/week,Yes,2026
Andhra Pradesh,Supervisor,Semi-skilled,860,22360,8,48,2,1 day/week,Yes,2026
Gujarat,Supervisor,Semi-skilled,870,22620,8,48,2,1 day/week,Yes,2026
Rajasthan,Supervisor,Semi-skilled,880,22880,8,48,2,1 day/week,Yes,2026
Delhi,Supervisor,Semi-skilled,890,23140,8,48,2,1 day/week,Yes,2026
West Bengal,Supervisor,Semi-skilled,900,23400,8,48,2,1 day/week,Yes,2026
Tamil Nadu,Office Boy,Semi-skilled,720,18720,8,48,2,1 day/week,Yes,2026
Karnataka,Office Boy,Semi-skilled,730,18980,8,48,2,1 day/week,Yes,2026
Kerala,Office Boy,Semi-skilled,740,19240,8,48,2,1 day/week,Yes,2026
Telangana,Office Boy,Semi-skilled,750,19500,8,48,2,1 day/week,Yes,2026
Maharashtra,Office Boy,Semi-skilled,760,19760,8,48,2,1 day/week,Yes,2026
Andhra Pradesh,Office Boy,Semi-skilled,770,20020,8,48,2,1 day/week,Yes,2026
Gujarat,Office Boy,Semi-skilled,780,20280,8,48,2,1 day/week,Yes,2026
Rajasthan,Office Boy,Semi-skilled,790,20540,8,48,2,1 day/week,Yes,2026
Delhi,Office Boy,Semi-skilled,800,20800,8,48,2,1 day/week,Yes,2026
West Bengal,Office Boy,Semi-skilled,810,21060,8,48,2,1 day/week,Yes,2026
Tamil Nadu,Janitor,Semi-skilled,735,19110,8,48,2,1 day/week,Yes,2026
Karnataka,Janitor,Semi-skilled,745,19370,8,48,2,1 day/week,Yes,2026
Kerala,Janitor,Semi-skilled,755,19630,8,48,2,1 day/week,Yes,2026
Telangana,Janitor,Semi-skilled,765,19890,8,48,2,1 day/week,Yes,2026
Maharashtra,Janitor,Semi-skilled,775,20150,8,48,2,1 day/week,Yes,2026
Andhra Pradesh,Janitor,Semi-skilled,785,20410,8,48,2,1 day/week,Yes,2026
Gujarat,Janitor,Semi-skilled,795,20670,8,48,2,1 day/week,Yes,2026
Rajasthan,Janitor,Semi-skilled,805,20930,8,48,2,1 day/week,Yes,2026
Delhi,Janitor,Semi-skilled,815,21190,8,48,2,1 day/week,Yes,2026
West Bengal,Janitor,Semi-skilled,825,21450,8,48,2,1 day/week,Yes,2026
Tamil Nadu,Lab Assistant,Semi-skilled,750,19500,8,48,2,1 day/week,Yes,2026
Karnataka,Lab Assistant,Semi-skilled,760,19760,8,48,2,1 day/week,Yes,2026
Kerala,Lab Assistant,Semi-skilled,770,20020,8,48,2,1 day/week,Yes,2026
Telangana,Lab Assistant,Semi-skilled,780,20280,8,48,2,1 day/week,Yes,2026
Maharashtra,Lab Assistant,Semi-skilled,790,20540,8,48,2,1 day/week,Yes,2026
Andhra Pradesh,Lab Assistant,Semi-skilled,800,20800,8,48,2,1 day/week,Yes,2026
Gujarat,Lab Assistant,Semi-skilled,810,21060,8,48,2,1 day/week,Yes,2026
Rajasthan,Lab Assistant,Semi-skilled,820,21320,8,48,2,1 day/week,Yes,2026
Delhi,Lab Assistant,Semi-skilled,830,21580,8,48,2,1 day/week,Yes,2026
West Bengal,Lab Assistant,Semi-skilled,840,21840,8,48,2,1 day/week,Yes,2026
Tamil Nadu,Nurse Assistant,Semi-skilled,765,19890,8,48,2,1 day/week,Yes,2026
Karnataka,Nurse Assistant,Semi-skilled,775,20150,8,48,2,1 day/week,Yes,2026
Kerala,Nurse Assistant,Semi-skilled,785,20410,8,48,2,1 day/week,Yes,2026
Telangana,Nurse Assistant,Semi-skilled,795,20670,8,48,2,1 day/week,Yes,2026
Maharashtra,Nurse Assistant,Semi-skilled,805,20930,8,48,2,1 day/week,Yes,2026
Andhra Pradesh,Nurse Assistant,Semi-skilled,815,21190,8,48,2,1 day/week,Yes,2026
Gujarat,Nurse Assistant,Semi-skilled,825,21450,8,48,2,1 day/week,Yes,2026
Rajasthan,Nurse Assistant,Semi-skilled,835,21710,8,48,2,1 day/week,Yes,2026
Delhi,Nurse Assistant,Semi-skilled,845,21970,8,48,2,1 day/week,Yes,2026
West Bengal,Nurse Assistant,Semi-skilled,855,22230,8,48,2,1 day/week,Yes,2026
Tamil Nadu,Caregiver,Semi-skilled,780,20280,8,48,2,1 day/week,Yes,2026
Karnataka,Caregiver,Semi-skilled,790,20540,8,48,2,1 day/week,Yes,2026
Kerala,Caregiver,Semi-skilled,800,20800,8,48,2,1 day/week,Yes,2026
Telangana,Caregiver,Semi-skilled,810,21060,8,48,2,1 day/week,Yes,2026
Maharashtra,Caregiver,Semi-skilled,820,21320,8,48,2,1 day/week,Yes,2026
Andhra Pradesh,Caregiver,Semi-skilled,830,21580,8,48,2,1 day/week,Yes,2026
Gujarat,Caregiver,Semi-skilled,840,21840,8,48,2,1 day/week,Yes,2026
Rajasthan,Caregiver,Semi-skilled,850,22100,8,48,2,1 day/week,Yes,2026
Delhi,Caregiver,Semi-skilled,860,22360,8,48,2,1 day/week,Yes,2026
West Bengal,Caregiver,Semi-skilled,870,22620,8,48,2,1 day/week,Yes,2026
Tamil Nadu,Farm Worker,Semi-skilled,795,20670,8,48,2,1 day/week,Yes,2026
Karnataka,Farm Worker,Semi-skilled,805,20930,8,48,2,1 day/week,Yes,2026
Kerala,Farm Worker,Semi-skilled,815,21190,8,48,2,1 day/week,Yes,2026
Telangana,Farm Worker,Semi-skilled,825,21450,8,48,2,1 day/week,Yes,2026
Maharashtra,Farm Worker,Semi-skilled,835,21710,8,48,2,1 day/week,Yes,2026
Andhra Pradesh,Farm Worker,Semi-skilled,845,21970,8,48,2,1 day/week,Yes,2026
Gujarat,Farm Worker,Semi-skilled,855,22230,8,48,2,1 day/week,Yes,2026
Rajasthan,Farm Worker,Semi-skilled,865,22490,8,48,2,1 day/week,Yes,2026
Delhi,Farm Worker,Semi-skilled,875,22750,8,48,2,1 day/week,Yes,2026
West Bengal,Farm Worker,Semi-skilled,885,23010,8,48,2,1 day/week,Yes,2026
Tamil Nadu,Textile Worker,Semi-skilled,810,21060,8,48,2,1 day/week,Yes,2026
Karnataka,Textile Worker,Semi-skilled,820,21320,8,48,2,1 day/week,Yes,2026
Kerala,Textile Worker,Semi-skilled,830,21580,8,48,2,1 day/week,Yes,2026
Telangana,Textile Worker,Semi-skilled,840,21840,8,48,2,1 day/week,Yes,2026
Maharashtra,Textile Worker,Semi-skilled,850,22100,8,48,2,1 day/week,Yes,2026
Andhra Pradesh,Textile Worker,Semi-skilled,860,22360,8,48,2,1 day/week,Yes,2026
Gujarat,Textile Worker,Semi-skilled,870,22620,8,48,2,1 day/week,Yes,2026
Rajasthan,Textile Worker,Semi-skilled,880,22880,8,48,2,1 day/week,Yes,2026
Delhi,Textile Worker,Semi-skilled,890,23140,8,48,2,1 day/week,Yes,2026
West Bengal,Textile Worker,Semi-skilled,900,23400,8,48,2,1 day/week,Yes,2026
Tamil Nadu,Food Processing Worker,Semi-skilled,720,18720,8,48,2,1 day/week,Yes,2026
Karnataka,Food Processing Worker,Semi-skilled,730,18980,8,48,2,1 day/week,Yes,2026
Kerala,Food Processing Worker,Semi-skilled,740,19240,8,48,2,1 day/week,Yes,2026
Telangana,Food Processing Worker,Semi-skilled,750,19500,8,48,2,1 day/week,Yes,2026
Maharashtra,Food Processing Worker,Semi-skilled,760,19760,8,48,2,1 day/week,Yes,2026
Andhra Pradesh,Food Processing Worker,Semi-skilled,770,20020,8,48,2,1 day/week,Yes,2026
Gujarat,Food Processing Worker,Semi-skilled,780,20280,8,48,2,1 day/week,Yes,2026
Rajasthan,Food Processing Worker,Semi-skilled,790,20540,8,48,2,1 day/week,Yes,2026
Delhi,Food Processing Worker,Semi-skilled,800,20800,8,48,2,1 day/week,Yes,2026
West Bengal,Food Processing Worker,Semi-skilled,810,21060,8,48,2,1 day/week,Yes,2026
Tamil Nadu,Hotel Staff,Semi-skilled,735,19110,8,48,2,1 day/week,Yes,2026
Karnataka,Hotel Staff,Semi-skilled,745,19370,8,48,2,1 day/week,Yes,2026
Kerala,Hotel Staff,Semi-skilled,755,19630,8,48,2,1 day/week,Yes,2026
Telangana,Hotel Staff,Semi-skilled,765,19890,8,48,2,1 day/week,Yes,2026
Maharashtra,Hotel Staff,Semi-skilled,775,20150,8,48,2,1 day/week,Yes,2026
Andhra Pradesh,Hotel Staff,Semi-skilled,785,20410,8,48,2,1 day/week,Yes,2026
Gujarat,Hotel Staff,Semi-skilled,795,20670,8,48,2,1 day/week,Yes,2026
Rajasthan,Hotel Staff,Semi-skilled,805,20930,8,48,2,1 day/week,Yes,2026
Delhi,Hotel Staff,Semi-skilled,815,21190,8,48,2,1 day/week,Yes,2026
West Bengal,Hotel Staff,Semi-skilled,825,21450,8,48,2,1 day/week,Yes,2026
Tamil Nadu,Kitchen Helper,Semi-skilled,750,19500,8,48,2,1 day/week,Yes,2026
Karnataka,Kitchen Helper,Semi-skilled,760,19760,8,48,2,1 day/week,Yes,2026
Kerala,Kitchen Helper,Semi-skilled,770,20020,8,48,2,1 day/week,Yes,2026
Telangana,Kitchen Helper,Semi-skilled,780,20280,8,48,2,1 day/week,Yes,2026
Maharashtra,Kitchen Helper,Semi-skilled,790,20540,8,48,2,1 day/week,Yes,2026
Andhra Pradesh,Kitchen Helper,Semi-skilled,800,20800,8,48,2,1 day/week,Yes,2026
Gujarat,Kitchen Helper,Semi-skilled,810,21060,8,48,2,1 day/week,Yes,2026
Rajasthan,Kitchen Helper,Semi-skilled,820,21320,8,48,2,1 day/week,Yes,2026
Delhi,Kitchen Helper,Semi-skilled,830,21580,8,48,2,1 day/week,Yes,2026
West Bengal,Kitchen Helper,Semi-skilled,840,21840,8,48,2,1 day/week,Yes,2026
Tamil Nadu,Security Supervisor,Semi-skilled,765,19890,8,48,2,1 day/week,Yes,2026
Karnataka,Security Supervisor,Semi-skilled,775,20150,8,48,2,1 day/week,Yes,2026
Kerala,Security Supervisor,Semi-skilled,785,20410,8,48,2,1 day/week,Yes,2026
Telangana,Security Supervisor,Semi-skilled,795,20670,8,48,2,1 day/week,Yes,2026
Maharashtra,Security Supervisor,Semi-skilled,805,20930,8,48,2,1 day/week,Yes,2026
Andhra Pradesh,Security Supervisor,Semi-skilled,815,21190,8,48,2,1 day/week,Yes,2026
Gujarat,Security Supervisor,Semi-skilled,825,21450,8,48,2,1 day/week,Yes,2026
Rajasthan,Security Supervisor,Semi-skilled,835,21710,8,48,2,1 day/week,Yes,2026
Delhi,Security Supervisor,Semi-skilled,845,21970,8,48,2,1 day/week,Yes,2026
West Bengal,Security Supervisor,Semi-skilled,855,22230,8,48,2,1 day/week,Yes,2026
Tamil Nadu,Field Executive,Semi-skilled,780,20280,8,48,2,1 day/week,Yes,2026
Karnataka,Field Executive,Semi-skilled,790,20540,8,48,2,1 day/week,Yes,2026
Kerala,Field Executive,Semi-skilled,800,20800,8,48,2,1 day/week,Yes,2026
Telangana,Field Executive,Semi-skilled,810,21060,8,48,2,1 day/week,Yes,2026
Maharashtra,Field Executive,Semi-skilled,820,21320,8,48,2,1 day/week,Yes,2026
Andhra Pradesh,Field Executive,Semi-skilled,830,21580,8,48,2,1 day/week,Yes,2026
Gujarat,Field Executive,Semi-skilled,840,21840,8,48,2,1 day/week,Yes,2026
Rajasthan,Field Executive,Semi-skilled,850,22100,8,48,2,1 day/week,Yes,2026
Delhi,Field Executive,Semi-skilled,860,22360,8,48,2,1 day/week,Yes,2026
West Bengal,Field Executive,Semi-skilled,870,22620,8,48,2,1 day/week,Yes,2026
Tamil Nadu,Sales Assistant,Semi-skilled,795,20670,8,48,2,1 day/week,Yes,2026
Karnataka,Sales Assistant,Semi-skilled,805,20930,8,48,2,1 day/week,Yes,2026
Kerala,Sales Assistant,Semi-skilled,815,21190,8,48,2,1 day/week,Yes,2026
Telangana,Sales Assistant,Semi-skilled,825,21450,8,48,2,1 day/week,Yes,2026
Maharashtra,Sales Assistant,Semi-skilled,835,21710,8,48,2,1 day/week,Yes,2026
Andhra Pradesh,Sales Assistant,Semi-skilled,845,21970,8,48,2,1 day/week,Yes,2026
Gujarat,Sales Assistant,Semi-skilled,855,22230,8,48,2,1 day/week,Yes,2026
Rajasthan,Sales Assistant,Semi-skilled,865,22490,8,48,2,1 day/week,Yes,2026
Delhi,Sales Assistant,Semi-skilled,875,22750,8,48,2,1 day/week,Yes,2026
West Bengal,Sales Assistant,Semi-skilled,885,23010,8,48,2,1 day/week,Yes,2026
Tamil Nadu,Packaging Operator,Semi-skilled,810,21060,8,48,2,1 day/week,Yes,2026
Karnataka,Packaging Operator,Semi-skilled,820,21320,8,48,2,1 day/week,Yes,2026
Kerala,Packaging Operator,Semi-skilled,830,21580,8,48,2,1 day/week,Yes,2026
Telangana,Packaging Operator,Semi-skilled,840,21840,8,48,2,1 day/week,Yes,2026
Maharashtra,Packaging Operator,Semi-skilled,850,22100,8,48,2,1 day/week,Yes,2026
Andhra Pradesh,Packaging Operator,Semi-skilled,860,22360,8,48,2,1 day/week,Yes,2026
Gujarat,Packaging Operator,Semi-skilled,870,22620,8,48,2,1 day/week,Yes,2026
Rajasthan,Packaging Operator,Semi-skilled,880,22880,8,48,2,1 day/week,Yes,2026
Delhi,Packaging Operator,Semi-skilled,890,23140,8,48,2,1 day/week,Yes,2026
West Bengal,Packaging Operator,Semi-skilled,900,23400,8,48,2,1 day/week,Yes,2026
Tamil Nadu,Store Keeper,Semi-skilled,720,18720,8,48,2,1 day/week,Yes,2026
Karnataka,Store Keeper,Semi-skilled,730,18980,8,48,2,1 day/week,Yes,2026
Kerala,Store Keeper,Semi-skilled,740,19240,8,48,2,1 day/week,Yes,2026
Telangana,Store Keeper,Semi-skilled,750,19500,8,48,2,1 day/week,Yes,2026
Maharashtra,Store Keeper,Semi-skilled,760,19760,8,48,2,1 day/week,Yes,2026
Andhra Pradesh,Store Keeper,Semi-skilled,770,20020,8,48,2,1 day/week,Yes,2026
Gujarat,Store Keeper,Semi-skilled,780,20280,8,48,2,1 day/week,Yes,2026
Rajasthan,Store Keeper,Semi-skilled,790,20540,8,48,2,1 day/week,Yes,2026
Delhi,Store Keeper,Semi-skilled,800,20800,8,48,2,1 day/week,Yes,2026
West Bengal,Store Keeper,Semi-skilled,810,21060,8,48,2,1 day/week,Yes,2026
Tamil Nadu,Security Guard,Skilled,840,21840,8,48,2,1 day/week,Yes,2026
Karnataka,Security Guard,Skilled,850,22100,8,48,2,1 day/week,Yes,2026
Kerala,Security Guard,Skilled,860,22360,8,48,2,1 day/week,Yes,2026
Telangana,Security Guard,Skilled,870,22620,8,48,2,1 day/week,Yes,2026
Maharashtra,Security Guard,Skilled,880,22880,8,48,2,1 day/week,Yes,2026
Andhra Pradesh,Security Guard,Skilled,890,23140,8,48,2,1 day/week,Yes,2026
Gujarat,Security Guard,Skilled,900,23400,8,48,2,1 day/week,Yes,2026
Rajasthan,Security Guard,Skilled,910,23660,8,48,2,1 day/week,Yes,2026
Delhi,Security Guard,Skilled,920,23920,8,48,2,1 day/week,Yes,2026
West Bengal,Security Guard,Skilled,930,24180,8,48,2,1 day/week,Yes,2026
Tamil Nadu,Housekeeping,Skilled,855,22230,8,48,2,1 day/week,Yes,2026
Karnataka,Housekeeping,Skilled,865,22490,8,48,2,1 day/week,Yes,2026
Kerala,Housekeeping,Skilled,875,22750,8,48,2,1 day/week,Yes,2026
Telangana,Housekeeping,Skilled,885,23010,8,48,2,1 day/week,Yes,2026
Maharashtra,Housekeeping,Skilled,895,23270,8,48,2,1 day/week,Yes,2026
Andhra Pradesh,Housekeeping,Skilled,905,23530,8,48,2,1 day/week,Yes,2026
Gujarat,Housekeeping,Skilled,915,23790,8,48,2,1 day/week,Yes,2026
Rajasthan,Housekeeping,Skilled,925,24050,8,48,2,1 day/week,Yes,2026
Delhi,Housekeeping,Skilled,935,24310,8,48,2,1 day/week,Yes,2026
West Bengal,Housekeeping,Skilled,945,24570,8,48,2,1 day/week,Yes,2026
Tamil Nadu,Cleaner,Skilled,870,22620,8,48,2,1 day/week,Yes,2026
Karnataka,Cleaner,Skilled,880,22880,8,48,2,1 day/week,Yes,2026
Kerala,Cleaner,Skilled,890,23140,8,48,2,1 day/week,Yes,2026
Telangana,Cleaner,Skilled,900,23400,8,48,2,1 day/week,Yes,2026
Maharashtra,Cleaner,Skilled,910,23660,8,48,2,1 day/week,Yes,2026
Andhra Pradesh,Cleaner,Skilled,920,23920,8,48,2,1 day/week,Yes,2026
Gujarat,Cleaner,Skilled,930,24180,8,48,2,1 day/week,Yes,2026
Rajasthan,Cleaner,Skilled,940,24440,8,48,2,1 day/week,Yes,2026
Delhi,Cleaner,Skilled,950,24700,8,48,2,1 day/week,Yes,2026
West Bengal,Cleaner,Skilled,960,24960,8,48,2,1 day/week,Yes,2026
Tamil Nadu,Factory Worker,Skilled,885,23010,8,48,2,1 day/week,Yes,2026
Karnataka,Factory Worker,Skilled,895,23270,8,48,2,1 day/week,Yes,2026
Kerala,Factory Worker,Skilled,905,23530,8,48,2,1 day/week,Yes,2026
Telangana,Factory Worker,Skilled,915,23790,8,48,2,1 day/week,Yes,2026
Maharashtra,Factory Worker,Skilled,925,24050,8,48,2,1 day/week,Yes,2026
Andhra Pradesh,Factory Worker,Skilled,935,24310,8,48,2,1 day/week,Yes,2026
Gujarat,Factory Worker,Skilled,945,24570,8,48,2,1 day/week,Yes,2026
Rajasthan,Factory Worker,Skilled,955,24830,8,48,2,1 day/week,Yes,2026
Delhi,Factory Worker,Skilled,965,25090,8,48,2,1 day/week,Yes,2026
West Bengal,Factory Worker,Skilled,975,25350,8,48,2,1 day/week,Yes,2026
Tamil Nadu,Electrician,Skilled,900,23400,8,48,2,1 day/week,Yes,2026
Karnataka,Electrician,Skilled,910,23660,8,48,2,1 day/week,Yes,2026
Kerala,Electrician,Skilled,920,23920,8,48,2,1 day/week,Yes,2026
Telangana,Electrician,Skilled,930,24180,8,48,2,1 day/week,Yes,2026
Maharashtra,Electrician,Skilled,940,24440,8,48,2,1 day/week,Yes,2026
Andhra Pradesh,Electrician,Skilled,950,24700,8,48,2,1 day/week,Yes,2026
Gujarat,Electrician,Skilled,960,24960,8,48,2,1 day/week,Yes,2026
Rajasthan,Electrician,Skilled,970,25220,8,48,2,1 day/week,Yes,2026
Delhi,Electrician,Skilled,980,25480,8,48,2,1 day/week,Yes,2026
West Bengal,Electrician,Skilled,990,25740,8,48,2,1 day/week,Yes,2026
Tamil Nadu,Plumber,Skilled,915,23790,8,48,2,1 day/week,Yes,2026
Karnataka,Plumber,Skilled,925,24050,8,48,2,1 day/week,Yes,2026
Kerala,Plumber,Skilled,935,24310,8,48,2,1 day/week,Yes,2026
Telangana,Plumber,Skilled,945,24570,8,48,2,1 day/week,Yes,2026
Maharashtra,Plumber,Skilled,955,24830,8,48,2,1 day/week,Yes,2026
Andhra Pradesh,Plumber,Skilled,965,25090,8,48,2,1 day/week,Yes,2026
Gujarat,Plumber,Skilled,975,25350,8,48,2,1 day/week,Yes,2026
Rajasthan,Plumber,Skilled,985,25610,8,48,2,1 day/week,Yes,2026
Delhi,Plumber,Skilled,995,25870,8,48,2,1 day/week,Yes,2026
West Bengal,Plumber,Skilled,1005,26130,8,48,2,1 day/week,Yes,2026
Tamil Nadu,Carpenter,Skilled,930,24180,8,48,2,1 day/week,Yes,2026
Karnataka,Carpenter,Skilled,940,24440,8,48,2,1 day/week,Yes,2026
Kerala,Carpenter,Skilled,950,24700,8,48,2,1 day/week,Yes,2026
Telangana,Carpenter,Skilled,960,24960,8,48,2,1 day/week,Yes,2026
Maharashtra,Carpenter,Skilled,970,25220,8,48,2,1 day/week,Yes,2026
Andhra Pradesh,Carpenter,Skilled,980,25480,8,48,2,1 day/week,Yes,2026
Gujarat,Carpenter,Skilled,990,25740,8,48,2,1 day/week,Yes,2026
Rajasthan,Carpenter,Skilled,1000,26000,8,48,2,1 day/week,Yes,2026
Delhi,Carpenter,Skilled,1010,26260,8,48,2,1 day/week,Yes,2026
West Bengal,Carpenter,Skilled,1020,26520,8,48,2,1 day/week,Yes,2026
Tamil Nadu,Welder,Skilled,840,21840,8,48,2,1 day/week,Yes,2026
Karnataka,Welder,Skilled,850,22100,8,48,2,1 day/week,Yes,2026
Kerala,Welder,Skilled,860,22360,8,48,2,1 day/week,Yes,2026
Telangana,Welder,Skilled,870,22620,8,48,2,1 day/week,Yes,2026
Maharashtra,Welder,Skilled,880,22880,8,48,2,1 day/week,Yes,2026
Andhra Pradesh,Welder,Skilled,890,23140,8,48,2,1 day/week,Yes,2026
Gujarat,Welder,Skilled,900,23400,8,48,2,1 day/week,Yes,2026
Rajasthan,Welder,Skilled,910,23660,8,48,2,1 day/week,Yes,2026
Delhi,Welder,Skilled,920,23920,8,48,2,1 day/week,Yes,2026
West Bengal,Welder,Skilled,930,24180,8,48,2,1 day/week,Yes,2026
Tamil Nadu,Driver,Skilled,855,22230,8,48,2,1 day/week,Yes,2026
Karnataka,Driver,Skilled,865,22490,8,48,2,1 day/week,Yes,2026
Kerala,Driver,Skilled,875,22750,8,48,2,1 day/week,Yes,2026
Telangana,Driver,Skilled,885,23010,8,48,2,1 day/week,Yes,2026
Maharashtra,Driver,Skilled,895,23270,8,48,2,1 day/week,Yes,2026
Andhra Pradesh,Driver,Skilled,905,23530,8,48,2,1 day/week,Yes,2026
Gujarat,Driver,Skilled,915,23790,8,48,2,1 day/week,Yes,2026
Rajasthan,Driver,Skilled,925,24050,8,48,2,1 day/week,Yes,2026
Delhi,Driver,Skilled,935,24310,8,48,2,1 day/week,Yes,2026
West Bengal,Driver,Skilled,945,24570,8,48,2,1 day/week,Yes,2026
Tamil Nadu,Office Assistant,Skilled,870,22620,8,48,2,1 day/week,Yes,2026
Karnataka,Office Assistant,Skilled,880,22880,8,48,2,1 day/week,Yes,2026
Kerala,Office Assistant,Skilled,890,23140,8,48,2,1 day/week,Yes,2026
Telangana,Office Assistant,Skilled,900,23400,8,48,2,1 day/week,Yes,2026
Maharashtra,Office Assistant,Skilled,910,23660,8,48,2,1 day/week,Yes,2026
Andhra Pradesh,Office Assistant,Skilled,920,23920,8,48,2,1 day/week,Yes,2026
Gujarat,Office Assistant,Skilled,930,24180,8,48,2,1 day/week,Yes,2026
Rajasthan,Office Assistant,Skilled,940,24440,8,48,2,1 day/week,Yes,2026
Delhi,Office Assistant,Skilled,950,24700,8,48,2,1 day/week,Yes,2026
West Bengal,Office Assistant,Skilled,960,24960,8,48,2,1 day/week,Yes,2026
Tamil Nadu,Data Entry Operator,Skilled,885,23010,8,48,2,1 day/week,Yes,2026
Karnataka,Data Entry Operator,Skilled,895,23270,8,48,2,1 day/week,Yes,2026
Kerala,Data Entry Operator,Skilled,905,23530,8,48,2,1 day/week,Yes,2026
Telangana,Data Entry Operator,Skilled,915,23790,8,48,2,1 day/week,Yes,2026
Maharashtra,Data Entry Operator,Skilled,925,24050,8,48,2,1 day/week,Yes,2026
Andhra Pradesh,Data Entry Operator,Skilled,935,24310,8,48,2,1 day/week,Yes,2026
Gujarat,Data Entry Operator,Skilled,945,24570,8,48,2,1 day/week,Yes,2026
Rajasthan,Data Entry Operator,Skilled,955,24830,8,48,2,1 day/week,Yes,2026
Delhi,Data Entry Operator,Skilled,965,25090,8,48,2,1 day/week,Yes,2026
West Bengal,Data Entry Operator,Skilled,975,25350,8,48,2,1 day/week,Yes,2026
Tamil Nadu,Receptionist,Skilled,900,23400,8,48,2,1 day/week,Yes,2026
Karnataka,Receptionist,Skilled,910,23660,8,48,2,1 day/week,Yes,2026
Kerala,Receptionist,Skilled,920,23920,8,48,2,1 day/week,Yes,2026
Telangana,Receptionist,Skilled,930,24180,8,48,2,1 day/week,Yes,2026
Maharashtra,Receptionist,Skilled,940,24440,8,48,2,1 day/week,Yes,2026
Andhra Pradesh,Receptionist,Skilled,950,24700,8,48,2,1 day/week,Yes,2026
Gujarat,Receptionist,Skilled,960,24960,8,48,2,1 day/week,Yes,2026
Rajasthan,Receptionist,Skilled,970,25220,8,48,2,1 day/week,Yes,2026
Delhi,Receptionist,Skilled,980,25480,8,48,2,1 day/week,Yes,2026
West Bengal,Receptionist,Skilled,990,25740,8,48,2,1 day/week,Yes,2026
Tamil Nadu,Cook,Skilled,915,23790,8,48,2,1 day/week,Yes,2026
Karnataka,Cook,Skilled,925,24050,8,48,2,1 day/week,Yes,2026
Kerala,Cook,Skilled,935,24310,8,48,2,1 day/week,Yes,2026
Telangana,Cook,Skilled,945,24570,8,48,2,1 day/week,Yes,2026
Maharashtra,Cook,Skilled,955,24830,8,48,2,1 day/week,Yes,2026
Andhra Pradesh,Cook,Skilled,965,25090,8,48,2,1 day/week,Yes,2026
Gujarat,Cook,Skilled,975,25350,8,48,2,1 day/week,Yes,2026
Rajasthan,Cook,Skilled,985,25610,8,48,2,1 day/week,Yes,2026
Delhi,Cook,Skilled,995,25870,8,48,2,1 day/week,Yes,2026
West Bengal,Cook,Skilled,1005,26130,8,48,2,1 day/week,Yes,2026
Tamil Nadu,Construction Labourer,Skilled,930,24180,8,48,2,1 day/week,Yes,2026
Karnataka,Construction Labourer,Skilled,940,24440,8,48,2,1 day/week,Yes,2026
Kerala,Construction Labourer,Skilled,950,24700,8,48,2,1 day/week,Yes,2026
Telangana,Construction Labourer,Skilled,960,24960,8,48,2,1 day/week,Yes,2026
Maharashtra,Construction Labourer,Skilled,970,25220,8,48,2,1 day/week,Yes,2026
Andhra Pradesh,Construction Labourer,Skilled,980,25480,8,48,2,1 day/week,Yes,2026
Gujarat,Construction Labourer,Skilled,990,25740,8,48,2,1 day/week,Yes,2026
Rajasthan,Construction Labourer,Skilled,1000,26000,8,48,2,1 day/week,Yes,2026
Delhi,Construction Labourer,Skilled,1010,26260,8,48,2,1 day/week,Yes,2026
West Bengal,Construction Labourer,Skilled,1020,26520,8,48,2,1 day/week,Yes,2026
Tamil Nadu,Helper,Skilled,840,21840,8,48,2,1 day/week,Yes,2026
Karnataka,Helper,Skilled,850,22100,8,48,2,1 day/week,Yes,2026
Kerala,Helper,Skilled,860,22360,8,48,2,1 day/week,Yes,2026
Telangana,Helper,Skilled,870,22620,8,48,2,1 day/week,Yes,2026
Maharashtra,Helper,Skilled,880,22880,8,48,2,1 day/week,Yes,2026
Andhra Pradesh,Helper,Skilled,890,23140,8,48,2,1 day/week,Yes,2026
Gujarat,Helper,Skilled,900,23400,8,48,2,1 day/week,Yes,2026
Rajasthan,Helper,Skilled,910,23660,8,48,2,1 day/week,Yes,2026
Delhi,Helper,Skilled,920,23920,8,48,2,1 day/week,Yes,2026
West Bengal,Helper,Skilled,930,24180,8,48,2,1 day/week,Yes,2026
Tamil Nadu,Mason,Skilled,855,22230,8,48,2,1 day/week,Yes,2026
Karnataka,Mason,Skilled,865,22490,8,48,2,1 day/week,Yes,2026
Kerala,Mason,Skilled,875,22750,8,48,2,1 day/week,Yes,2026
Telangana,Mason,Skilled,885,23010,8,48,2,1 day/week,Yes,2026
Maharashtra,Mason,Skilled,895,23270,8,48,2,1 day/week,Yes,2026
Andhra Pradesh,Mason,Skilled,905,23530,8,48,2,1 day/week,Yes,2026
Gujarat,Mason,Skilled,915,23790,8,48,2,1 day/week,Yes,2026
Rajasthan,Mason,Skilled,925,24050,8,48,2,1 day/week,Yes,2026
Delhi,Mason,Skilled,935,24310,8,48,2,1 day/week,Yes,2026
West Bengal,Mason,Skilled,945,24570,8,48,2,1 day/week,Yes,2026
Tamil Nadu,Painter,Skilled,870,22620,8,48,2,1 day/week,Yes,2026
Karnataka,Painter,Skilled,880,22880,8,48,2,1 day/week,Yes,2026
Kerala,Painter,Skilled,890,23140,8,48,2,1 day/week,Yes,2026
Telangana,Painter,Skilled,900,23400,8,48,2,1 day/week,Yes,2026
Maharashtra,Painter,Skilled,910,23660,8,48,2,1 day/week,Yes,2026
Andhra Pradesh,Painter,Skilled,920,23920,8,48,2,1 day/week,Yes,2026
Gujarat,Painter,Skilled,930,24180,8,48,2,1 day/week,Yes,2026
Rajasthan,Painter,Skilled,940,24440,8,48,2,1 day/week,Yes,2026
Delhi,Painter,Skilled,950,24700,8,48,2,1 day/week,Yes,2026
West Bengal,Painter,Skilled,960,24960,8,48,2,1 day/week,Yes,2026
Tamil Nadu,Machine Operator,Skilled,885,23010,8,48,2,1 day/week,Yes,2026
Karnataka,Machine Operator,Skilled,895,23270,8,48,2,1 day/week,Yes,2026
Kerala,Machine Operator,Skilled,905,23530,8,48,2,1 day/week,Yes,2026
Telangana,Machine Operator,Skilled,915,23790,8,48,2,1 day/week,Yes,2026
Maharashtra,Machine Operator,Skilled,925,24050,8,48,2,1 day/week,Yes,2026
Andhra Pradesh,Machine Operator,Skilled,935,24310,8,48,2,1 day/week,Yes,2026
Gujarat,Machine Operator,Skilled,945,24570,8,48,2,1 day/week,Yes,2026
Rajasthan,Machine Operator,Skilled,955,24830,8,48,2,1 day/week,Yes,2026
Delhi,Machine Operator,Skilled,965,25090,8,48,2,1 day/week,Yes,2026
West Bengal,Machine Operator,Skilled,975,25350,8,48,2,1 day/week,Yes,2026
Tamil Nadu,Delivery Executive,Skilled,900,23400,8,48,2,1 day/week,Yes,2026
Karnataka,Delivery Executive,Skilled,910,23660,8,48,2,1 day/week,Yes,2026
Kerala,Delivery Executive,Skilled,920,23920,8,48,2,1 day/week,Yes,2026
Telangana,Delivery Executive,Skilled,930,24180,8,48,2,1 day/week,Yes,2026
Maharashtra,Delivery Executive,Skilled,940,24440,8,48,2,1 day/week,Yes,2026
Andhra Pradesh,Delivery Executive,Skilled,950,24700,8,48,2,1 day/week,Yes,2026
Gujarat,Delivery Executive,Skilled,960,24960,8,48,2,1 day/week,Yes,2026
Rajasthan,Delivery Executive,Skilled,970,25220,8,48,2,1 day/week,Yes,2026
Delhi,Delivery Executive,Skilled,980,25480,8,48,2,1 day/week,Yes,2026
West Bengal,Delivery Executive,Skilled,990,25740,8,48,2,1 day/week,Yes,2026
Tamil Nadu,Hospital Attendant,Skilled,915,23790,8,48,2,1 day/week,Yes,2026
Karnataka,Hospital Attendant,Skilled,925,24050,8,48,2,1 day/week,Yes,2026
Kerala,Hospital Attendant,Skilled,935,24310,8,48,2,1 day/week,Yes,2026
Telangana,Hospital Attendant,Skilled,945,24570,8,48,2,1 day/week,Yes,2026
Maharashtra,Hospital Attendant,Skilled,955,24830,8,48,2,1 day/week,Yes,2026
Andhra Pradesh,Hospital Attendant,Skilled,965,25090,8,48,2,1 day/week,Yes,2026
Gujarat,Hospital Attendant,Skilled,975,25350,8,48,2,1 day/week,Yes,2026
Rajasthan,Hospital Attendant,Skilled,985,25610,8,48,2,1 day/week,Yes,2026
Delhi,Hospital Attendant,Skilled,995,25870,8,48,2,1 day/week,Yes,2026
West Bengal,Hospital Attendant,Skilled,1005,26130,8,48,2,1 day/week,Yes,2026
Tamil Nadu,Warehouse Worker,Skilled,930,24180,8,48,2,1 day/week,Yes,2026
Karnataka,Warehouse Worker,Skilled,940,24440,8,48,2,1 day/week,Yes,2026
Kerala,Warehouse Worker,Skilled,950,24700,8,48,2,1 day/week,Yes,2026
Telangana,Warehouse Worker,Skilled,960,24960,8,48,2,1 day/week,Yes,2026
Maharashtra,Warehouse Worker,Skilled,970,25220,8,48,2,1 day/week,Yes,2026
Andhra Pradesh,Warehouse Worker,Skilled,980,25480,8,48,2,1 day/week,Yes,2026
Gujarat,Warehouse Worker,Skilled,990,25740,8,48,2,1 day/week,Yes,2026
Rajasthan,Warehouse Worker,Skilled,1000,26000,8,48,2,1 day/week,Yes,2026
Delhi,Warehouse Worker,Skilled,1010,26260,8,48,2,1 day/week,Yes,2026
West Bengal,Warehouse Worker,Skilled,1020,26520,8,48,2,1 day/week,Yes,2026
Tamil Nadu,Packer,Skilled,840,21840,8,48,2,1 day/week,Yes,2026
Karnataka,Packer,Skilled,850,22100,8,48,2,1 day/week,Yes,2026
Kerala,Packer,Skilled,860,22360,8,48,2,1 day/week,Yes,2026
Telangana,Packer,Skilled,870,22620,8,48,2,1 day/week,Yes,2026
Maharashtra,Packer,Skilled,880,22880,8,48,2,1 day/week,Yes,2026
Andhra Pradesh,Packer,Skilled,890,23140,8,48,2,1 day/week,Yes,2026
Gujarat,Packer,Skilled,900,23400,8,48,2,1 day/week,Yes,2026
Rajasthan,Packer,Skilled,910,23660,8,48,2,1 day/week,Yes,2026
Delhi,Packer,Skilled,920,23920,8,48,2,1 day/week,Yes,2026
West Bengal,Packer,Skilled,930,24180,8,48,2,1 day/week,Yes,2026
Tamil Nadu,Gardener,Skilled,855,22230,8,48,2,1 day/week,Yes,2026
Karnataka,Gardener,Skilled,865,22490,8,48,2,1 day/week,Yes,2026
Kerala,Gardener,Skilled,875,22750,8,48,2,1 day/week,Yes,2026
Telangana,Gardener,Skilled,885,23010,8,48,2,1 day/week,Yes,2026
Maharashtra,Gardener,Skilled,895,23270,8,48,2,1 day/week,Yes,2026
Andhra Pradesh,Gardener,Skilled,905,23530,8,48,2,1 day/week,Yes,2026
Gujarat,Gardener,Skilled,915,23790,8,48,2,1 day/week,Yes,2026
Rajasthan,Gardener,Skilled,925,24050,8,48,2,1 day/week,Yes,2026
Delhi,Gardener,Skilled,935,24310,8,48,2,1 day/week,Yes,2026
West Bengal,Gardener,Skilled,945,24570,8,48,2,1 day/week,Yes,2026
Tamil Nadu,Watchman,Skilled,870,22620,8,48,2,1 day/week,Yes,2026
Karnataka,Watchman,Skilled,880,22880,8,48,2,1 day/week,Yes,2026
Kerala,Watchman,Skilled,890,23140,8,48,2,1 day/week,Yes,2026
Telangana,Watchman,Skilled,900,23400,8,48,2,1 day/week,Yes,2026
Maharashtra,Watchman,Skilled,910,23660,8,48,2,1 day/week,Yes,2026
Andhra Pradesh,Watchman,Skilled,920,23920,8,48,2,1 day/week,Yes,2026
Gujarat,Watchman,Skilled,930,24180,8,48,2,1 day/week,Yes,2026
Rajasthan,Watchman,Skilled,940,24440,8,48,2,1 day/week,Yes,2026
Delhi,Watchman,Skilled,950,24700,8,48,2,1 day/week,Yes,2026
West Bengal,Watchman,Skilled,960,24960,8,48,2,1 day/week,Yes,2026
Tamil Nadu,Mechanic,Skilled,885,23010,8,48,2,1 day/week,Yes,2026
Karnataka,Mechanic,Skilled,895,23270,8,48,2,1 day/week,Yes,2026
Kerala,Mechanic,Skilled,905,23530,8,48,2,1 day/week,Yes,2026
Telangana,Mechanic,Skilled,915,23790,8,48,2,1 day/week,Yes,2026
Maharashtra,Mechanic,Skilled,925,24050,8,48,2,1 day/week,Yes,2026
Andhra Pradesh,Mechanic,Skilled,935,24310,8,48,2,1 day/week,Yes,2026
Gujarat,Mechanic,Skilled,945,24570,8,48,2,1 day/week,Yes,2026
Rajasthan,Mechanic,Skilled,955,24830,8,48,2,1 day/week,Yes,2026
Delhi,Mechanic,Skilled,965,25090,8,48,2,1 day/week,Yes,2026
West Bengal,Mechanic,Skilled,975,25350,8,48,2,1 day/week,Yes,2026
Tamil Nadu,Cashier,Skilled,900,23400,8,48,2,1 day/week,Yes,2026
Karnataka,Cashier,Skilled,910,23660,8,48,2,1 day/week,Yes,2026
Kerala,Cashier,Skilled,920,23920,8,48,2,1 day/week,Yes,2026
Telangana,Cashier,Skilled,930,24180,8,48,2,1 day/week,Yes,2026
Maharashtra,Cashier,Skilled,940,24440,8,48,2,1 day/week,Yes,2026
Andhra Pradesh,Cashier,Skilled,950,24700,8,48,2,1 day/week,Yes,2026
Gujarat,Cashier,Skilled,960,24960,8,48,2,1 day/week,Yes,2026
Rajasthan,Cashier,Skilled,970,25220,8,48,2,1 day/week,Yes,2026
Delhi,Cashier,Skilled,980,25480,8,48,2,1 day/week,Yes,2026
West Bengal,Cashier,Skilled,990,25740,8,48,2,1 day/week,Yes,2026
Tamil Nadu,Retail Associate,Skilled,915,23790,8,48,2,1 day/week,Yes,2026
Karnataka,Retail Associate,Skilled,925,24050,8,48,2,1 day/week,Yes,2026
Kerala,Retail Associate,Skilled,935,24310,8,48,2,1 day/week,Yes,2026
Telangana,Retail Associate,Skilled,945,24570,8,48,2,1 day/week,Yes,2026
Maharashtra,Retail Associate,Skilled,955,24830,8,48,2,1 day/week,Yes,2026
Andhra Pradesh,Retail Associate,Skilled,965,25090,8,48,2,1 day/week,Yes,2026
Gujarat,Retail Associate,Skilled,975,25350,8,48,2,1 day/week,Yes,2026
Rajasthan,Retail Associate,Skilled,985,25610,8,48,2,1 day/week,Yes,2026
Delhi,Retail Associate,Skilled,995,25870,8,48,2,1 day/week,Yes,2026
West Bengal,Retail Associate,Skilled,1005,26130,8,48,2,1 day/week,Yes,2026
Tamil Nadu,Tailor,Skilled,930,24180,8,48,2,1 day/week,Yes,2026
Karnataka,Tailor,Skilled,940,24440,8,48,2,1 day/week,Yes,2026
Kerala,Tailor,Skilled,950,24700,8,48,2,1 day/week,Yes,2026
Telangana,Tailor,Skilled,960,24960,8,48,2,1 day/week,Yes,2026
Maharashtra,Tailor,Skilled,970,25220,8,48,2,1 day/week,Yes,2026
Andhra Pradesh,Tailor,Skilled,980,25480,8,48,2,1 day/week,Yes,2026
Gujarat,Tailor,Skilled,990,25740,8,48,2,1 day/week,Yes,2026
Rajasthan,Tailor,Skilled,1000,26000,8,48,2,1 day/week,Yes,2026
Delhi,Tailor,Skilled,1010,26260,8,48,2,1 day/week,Yes,2026
West Bengal,Tailor,Skilled,1020,26520,8,48,2,1 day/week,Yes,2026
Tamil Nadu,Loader,Skilled,840,21840,8,48,2,1 day/week,Yes,2026
Karnataka,Loader,Skilled,850,22100,8,48,2,1 day/week,Yes,2026
Kerala,Loader,Skilled,860,22360,8,48,2,1 day/week,Yes,2026
Telangana,Loader,Skilled,870,22620,8,48,2,1 day/week,Yes,2026
Maharashtra,Loader,Skilled,880,22880,8,48,2,1 day/week,Yes,2026
Andhra Pradesh,Loader,Skilled,890,23140,8,48,2,1 day/week,Yes,2026
Gujarat,Loader,Skilled,900,23400,8,48,2,1 day/week,Yes,2026
Rajasthan,Loader,Skilled,910,23660,8,48,2,1 day/week,Yes,2026
Delhi,Loader,Skilled,920,23920,8,48,2,1 day/week,Yes,2026
West Bengal,Loader,Skilled,930,24180,8,48,2,1 day/week,Yes,2026
Tamil Nadu,Technician,Skilled,855,22230,8,48,2,1 day/week,Yes,2026
Karnataka,Technician,Skilled,865,22490,8,48,2,1 day/week,Yes,2026
Kerala,Technician,Skilled,875,22750,8,48,2,1 day/week,Yes,2026
Telangana,Technician,Skilled,885,23010,8,48,2,1 day/week,Yes,2026
Maharashtra,Technician,Skilled,895,23270,8,48,2,1 day/week,Yes,2026
Andhra Pradesh,Technician,Skilled,905,23530,8,48,2,1 day/week,Yes,2026
Gujarat,Technician,Skilled,915,23790,8,48,2,1 day/week,Yes,2026
Rajasthan,Technician,Skilled,925,24050,8,48,2,1 day/week,Yes,2026
Delhi,Technician,Skilled,935,24310,8,48,2,1 day/week,Yes,2026
West Bengal,Technician,Skilled,945,24570,8,48,2,1 day/week,Yes,2026
Tamil Nadu,Fitter,Skilled,870,22620,8,48,2,1 day/week,Yes,2026
Karnataka,Fitter,Skilled,880,22880,8,48,2,1 day/week,Yes,2026
Kerala,Fitter,Skilled,890,23140,8,48,2,1 day/week,Yes,2026
Telangana,Fitter,Skilled,900,23400,8,48,2,1 day/week,Yes,2026
Maharashtra,Fitter,Skilled,910,23660,8,48,2,1 day/week,Yes,2026
Andhra Pradesh,Fitter,Skilled,920,23920,8,48,2,1 day/week,Yes,2026
Gujarat,Fitter,Skilled,930,24180,8,48,2,1 day/week,Yes,2026
Rajasthan,Fitter,Skilled,940,24440,8,48,2,1 day/week,Yes,2026
Delhi,Fitter,Skilled,950,24700,8,48,2,1 day/week,Yes,2026
West Bengal,Fitter,Skilled,960,24960,8,48,2,1 day/week,Yes,2026
Tamil Nadu,Assembler,Skilled,885,23010,8,48,2,1 day/week,Yes,2026
Karnataka,Assembler,Skilled,895,23270,8,48,2,1 day/week,Yes,2026
Kerala,Assembler,Skilled,905,23530,8,48,2,1 day/week,Yes,2026
Telangana,Assembler,Skilled,915,23790,8,48,2,1 day/week,Yes,2026
Maharashtra,Assembler,Skilled,925,24050,8,48,2,1 day/week,Yes,2026
Andhra Pradesh,Assembler,Skilled,935,24310,8,48,2,1 day/week,Yes,2026
Gujarat,Assembler,Skilled,945,24570,8,48,2,1 day/week,Yes,2026
Rajasthan,Assembler,Skilled,955,24830,8,48,2,1 day/week,Yes,2026
Delhi,Assembler,Skilled,965,25090,8,48,2,1 day/week,Yes,2026
West Bengal,Assembler,Skilled,975,25350,8,48,2,1 day/week,Yes,2026
Tamil Nadu,Quality Inspector,Skilled,900,23400,8,48,2,1 day/week,Yes,2026
Karnataka,Quality Inspector,Skilled,910,23660,8,48,2,1 day/week,Yes,2026
Kerala,Quality Inspector,Skilled,920,23920,8,48,2,1 day/week,Yes,2026
Telangana,Quality Inspector,Skilled,930,24180,8,48,2,1 day/week,Yes,2026
Maharashtra,Quality Inspector,Skilled,940,24440,8,48,2,1 day/week,Yes,2026
Andhra Pradesh,Quality Inspector,Skilled,950,24700,8,48,2,1 day/week,Yes,2026
Gujarat,Quality Inspector,Skilled,960,24960,8,48,2,1 day/week,Yes,2026
Rajasthan,Quality Inspector,Skilled,970,25220,8,48,2,1 day/week,Yes,2026
Delhi,Quality Inspector,Skilled,980,25480,8,48,2,1 day/week,Yes,2026
West Bengal,Quality Inspector,Skilled,990,25740,8,48,2,1 day/week,Yes,2026
Tamil Nadu,Forklift Operator,Skilled,915,23790,8,48,2,1 day/week,Yes,2026
Karnataka,Forklift Operator,Skilled,925,24050,8,48,2,1 day/week,Yes,2026
Kerala,Forklift Operator,Skilled,935,24310,8,48,2,1 day/week,Yes,2026
Telangana,Forklift Operator,Skilled,945,24570,8,48,2,1 day/week,Yes,2026
Maharashtra,Forklift Operator,Skilled,955,24830,8,48,2,1 day/week,Yes,2026
Andhra Pradesh,Forklift Operator,Skilled,965,25090,8,48,2,1 day/week,Yes,2026
Gujarat,Forklift Operator,Skilled,975,25350,8,48,2,1 day/week,Yes,2026
Rajasthan,Forklift Operator,Skilled,985,25610,8,48,2,1 day/week,Yes,2026
Delhi,Forklift Operator,Skilled,995,25870,8,48,2,1 day/week,Yes,2026
West Bengal,Forklift Operator,Skilled,1005,26130,8,48,2,1 day/week,Yes,2026
Tamil Nadu,Supervisor,Skilled,930,24180,8,48,2,1 day/week,Yes,2026
Karnataka,Supervisor,Skilled,940,24440,8,48,2,1 day/week,Yes,2026
Kerala,Supervisor,Skilled,950,24700,8,48,2,1 day/week,Yes,2026
Telangana,Supervisor,Skilled,960,24960,8,48,2,1 day/week,Yes,2026
Maharashtra,Supervisor,Skilled,970,25220,8,48,2,1 day/week,Yes,2026
Andhra Pradesh,Supervisor,Skilled,980,25480,8,48,2,1 day/week,Yes,2026
Gujarat,Supervisor,Skilled,990,25740,8,48,2,1 day/week,Yes,2026
Rajasthan,Supervisor,Skilled,1000,26000,8,48,2,1 day/week,Yes,2026
Delhi,Supervisor,Skilled,1010,26260,8,48,2,1 day/week,Yes,2026
West Bengal,Supervisor,Skilled,1020,26520,8,48,2,1 day/week,Yes,2026
Tamil Nadu,Office Boy,Skilled,840,21840,8,48,2,1 day/week,Yes,2026
Karnataka,Office Boy,Skilled,850,22100,8,48,2,1 day/week,Yes,2026
Kerala,Office Boy,Skilled,860,22360,8,48,2,1 day/week,Yes,2026
Telangana,Office Boy,Skilled,870,22620,8,48,2,1 day/week,Yes,2026
Maharashtra,Office Boy,Skilled,880,22880,8,48,2,1 day/week,Yes,2026
Andhra Pradesh,Office Boy,Skilled,890,23140,8,48,2,1 day/week,Yes,2026
Gujarat,Office Boy,Skilled,900,23400,8,48,2,1 day/week,Yes,2026
Rajasthan,Office Boy,Skilled,910,23660,8,48,2,1 day/week,Yes,2026
Delhi,Office Boy,Skilled,920,23920,8,48,2,1 day/week,Yes,2026
West Bengal,Office Boy,Skilled,930,24180,8,48,2,1 day/week,Yes,2026
Tamil Nadu,Janitor,Skilled,855,22230,8,48,2,1 day/week,Yes,2026
Karnataka,Janitor,Skilled,865,22490,8,48,2,1 day/week,Yes,2026
Kerala,Janitor,Skilled,875,22750,8,48,2,1 day/week,Yes,2026
Telangana,Janitor,Skilled,885,23010,8,48,2,1 day/week,Yes,2026
Maharashtra,Janitor,Skilled,895,23270,8,48,2,1 day/week,Yes,2026
Andhra Pradesh,Janitor,Skilled,905,23530,8,48,2,1 day/week,Yes,2026
Gujarat,Janitor,Skilled,915,23790,8,48,2,1 day/week,Yes,2026
Rajasthan,Janitor,Skilled,925,24050,8,48,2,1 day/week,Yes,2026
Delhi,Janitor,Skilled,935,24310,8,48,2,1 day/week,Yes,2026
West Bengal,Janitor,Skilled,945,24570,8,48,2,1 day/week,Yes,2026
Tamil Nadu,Lab Assistant,Skilled,870,22620,8,48,2,1 day/week,Yes,2026
Karnataka,Lab Assistant,Skilled,880,22880,8,48,2,1 day/week,Yes,2026
Kerala,Lab Assistant,Skilled,890,23140,8,48,2,1 day/week,Yes,2026
Telangana,Lab Assistant,Skilled,900,23400,8,48,2,1 day/week,Yes,2026
Maharashtra,Lab Assistant,Skilled,910,23660,8,48,2,1 day/week,Yes,2026
Andhra Pradesh,Lab Assistant,Skilled,920,23920,8,48,2,1 day/week,Yes,2026
Gujarat,Lab Assistant,Skilled,930,24180,8,48,2,1 day/week,Yes,2026
Rajasthan,Lab Assistant,Skilled,940,24440,8,48,2,1 day/week,Yes,2026
Delhi,Lab Assistant,Skilled,950,24700,8,48,2,1 day/week,Yes,2026
West Bengal,Lab Assistant,Skilled,960,24960,8,48,2,1 day/week,Yes,2026
Tamil Nadu,Nurse Assistant,Skilled,885,23010,8,48,2,1 day/week,Yes,2026
Karnataka,Nurse Assistant,Skilled,895,23270,8,48,2,1 day/week,Yes,2026
Kerala,Nurse Assistant,Skilled,905,23530,8,48,2,1 day/week,Yes,2026
Telangana,Nurse Assistant,Skilled,915,23790,8,48,2,1 day/week,Yes,2026
Maharashtra,Nurse Assistant,Skilled,925,24050,8,48,2,1 day/week,Yes,2026
Andhra Pradesh,Nurse Assistant,Skilled,935,24310,8,48,2,1 day/week,Yes,2026
Gujarat,Nurse Assistant,Skilled,945,24570,8,48,2,1 day/week,Yes,2026
Rajasthan,Nurse Assistant,Skilled,955,24830,8,48,2,1 day/week,Yes,2026
Delhi,Nurse Assistant,Skilled,965,25090,8,48,2,1 day/week,Yes,2026
West Bengal,Nurse Assistant,Skilled,975,25350,8,48,2,1 day/week,Yes,2026
Tamil Nadu,Caregiver,Skilled,900,23400,8,48,2,1 day/week,Yes,2026
Karnataka,Caregiver,Skilled,910,23660,8,48,2,1 day/week,Yes,2026
Kerala,Caregiver,Skilled,920,23920,8,48,2,1 day/week,Yes,2026
Telangana,Caregiver,Skilled,930,24180,8,48,2,1 day/week,Yes,2026
Maharashtra,Caregiver,Skilled,940,24440,8,48,2,1 day/week,Yes,2026
Andhra Pradesh,Caregiver,Skilled,950,24700,8,48,2,1 day/week,Yes,2026
Gujarat,Caregiver,Skilled,960,24960,8,48,2,1 day/week,Yes,2026
Rajasthan,Caregiver,Skilled,970,25220,8,48,2,1 day/week,Yes,2026
Delhi,Caregiver,Skilled,980,25480,8,48,2,1 day/week,Yes,2026
West Bengal,Caregiver,Skilled,990,25740,8,48,2,1 day/week,Yes,2026
Tamil Nadu,Farm Worker,Skilled,915,23790,8,48,2,1 day/week,Yes,2026
Karnataka,Farm Worker,Skilled,925,24050,8,48,2,1 day/week,Yes,2026
Kerala,Farm Worker,Skilled,935,24310,8,48,2,1 day/week,Yes,2026
Telangana,Farm Worker,Skilled,945,24570,8,48,2,1 day/week,Yes,2026
Maharashtra,Farm Worker,Skilled,955,24830,8,48,2,1 day/week,Yes,2026
Andhra Pradesh,Farm Worker,Skilled,965,25090,8,48,2,1 day/week,Yes,2026
Gujarat,Farm Worker,Skilled,975,25350,8,48,2,1 day/week,Yes,2026
Rajasthan,Farm Worker,Skilled,985,25610,8,48,2,1 day/week,Yes,2026
Delhi,Farm Worker,Skilled,995,25870,8,48,2,1 day/week,Yes,2026
West Bengal,Farm Worker,Skilled,1005,26130,8,48,2,1 day/week,Yes,2026
Tamil Nadu,Textile Worker,Skilled,930,24180,8,48,2,1 day/week,Yes,2026
Karnataka,Textile Worker,Skilled,940,24440,8,48,2,1 day/week,Yes,2026
Kerala,Textile Worker,Skilled,950,24700,8,48,2,1 day/week,Yes,2026
Telangana,Textile Worker,Skilled,960,24960,8,48,2,1 day/week,Yes,2026
Maharashtra,Textile Worker,Skilled,970,25220,8,48,2,1 day/week,Yes,2026
Andhra Pradesh,Textile Worker,Skilled,980,25480,8,48,2,1 day/week,Yes,2026
Gujarat,Textile Worker,Skilled,990,25740,8,48,2,1 day/week,Yes,2026
Rajasthan,Textile Worker,Skilled,1000,26000,8,48,2,1 day/week,Yes,2026
Delhi,Textile Worker,Skilled,1010,26260,8,48,2,1 day/week,Yes,2026
West Bengal,Textile Worker,Skilled,1020,26520,8,48,2,1 day/week,Yes,2026
Tamil Nadu,Food Processing Worker,Skilled,840,21840,8,48,2,1 day/week,Yes,2026
Karnataka,Food Processing Worker,Skilled,850,22100,8,48,2,1 day/week,Yes,2026
Kerala,Food Processing Worker,Skilled,860,22360,8,48,2,1 day/week,Yes,2026
Telangana,Food Processing Worker,Skilled,870,22620,8,48,2,1 day/week,Yes,2026
Maharashtra,Food Processing Worker,Skilled,880,22880,8,48,2,1 day/week,Yes,2026
Andhra Pradesh,Food Processing Worker,Skilled,890,23140,8,48,2,1 day/week,Yes,2026
Gujarat,Food Processing Worker,Skilled,900,23400,8,48,2,1 day/week,Yes,2026
Rajasthan,Food Processing Worker,Skilled,910,23660,8,48,2,1 day/week,Yes,2026
Delhi,Food Processing Worker,Skilled,920,23920,8,48,2,1 day/week,Yes,2026
West Bengal,Food Processing Worker,Skilled,930,24180,8,48,2,1 day/week,Yes,2026
Tamil Nadu,Hotel Staff,Skilled,855,22230,8,48,2,1 day/week,Yes,2026
Karnataka,Hotel Staff,Skilled,865,22490,8,48,2,1 day/week,Yes,2026
Kerala,Hotel Staff,Skilled,875,22750,8,48,2,1 day/week,Yes,2026
Telangana,Hotel Staff,Skilled,885,23010,8,48,2,1 day/week,Yes,2026
Maharashtra,Hotel Staff,Skilled,895,23270,8,48,2,1 day/week,Yes,2026
Andhra Pradesh,Hotel Staff,Skilled,905,23530,8,48,2,1 day/week,Yes,2026
Gujarat,Hotel Staff,Skilled,915,23790,8,48,2,1 day/week,Yes,2026
Rajasthan,Hotel Staff,Skilled,925,24050,8,48,2,1 day/week,Yes,2026
Delhi,Hotel Staff,Skilled,935,24310,8,48,2,1 day/week,Yes,2026
West Bengal,Hotel Staff,Skilled,945,24570,8,48,2,1 day/week,Yes,2026
Tamil Nadu,Kitchen Helper,Skilled,870,22620,8,48,2,1 day/week,Yes,2026
Karnataka,Kitchen Helper,Skilled,880,22880,8,48,2,1 day/week,Yes,2026
Kerala,Kitchen Helper,Skilled,890,23140,8,48,2,1 day/week,Yes,2026
Telangana,Kitchen Helper,Skilled,900,23400,8,48,2,1 day/week,Yes,2026
Maharashtra,Kitchen Helper,Skilled,910,23660,8,48,2,1 day/week,Yes,2026
Andhra Pradesh,Kitchen Helper,Skilled,920,23920,8,48,2,1 day/week,Yes,2026
Gujarat,Kitchen Helper,Skilled,930,24180,8,48,2,1 day/week,Yes,2026
Rajasthan,Kitchen Helper,Skilled,940,24440,8,48,2,1 day/week,Yes,2026
Delhi,Kitchen Helper,Skilled,950,24700,8,48,2,1 day/week,Yes,2026
West Bengal,Kitchen Helper,Skilled,960,24960,8,48,2,1 day/week,Yes,2026
Tamil Nadu,Security Supervisor,Skilled,885,23010,8,48,2,1 day/week,Yes,2026
Karnataka,Security Supervisor,Skilled,895,23270,8,48,2,1 day/week,Yes,2026
Kerala,Security Supervisor,Skilled,905,23530,8,48,2,1 day/week,Yes,2026
Telangana,Security Supervisor,Skilled,915,23790,8,48,2,1 day/week,Yes,2026
Maharashtra,Security Supervisor,Skilled,925,24050,8,48,2,1 day/week,Yes,2026
Andhra Pradesh,Security Supervisor,Skilled,935,24310,8,48,2,1 day/week,Yes,2026
Gujarat,Security Supervisor,Skilled,945,24570,8,48,2,1 day/week,Yes,2026
Rajasthan,Security Supervisor,Skilled,955,24830,8,48,2,1 day/week,Yes,2026
Delhi,Security Supervisor,Skilled,965,25090,8,48,2,1 day/week,Yes,2026
West Bengal,Security Supervisor,Skilled,975,25350,8,48,2,1 day/week,Yes,2026
Tamil Nadu,Field Executive,Skilled,900,23400,8,48,2,1 day/week,Yes,2026
Karnataka,Field Executive,Skilled,910,23660,8,48,2,1 day/week,Yes,2026
Kerala,Field Executive,Skilled,920,23920,8,48,2,1 day/week,Yes,2026
Telangana,Field Executive,Skilled,930,24180,8,48,2,1 day/week,Yes,2026
Maharashtra,Field Executive,Skilled,940,24440,8,48,2,1 day/week,Yes,2026
Andhra Pradesh,Field Executive,Skilled,950,24700,8,48,2,1 day/week,Yes,2026
Gujarat,Field Executive,Skilled,960,24960,8,48,2,1 day/week,Yes,2026
Rajasthan,Field Executive,Skilled,970,25220,8,48,2,1 day/week,Yes,2026
Delhi,Field Executive,Skilled,980,25480,8,48,2,1 day/week,Yes,2026
West Bengal,Field Executive,Skilled,990,25740,8,48,2,1 day/week,Yes,2026
Tamil Nadu,Sales Assistant,Skilled,915,23790,8,48,2,1 day/week,Yes,2026
Karnataka,Sales Assistant,Skilled,925,24050,8,48,2,1 day/week,Yes,2026
Kerala,Sales Assistant,Skilled,935,24310,8,48,2,1 day/week,Yes,2026
Telangana,Sales Assistant,Skilled,945,24570,8,48,2,1 day/week,Yes,2026
Maharashtra,Sales Assistant,Skilled,955,24830,8,48,2,1 day/week,Yes,2026
Andhra Pradesh,Sales Assistant,Skilled,965,25090,8,48,2,1 day/week,Yes,2026
Gujarat,Sales Assistant,Skilled,975,25350,8,48,2,1 day/week,Yes,2026
Rajasthan,Sales Assistant,Skilled,985,25610,8,48,2,1 day/week,Yes,2026
Delhi,Sales Assistant,Skilled,995,25870,8,48,2,1 day/week,Yes,2026
West Bengal,Sales Assistant,Skilled,1005,26130,8,48,2,1 day/week,Yes,2026
Tamil Nadu,Packaging Operator,Skilled,930,24180,8,48,2,1 day/week,Yes,2026
Karnataka,Packaging Operator,Skilled,940,24440,8,48,2,1 day/week,Yes,2026
Kerala,Packaging Operator,Skilled,950,24700,8,48,2,1 day/week,Yes,2026
Telangana,Packaging Operator,Skilled,960,24960,8,48,2,1 day/week,Yes,2026
Maharashtra,Packaging Operator,Skilled,970,25220,8,48,2,1 day/week,Yes,2026
Andhra Pradesh,Packaging Operator,Skilled,980,25480,8,48,2,1 day/week,Yes,2026
Gujarat,Packaging Operator,Skilled,990,25740,8,48,2,1 day/week,Yes,2026
Rajasthan,Packaging Operator,Skilled,1000,26000,8,48,2,1 day/week,Yes,2026
Delhi,Packaging Operator,Skilled,1010,26260,8,48,2,1 day/week,Yes,2026
West Bengal,Packaging Operator,Skilled,1020,26520,8,48,2,1 day/week,Yes,2026
Tamil Nadu,Store Keeper,Skilled,840,21840,8,48,2,1 day/week,Yes,2026
Karnataka,Store Keeper,Skilled,850,22100,8,48,2,1 day/week,Yes,2026
Kerala,Store Keeper,Skilled,860,22360,8,48,2,1 day/week,Yes,2026
Telangana,Store Keeper,Skilled,870,22620,8,48,2,1 day/week,Yes,2026
Maharashtra,Store Keeper,Skilled,880,22880,8,48,2,1 day/week,Yes,2026
Andhra Pradesh,Store Keeper,Skilled,890,23140,8,48,2,1 day/week,Yes,2026
Gujarat,Store Keeper,Skilled,900,23400,8,48,2,1 day/week,Yes,2026
Rajasthan,Store Keeper,Skilled,910,23660,8,48,2,1 day/week,Yes,2026
Delhi,Store Keeper,Skilled,920,23920,8,48,2,1 day/week,Yes,2026
West Bengal,Store Keeper,Skilled,930,24180,8,48,2,1 day/week,Yes,2026
Tamil Nadu,Security Guard,Highly Skilled,980,25480,8,48,2,1 day/week,Yes,2026
Karnataka,Security Guard,Highly Skilled,990,25740,8,48,2,1 day/week,Yes,2026
Kerala,Security Guard,Highly Skilled,1000,26000,8,48,2,1 day/week,Yes,2026
Telangana,Security Guard,Highly Skilled,1010,26260,8,48,2,1 day/week,Yes,2026
Maharashtra,Security Guard,Highly Skilled,1020,26520,8,48,2,1 day/week,Yes,2026
Andhra Pradesh,Security Guard,Highly Skilled,1030,26780,8,48,2,1 day/week,Yes,2026
Gujarat,Security Guard,Highly Skilled,1040,27040,8,48,2,1 day/week,Yes,2026
Rajasthan,Security Guard,Highly Skilled,1050,27300,8,48,2,1 day/week,Yes,2026
Delhi,Security Guard,Highly Skilled,1060,27560,8,48,2,1 day/week,Yes,2026
West Bengal,Security Guard,Highly Skilled,1070,27820,8,48,2,1 day/week,Yes,2026
Tamil Nadu,Housekeeping,Highly Skilled,995,25870,8,48,2,1 day/week,Yes,2026
Karnataka,Housekeeping,Highly Skilled,1005,26130,8,48,2,1 day/week,Yes,2026
Kerala,Housekeeping,Highly Skilled,1015,26390,8,48,2,1 day/week,Yes,2026
Telangana,Housekeeping,Highly Skilled,1025,26650,8,48,2,1 day/week,Yes,2026
Maharashtra,Housekeeping,Highly Skilled,1035,26910,8,48,2,1 day/week,Yes,2026
Andhra Pradesh,Housekeeping,Highly Skilled,1045,27170,8,48,2,1 day/week,Yes,2026
Gujarat,Housekeeping,Highly Skilled,1055,27430,8,48,2,1 day/week,Yes,2026
Rajasthan,Housekeeping,Highly Skilled,1065,27690,8,48,2,1 day/week,Yes,2026
Delhi,Housekeeping,Highly Skilled,1075,27950,8,48,2,1 day/week,Yes,2026
West Bengal,Housekeeping,Highly Skilled,1085,28210,8,48,2,1 day/week,Yes,2026
Tamil Nadu,Cleaner,Highly Skilled,1010,26260,8,48,2,1 day/week,Yes,2026
Karnataka,Cleaner,Highly Skilled,1020,26520,8,48,2,1 day/week,Yes,2026
Kerala,Cleaner,Highly Skilled,1030,26780,8,48,2,1 day/week,Yes,2026
Telangana,Cleaner,Highly Skilled,1040,27040,8,48,2,1 day/week,Yes,2026
Maharashtra,Cleaner,Highly Skilled,1050,27300,8,48,2,1 day/week,Yes,2026
Andhra Pradesh,Cleaner,Highly Skilled,1060,27560,8,48,2,1 day/week,Yes,2026
Gujarat,Cleaner,Highly Skilled,1070,27820,8,48,2,1 day/week,Yes,2026
Rajasthan,Cleaner,Highly Skilled,1080,28080,8,48,2,1 day/week,Yes,2026
Delhi,Cleaner,Highly Skilled,1090,28340,8,48,2,1 day/week,Yes,2026
West Bengal,Cleaner,Highly Skilled,1100,28600,8,48,2,1 day/week,Yes,2026
Tamil Nadu,Factory Worker,Highly Skilled,1025,26650,8,48,2,1 day/week,Yes,2026
Karnataka,Factory Worker,Highly Skilled,1035,26910,8,48,2,1 day/week,Yes,2026
Kerala,Factory Worker,Highly Skilled,1045,27170,8,48,2,1 day/week,Yes,2026
Telangana,Factory Worker,Highly Skilled,1055,27430,8,48,2,1 day/week,Yes,2026
Maharashtra,Factory Worker,Highly Skilled,1065,27690,8,48,2,1 day/week,Yes,2026
Andhra Pradesh,Factory Worker,Highly Skilled,1075,27950,8,48,2,1 day/week,Yes,2026
Gujarat,Factory Worker,Highly Skilled,1085,28210,8,48,2,1 day/week,Yes,2026
Rajasthan,Factory Worker,Highly Skilled,1095,28470,8,48,2,1 day/week,Yes,2026
Delhi,Factory Worker,Highly Skilled,1105,28730,8,48,2,1 day/week,Yes,2026
West Bengal,Factory Worker,Highly Skilled,1115,28990,8,48,2,1 day/week,Yes,2026
Tamil Nadu,Electrician,Highly Skilled,1040,27040,8,48,2,1 day/week,Yes,2026
Karnataka,Electrician,Highly Skilled,1050,27300,8,48,2,1 day/week,Yes,2026
Kerala,Electrician,Highly Skilled,1060,27560,8,48,2,1 day/week,Yes,2026
Telangana,Electrician,Highly Skilled,1070,27820,8,48,2,1 day/week,Yes,2026
Maharashtra,Electrician,Highly Skilled,1080,28080,8,48,2,1 day/week,Yes,2026
Andhra Pradesh,Electrician,Highly Skilled,1090,28340,8,48,2,1 day/week,Yes,2026
Gujarat,Electrician,Highly Skilled,1100,28600,8,48,2,1 day/week,Yes,2026
Rajasthan,Electrician,Highly Skilled,1110,28860,8,48,2,1 day/week,Yes,2026
Delhi,Electrician,Highly Skilled,1120,29120,8,48,2,1 day/week,Yes,2026
West Bengal,Electrician,Highly Skilled,1130,29380,8,48,2,1 day/week,Yes,2026
Tamil Nadu,Plumber,Highly Skilled,1055,27430,8,48,2,1 day/week,Yes,2026
Karnataka,Plumber,Highly Skilled,1065,27690,8,48,2,1 day/week,Yes,2026
Kerala,Plumber,Highly Skilled,1075,27950,8,48,2,1 day/week,Yes,2026
Telangana,Plumber,Highly Skilled,1085,28210,8,48,2,1 day/week,Yes,2026
Maharashtra,Plumber,Highly Skilled,1095,28470,8,48,2,1 day/week,Yes,2026
Andhra Pradesh,Plumber,Highly Skilled,1105,28730,8,48,2,1 day/week,Yes,2026
Gujarat,Plumber,Highly Skilled,1115,28990,8,48,2,1 day/week,Yes,2026
Rajasthan,Plumber,Highly Skilled,1125,29250,8,48,2,1 day/week,Yes,2026
Delhi,Plumber,Highly Skilled,1135,29510,8,48,2,1 day/week,Yes,2026
West Bengal,Plumber,Highly Skilled,1145,29770,8,48,2,1 day/week,Yes,2026
Tamil Nadu,Carpenter,Highly Skilled,1070,27820,8,48,2,1 day/week,Yes,2026
Karnataka,Carpenter,Highly Skilled,1080,28080,8,48,2,1 day/week,Yes,2026
Kerala,Carpenter,Highly Skilled,1090,28340,8,48,2,1 day/week,Yes,2026
Telangana,Carpenter,Highly Skilled,1100,28600,8,48,2,1 day/week,Yes,2026
Maharashtra,Carpenter,Highly Skilled,1110,28860,8,48,2,1 day/week,Yes,2026
Andhra Pradesh,Carpenter,Highly Skilled,1120,29120,8,48,2,1 day/week,Yes,2026
Gujarat,Carpenter,Highly Skilled,1130,29380,8,48,2,1 day/week,Yes,2026
Rajasthan,Carpenter,Highly Skilled,1140,29640,8,48,2,1 day/week,Yes,2026
Delhi,Carpenter,Highly Skilled,1150,29900,8,48,2,1 day/week,Yes,2026
West Bengal,Carpenter,Highly Skilled,1160,30160,8,48,2,1 day/week,Yes,2026
Tamil Nadu,Welder,Highly Skilled,980,25480,8,48,2,1 day/week,Yes,2026
Karnataka,Welder,Highly Skilled,990,25740,8,48,2,1 day/week,Yes,2026
Kerala,Welder,Highly Skilled,1000,26000,8,48,2,1 day/week,Yes,2026
Telangana,Welder,Highly Skilled,1010,26260,8,48,2,1 day/week,Yes,2026
Maharashtra,Welder,Highly Skilled,1020,26520,8,48,2,1 day/week,Yes,2026
Andhra Pradesh,Welder,Highly Skilled,1030,26780,8,48,2,1 day/week,Yes,2026
Gujarat,Welder,Highly Skilled,1040,27040,8,48,2,1 day/week,Yes,2026
Rajasthan,Welder,Highly Skilled,1050,27300,8,48,2,1 day/week,Yes,2026
Delhi,Welder,Highly Skilled,1060,27560,8,48,2,1 day/week,Yes,2026
West Bengal,Welder,Highly Skilled,1070,27820,8,48,2,1 day/week,Yes,2026
Tamil Nadu,Driver,Highly Skilled,995,25870,8,48,2,1 day/week,Yes,2026
Karnataka,Driver,Highly Skilled,1005,26130,8,48,2,1 day/week,Yes,2026
Kerala,Driver,Highly Skilled,1015,26390,8,48,2,1 day/week,Yes,2026
Telangana,Driver,Highly Skilled,1025,26650,8,48,2,1 day/week,Yes,2026
Maharashtra,Driver,Highly Skilled,1035,26910,8,48,2,1 day/week,Yes,2026
Andhra Pradesh,Driver,Highly Skilled,1045,27170,8,48,2,1 day/week,Yes,2026
Gujarat,Driver,Highly Skilled,1055,27430,8,48,2,1 day/week,Yes,2026
Rajasthan,Driver,Highly Skilled,1065,27690,8,48,2,1 day/week,Yes,2026
Delhi,Driver,Highly Skilled,1075,27950,8,48,2,1 day/week,Yes,2026
West Bengal,Driver,Highly Skilled,1085,28210,8,48,2,1 day/week,Yes,2026
Tamil Nadu,Office Assistant,Highly Skilled,1010,26260,8,48,2,1 day/week,Yes,2026
Karnataka,Office Assistant,Highly Skilled,1020,26520,8,48,2,1 day/week,Yes,2026
Kerala,Office Assistant,Highly Skilled,1030,26780,8,48,2,1 day/week,Yes,2026
Telangana,Office Assistant,Highly Skilled,1040,27040,8,48,2,1 day/week,Yes,2026
Maharashtra,Office Assistant,Highly Skilled,1050,27300,8,48,2,1 day/week,Yes,2026
Andhra Pradesh,Office Assistant,Highly Skilled,1060,27560,8,48,2,1 day/week,Yes,2026
Gujarat,Office Assistant,Highly Skilled,1070,27820,8,48,2,1 day/week,Yes,2026
Rajasthan,Office Assistant,Highly Skilled,1080,28080,8,48,2,1 day/week,Yes,2026
Delhi,Office Assistant,Highly Skilled,1090,28340,8,48,2,1 day/week,Yes,2026
West Bengal,Office Assistant,Highly Skilled,1100,28600,8,48,2,1 day/week,Yes,2026
Tamil Nadu,Data Entry Operator,Highly Skilled,1025,26650,8,48,2,1 day/week,Yes,2026
Karnataka,Data Entry Operator,Highly Skilled,1035,26910,8,48,2,1 day/week,Yes,2026
Kerala,Data Entry Operator,Highly Skilled,1045,27170,8,48,2,1 day/week,Yes,2026
Telangana,Data Entry Operator,Highly Skilled,1055,27430,8,48,2,1 day/week,Yes,2026
Maharashtra,Data Entry Operator,Highly Skilled,1065,27690,8,48,2,1 day/week,Yes,2026
Andhra Pradesh,Data Entry Operator,Highly Skilled,1075,27950,8,48,2,1 day/week,Yes,2026
Gujarat,Data Entry Operator,Highly Skilled,1085,28210,8,48,2,1 day/week,Yes,2026
Rajasthan,Data Entry Operator,Highly Skilled,1095,28470,8,48,2,1 day/week,Yes,2026
Delhi,Data Entry Operator,Highly Skilled,1105,28730,8,48,2,1 day/week,Yes,2026
West Bengal,Data Entry Operator,Highly Skilled,1115,28990,8,48,2,1 day/week,Yes,2026
Tamil Nadu,Receptionist,Highly Skilled,1040,27040,8,48,2,1 day/week,Yes,2026
Karnataka,Receptionist,Highly Skilled,1050,27300,8,48,2,1 day/week,Yes,2026
Kerala,Receptionist,Highly Skilled,1060,27560,8,48,2,1 day/week,Yes,2026
Telangana,Receptionist,Highly Skilled,1070,27820,8,48,2,1 day/week,Yes,2026
Maharashtra,Receptionist,Highly Skilled,1080,28080,8,48,2,1 day/week,Yes,2026
Andhra Pradesh,Receptionist,Highly Skilled,1090,28340,8,48,2,1 day/week,Yes,2026
Gujarat,Receptionist,Highly Skilled,1100,28600,8,48,2,1 day/week,Yes,2026
Rajasthan,Receptionist,Highly Skilled,1110,28860,8,48,2,1 day/week,Yes,2026
Delhi,Receptionist,Highly Skilled,1120,29120,8,48,2,1 day/week,Yes,2026
West Bengal,Receptionist,Highly Skilled,1130,29380,8,48,2,1 day/week,Yes,2026
Tamil Nadu,Cook,Highly Skilled,1055,27430,8,48,2,1 day/week,Yes,2026
Karnataka,Cook,Highly Skilled,1065,27690,8,48,2,1 day/week,Yes,2026
Kerala,Cook,Highly Skilled,1075,27950,8,48,2,1 day/week,Yes,2026
Telangana,Cook,Highly Skilled,1085,28210,8,48,2,1 day/week,Yes,2026
Maharashtra,Cook,Highly Skilled,1095,28470,8,48,2,1 day/week,Yes,2026
Andhra Pradesh,Cook,Highly Skilled,1105,28730,8,48,2,1 day/week,Yes,2026
Gujarat,Cook,Highly Skilled,1115,28990,8,48,2,1 day/week,Yes,2026
Rajasthan,Cook,Highly Skilled,1125,29250,8,48,2,1 day/week,Yes,2026
Delhi,Cook,Highly Skilled,1135,29510,8,48,2,1 day/week,Yes,2026
West Bengal,Cook,Highly Skilled,1145,29770,8,48,2,1 day/week,Yes,2026
Tamil Nadu,Construction Labourer,Highly Skilled,1070,27820,8,48,2,1 day/week,Yes,2026
Karnataka,Construction Labourer,Highly Skilled,1080,28080,8,48,2,1 day/week,Yes,2026
Kerala,Construction Labourer,Highly Skilled,1090,28340,8,48,2,1 day/week,Yes,2026
Telangana,Construction Labourer,Highly Skilled,1100,28600,8,48,2,1 day/week,Yes,2026
Maharashtra,Construction Labourer,Highly Skilled,1110,28860,8,48,2,1 day/week,Yes,2026
Andhra Pradesh,Construction Labourer,Highly Skilled,1120,29120,8,48,2,1 day/week,Yes,2026
Gujarat,Construction Labourer,Highly Skilled,1130,29380,8,48,2,1 day/week,Yes,2026
Rajasthan,Construction Labourer,Highly Skilled,1140,29640,8,48,2,1 day/week,Yes,2026
Delhi,Construction Labourer,Highly Skilled,1150,29900,8,48,2,1 day/week,Yes,2026
West Bengal,Construction Labourer,Highly Skilled,1160,30160,8,48,2,1 day/week,Yes,2026
Tamil Nadu,Helper,Highly Skilled,980,25480,8,48,2,1 day/week,Yes,2026
Karnataka,Helper,Highly Skilled,990,25740,8,48,2,1 day/week,Yes,2026
Kerala,Helper,Highly Skilled,1000,26000,8,48,2,1 day/week,Yes,2026
Telangana,Helper,Highly Skilled,1010,26260,8,48,2,1 day/week,Yes,2026
Maharashtra,Helper,Highly Skilled,1020,26520,8,48,2,1 day/week,Yes,2026
Andhra Pradesh,Helper,Highly Skilled,1030,26780,8,48,2,1 day/week,Yes,2026
Gujarat,Helper,Highly Skilled,1040,27040,8,48,2,1 day/week,Yes,2026
Rajasthan,Helper,Highly Skilled,1050,27300,8,48,2,1 day/week,Yes,2026
Delhi,Helper,Highly Skilled,1060,27560,8,48,2,1 day/week,Yes,2026
West Bengal,Helper,Highly Skilled,1070,27820,8,48,2,1 day/week,Yes,2026
Tamil Nadu,Mason,Highly Skilled,995,25870,8,48,2,1 day/week,Yes,2026
Karnataka,Mason,Highly Skilled,1005,26130,8,48,2,1 day/week,Yes,2026
Kerala,Mason,Highly Skilled,1015,26390,8,48,2,1 day/week,Yes,2026
Telangana,Mason,Highly Skilled,1025,26650,8,48,2,1 day/week,Yes,2026
Maharashtra,Mason,Highly Skilled,1035,26910,8,48,2,1 day/week,Yes,2026
Andhra Pradesh,Mason,Highly Skilled,1045,27170,8,48,2,1 day/week,Yes,2026
Gujarat,Mason,Highly Skilled,1055,27430,8,48,2,1 day/week,Yes,2026
Rajasthan,Mason,Highly Skilled,1065,27690,8,48,2,1 day/week,Yes,2026
Delhi,Mason,Highly Skilled,1075,27950,8,48,2,1 day/week,Yes,2026
West Bengal,Mason,Highly Skilled,1085,28210,8,48,2,1 day/week,Yes,2026
Tamil Nadu,Painter,Highly Skilled,1010,26260,8,48,2,1 day/week,Yes,2026
Karnataka,Painter,Highly Skilled,1020,26520,8,48,2,1 day/week,Yes,2026
Kerala,Painter,Highly Skilled,1030,26780,8,48,2,1 day/week,Yes,2026
Telangana,Painter,Highly Skilled,1040,27040,8,48,2,1 day/week,Yes,2026
Maharashtra,Painter,Highly Skilled,1050,27300,8,48,2,1 day/week,Yes,2026
Andhra Pradesh,Painter,Highly Skilled,1060,27560,8,48,2,1 day/week,Yes,2026
Gujarat,Painter,Highly Skilled,1070,27820,8,48,2,1 day/week,Yes,2026
Rajasthan,Painter,Highly Skilled,1080,28080,8,48,2,1 day/week,Yes,2026
Delhi,Painter,Highly Skilled,1090,28340,8,48,2,1 day/week,Yes,2026
West Bengal,Painter,Highly Skilled,1100,28600,8,48,2,1 day/week,Yes,2026
Tamil Nadu,Machine Operator,Highly Skilled,1025,26650,8,48,2,1 day/week,Yes,2026
Karnataka,Machine Operator,Highly Skilled,1035,26910,8,48,2,1 day/week,Yes,2026
Kerala,Machine Operator,Highly Skilled,1045,27170,8,48,2,1 day/week,Yes,2026
Telangana,Machine Operator,Highly Skilled,1055,27430,8,48,2,1 day/week,Yes,2026
Maharashtra,Machine Operator,Highly Skilled,1065,27690,8,48,2,1 day/week,Yes,2026
Andhra Pradesh,Machine Operator,Highly Skilled,1075,27950,8,48,2,1 day/week,Yes,2026
Gujarat,Machine Operator,Highly Skilled,1085,28210,8,48,2,1 day/week,Yes,2026
Rajasthan,Machine Operator,Highly Skilled,1095,28470,8,48,2,1 day/week,Yes,2026
Delhi,Machine Operator,Highly Skilled,1105,28730,8,48,2,1 day/week,Yes,2026
West Bengal,Machine Operator,Highly Skilled,1115,28990,8,48,2,1 day/week,Yes,2026
Tamil Nadu,Delivery Executive,Highly Skilled,1040,27040,8,48,2,1 day/week,Yes,2026
Karnataka,Delivery Executive,Highly Skilled,1050,27300,8,48,2,1 day/week,Yes,2026
Kerala,Delivery Executive,Highly Skilled,1060,27560,8,48,2,1 day/week,Yes,2026
Telangana,Delivery Executive,Highly Skilled,1070,27820,8,48,2,1 day/week,Yes,2026
Maharashtra,Delivery Executive,Highly Skilled,1080,28080,8,48,2,1 day/week,Yes,2026
Andhra Pradesh,Delivery Executive,Highly Skilled,1090,28340,8,48,2,1 day/week,Yes,2026
Gujarat,Delivery Executive,Highly Skilled,1100,28600,8,48,2,1 day/week,Yes,2026
Rajasthan,Delivery Executive,Highly Skilled,1110,28860,8,48,2,1 day/week,Yes,2026
Delhi,Delivery Executive,Highly Skilled,1120,29120,8,48,2,1 day/week,Yes,2026
West Bengal,Delivery Executive,Highly Skilled,1130,29380,8,48,2,1 day/week,Yes,2026
Tamil Nadu,Hospital Attendant,Highly Skilled,1055,27430,8,48,2,1 day/week,Yes,2026
Karnataka,Hospital Attendant,Highly Skilled,1065,27690,8,48,2,1 day/week,Yes,2026
Kerala,Hospital Attendant,Highly Skilled,1075,27950,8,48,2,1 day/week,Yes,2026
Telangana,Hospital Attendant,Highly Skilled,1085,28210,8,48,2,1 day/week,Yes,2026
Maharashtra,Hospital Attendant,Highly Skilled,1095,28470,8,48,2,1 day/week,Yes,2026
Andhra Pradesh,Hospital Attendant,Highly Skilled,1105,28730,8,48,2,1 day/week,Yes,2026
Gujarat,Hospital Attendant,Highly Skilled,1115,28990,8,48,2,1 day/week,Yes,2026
Rajasthan,Hospital Attendant,Highly Skilled,1125,29250,8,48,2,1 day/week,Yes,2026
Delhi,Hospital Attendant,Highly Skilled,1135,29510,8,48,2,1 day/week,Yes,2026
West Bengal,Hospital Attendant,Highly Skilled,1145,29770,8,48,2,1 day/week,Yes,2026
Tamil Nadu,Warehouse Worker,Highly Skilled,1070,27820,8,48,2,1 day/week,Yes,2026
Karnataka,Warehouse Worker,Highly Skilled,1080,28080,8,48,2,1 day/week,Yes,2026
Kerala,Warehouse Worker,Highly Skilled,1090,28340,8,48,2,1 day/week,Yes,2026
Telangana,Warehouse Worker,Highly Skilled,1100,28600,8,48,2,1 day/week,Yes,2026
Maharashtra,Warehouse Worker,Highly Skilled,1110,28860,8,48,2,1 day/week,Yes,2026
Andhra Pradesh,Warehouse Worker,Highly Skilled,1120,29120,8,48,2,1 day/week,Yes,2026
Gujarat,Warehouse Worker,Highly Skilled,1130,29380,8,48,2,1 day/week,Yes,2026
Rajasthan,Warehouse Worker,Highly Skilled,1140,29640,8,48,2,1 day/week,Yes,2026
Delhi,Warehouse Worker,Highly Skilled,1150,29900,8,48,2,1 day/week,Yes,2026
West Bengal,Warehouse Worker,Highly Skilled,1160,30160,8,48,2,1 day/week,Yes,2026
Tamil Nadu,Packer,Highly Skilled,980,25480,8,48,2,1 day/week,Yes,2026
Karnataka,Packer,Highly Skilled,990,25740,8,48,2,1 day/week,Yes,2026
Kerala,Packer,Highly Skilled,1000,26000,8,48,2,1 day/week,Yes,2026
Telangana,Packer,Highly Skilled,1010,26260,8,48,2,1 day/week,Yes,2026
Maharashtra,Packer,Highly Skilled,1020,26520,8,48,2,1 day/week,Yes,2026
Andhra Pradesh,Packer,Highly Skilled,1030,26780,8,48,2,1 day/week,Yes,2026
Gujarat,Packer,Highly Skilled,1040,27040,8,48,2,1 day/week,Yes,2026
Rajasthan,Packer,Highly Skilled,1050,27300,8,48,2,1 day/week,Yes,2026
Delhi,Packer,Highly Skilled,1060,27560,8,48,2,1 day/week,Yes,2026
West Bengal,Packer,Highly Skilled,1070,27820,8,48,2,1 day/week,Yes,2026
Tamil Nadu,Gardener,Highly Skilled,995,25870,8,48,2,1 day/week,Yes,2026
Karnataka,Gardener,Highly Skilled,1005,26130,8,48,2,1 day/week,Yes,2026
Kerala,Gardener,Highly Skilled,1015,26390,8,48,2,1 day/week,Yes,2026
Telangana,Gardener,Highly Skilled,1025,26650,8,48,2,1 day/week,Yes,2026
Maharashtra,Gardener,Highly Skilled,1035,26910,8,48,2,1 day/week,Yes,2026
Andhra Pradesh,Gardener,Highly Skilled,1045,27170,8,48,2,1 day/week,Yes,2026
Gujarat,Gardener,Highly Skilled,1055,27430,8,48,2,1 day/week,Yes,2026
Rajasthan,Gardener,Highly Skilled,1065,27690,8,48,2,1 day/week,Yes,2026
Delhi,Gardener,Highly Skilled,1075,27950,8,48,2,1 day/week,Yes,2026
West Bengal,Gardener,Highly Skilled,1085,28210,8,48,2,1 day/week,Yes,2026
Tamil Nadu,Watchman,Highly Skilled,1010,26260,8,48,2,1 day/week,Yes,2026
Karnataka,Watchman,Highly Skilled,1020,26520,8,48,2,1 day/week,Yes,2026
Kerala,Watchman,Highly Skilled,1030,26780,8,48,2,1 day/week,Yes,2026
Telangana,Watchman,Highly Skilled,1040,27040,8,48,2,1 day/week,Yes,2026
Maharashtra,Watchman,Highly Skilled,1050,27300,8,48,2,1 day/week,Yes,2026
Andhra Pradesh,Watchman,Highly Skilled,1060,27560,8,48,2,1 day/week,Yes,2026
Gujarat,Watchman,Highly Skilled,1070,27820,8,48,2,1 day/week,Yes,2026
Rajasthan,Watchman,Highly Skilled,1080,28080,8,48,2,1 day/week,Yes,2026
Delhi,Watchman,Highly Skilled,1090,28340,8,48,2,1 day/week,Yes,2026
West Bengal,Watchman,Highly Skilled,1100,28600,8,48,2,1 day/week,Yes,2026
Tamil Nadu,Mechanic,Highly Skilled,1025,26650,8,48,2,1 day/week,Yes,2026
Karnataka,Mechanic,Highly Skilled,1035,26910,8,48,2,1 day/week,Yes,2026
Kerala,Mechanic,Highly Skilled,1045,27170,8,48,2,1 day/week,Yes,2026
Telangana,Mechanic,Highly Skilled,1055,27430,8,48,2,1 day/week,Yes,2026
Maharashtra,Mechanic,Highly Skilled,1065,27690,8,48,2,1 day/week,Yes,2026
Andhra Pradesh,Mechanic,Highly Skilled,1075,27950,8,48,2,1 day/week,Yes,2026
Gujarat,Mechanic,Highly Skilled,1085,28210,8,48,2,1 day/week,Yes,2026
Rajasthan,Mechanic,Highly Skilled,1095,28470,8,48,2,1 day/week,Yes,2026
Delhi,Mechanic,Highly Skilled,1105,28730,8,48,2,1 day/week,Yes,2026
West Bengal,Mechanic,Highly Skilled,1115,28990,8,48,2,1 day/week,Yes,2026
Tamil Nadu,Cashier,Highly Skilled,1040,27040,8,48,2,1 day/week,Yes,2026
Karnataka,Cashier,Highly Skilled,1050,27300,8,48,2,1 day/week,Yes,2026
Kerala,Cashier,Highly Skilled,1060,27560,8,48,2,1 day/week,Yes,2026
Telangana,Cashier,Highly Skilled,1070,27820,8,48,2,1 day/week,Yes,2026
Maharashtra,Cashier,Highly Skilled,1080,28080,8,48,2,1 day/week,Yes,2026
Andhra Pradesh,Cashier,Highly Skilled,1090,28340,8,48,2,1 day/week,Yes,2026
Gujarat,Cashier,Highly Skilled,1100,28600,8,48,2,1 day/week,Yes,2026
Rajasthan,Cashier,Highly Skilled,1110,28860,8,48,2,1 day/week,Yes,2026
Delhi,Cashier,Highly Skilled,1120,29120,8,48,2,1 day/week,Yes,2026
West Bengal,Cashier,Highly Skilled,1130,29380,8,48,2,1 day/week,Yes,2026
Tamil Nadu,Retail Associate,Highly Skilled,1055,27430,8,48,2,1 day/week,Yes,2026
Karnataka,Retail Associate,Highly Skilled,1065,27690,8,48,2,1 day/week,Yes,2026
Kerala,Retail Associate,Highly Skilled,1075,27950,8,48,2,1 day/week,Yes,2026
Telangana,Retail Associate,Highly Skilled,1085,28210,8,48,2,1 day/week,Yes,2026
Maharashtra,Retail Associate,Highly Skilled,1095,28470,8,48,2,1 day/week,Yes,2026
Andhra Pradesh,Retail Associate,Highly Skilled,1105,28730,8,48,2,1 day/week,Yes,2026
Gujarat,Retail Associate,Highly Skilled,1115,28990,8,48,2,1 day/week,Yes,2026
Rajasthan,Retail Associate,Highly Skilled,1125,29250,8,48,2,1 day/week,Yes,2026
Delhi,Retail Associate,Highly Skilled,1135,29510,8,48,2,1 day/week,Yes,2026
West Bengal,Retail Associate,Highly Skilled,1145,29770,8,48,2,1 day/week,Yes,2026
Tamil Nadu,Tailor,Highly Skilled,1070,27820,8,48,2,1 day/week,Yes,2026
Karnataka,Tailor,Highly Skilled,1080,28080,8,48,2,1 day/week,Yes,2026
Kerala,Tailor,Highly Skilled,1090,28340,8,48,2,1 day/week,Yes,2026
Telangana,Tailor,Highly Skilled,1100,28600,8,48,2,1 day/week,Yes,2026
Maharashtra,Tailor,Highly Skilled,1110,28860,8,48,2,1 day/week,Yes,2026
Andhra Pradesh,Tailor,Highly Skilled,1120,29120,8,48,2,1 day/week,Yes,2026
Gujarat,Tailor,Highly Skilled,1130,29380,8,48,2,1 day/week,Yes,2026
Rajasthan,Tailor,Highly Skilled,1140,29640,8,48,2,1 day/week,Yes,2026
Delhi,Tailor,Highly Skilled,1150,29900,8,48,2,1 day/week,Yes,2026
West Bengal,Tailor,Highly Skilled,1160,30160,8,48,2,1 day/week,Yes,2026
Tamil Nadu,Loader,Highly Skilled,980,25480,8,48,2,1 day/week,Yes,2026
Karnataka,Loader,Highly Skilled,990,25740,8,48,2,1 day/week,Yes,2026
Kerala,Loader,Highly Skilled,1000,26000,8,48,2,1 day/week,Yes,2026
Telangana,Loader,Highly Skilled,1010,26260,8,48,2,1 day/week,Yes,2026
Maharashtra,Loader,Highly Skilled,1020,26520,8,48,2,1 day/week,Yes,2026
Andhra Pradesh,Loader,Highly Skilled,1030,26780,8,48,2,1 day/week,Yes,2026
Gujarat,Loader,Highly Skilled,1040,27040,8,48,2,1 day/week,Yes,2026
Rajasthan,Loader,Highly Skilled,1050,27300,8,48,2,1 day/week,Yes,2026
Delhi,Loader,Highly Skilled,1060,27560,8,48,2,1 day/week,Yes,2026
West Bengal,Loader,Highly Skilled,1070,27820,8,48,2,1 day/week,Yes,2026
Tamil Nadu,Technician,Highly Skilled,995,25870,8,48,2,1 day/week,Yes,2026
Karnataka,Technician,Highly Skilled,1005,26130,8,48,2,1 day/week,Yes,2026
Kerala,Technician,Highly Skilled,1015,26390,8,48,2,1 day/week,Yes,2026
Telangana,Technician,Highly Skilled,1025,26650,8,48,2,1 day/week,Yes,2026
Maharashtra,Technician,Highly Skilled,1035,26910,8,48,2,1 day/week,Yes,2026
Andhra Pradesh,Technician,Highly Skilled,1045,27170,8,48,2,1 day/week,Yes,2026
Gujarat,Technician,Highly Skilled,1055,27430,8,48,2,1 day/week,Yes,2026
Rajasthan,Technician,Highly Skilled,1065,27690,8,48,2,1 day/week,Yes,2026
Delhi,Technician,Highly Skilled,1075,27950,8,48,2,1 day/week,Yes,2026
West Bengal,Technician,Highly Skilled,1085,28210,8,48,2,1 day/week,Yes,2026
Tamil Nadu,Fitter,Highly Skilled,1010,26260,8,48,2,1 day/week,Yes,2026
Karnataka,Fitter,Highly Skilled,1020,26520,8,48,2,1 day/week,Yes,2026
Kerala,Fitter,Highly Skilled,1030,26780,8,48,2,1 day/week,Yes,2026
Telangana,Fitter,Highly Skilled,1040,27040,8,48,2,1 day/week,Yes,2026
Maharashtra,Fitter,Highly Skilled,1050,27300,8,48,2,1 day/week,Yes,2026
Andhra Pradesh,Fitter,Highly Skilled,1060,27560,8,48,2,1 day/week,Yes,2026
Gujarat,Fitter,Highly Skilled,1070,27820,8,48,2,1 day/week,Yes,2026
Rajasthan,Fitter,Highly Skilled,1080,28080,8,48,2,1 day/week,Yes,2026
Delhi,Fitter,Highly Skilled,1090,28340,8,48,2,1 day/week,Yes,2026
West Bengal,Fitter,Highly Skilled,1100,28600,8,48,2,1 day/week,Yes,2026
Tamil Nadu,Assembler,Highly Skilled,1025,26650,8,48,2,1 day/week,Yes,2026
Karnataka,Assembler,Highly Skilled,1035,26910,8,48,2,1 day/week,Yes,2026
Kerala,Assembler,Highly Skilled,1045,27170,8,48,2,1 day/week,Yes,2026
Telangana,Assembler,Highly Skilled,1055,27430,8,48,2,1 day/week,Yes,2026
Maharashtra,Assembler,Highly Skilled,1065,27690,8,48,2,1 day/week,Yes,2026
Andhra Pradesh,Assembler,Highly Skilled,1075,27950,8,48,2,1 day/week,Yes,2026
Gujarat,Assembler,Highly Skilled,1085,28210,8,48,2,1 day/week,Yes,2026
Rajasthan,Assembler,Highly Skilled,1095,28470,8,48,2,1 day/week,Yes,2026
Delhi,Assembler,Highly Skilled,1105,28730,8,48,2,1 day/week,Yes,2026
West Bengal,Assembler,Highly Skilled,1115,28990,8,48,2,1 day/week,Yes,2026
Tamil Nadu,Quality Inspector,Highly Skilled,1040,27040,8,48,2,1 day/week,Yes,2026
Karnataka,Quality Inspector,Highly Skilled,1050,27300,8,48,2,1 day/week,Yes,2026
Kerala,Quality Inspector,Highly Skilled,1060,27560,8,48,2,1 day/week,Yes,2026
Telangana,Quality Inspector,Highly Skilled,1070,27820,8,48,2,1 day/week,Yes,2026
Maharashtra,Quality Inspector,Highly Skilled,1080,28080,8,48,2,1 day/week,Yes,2026
Andhra Pradesh,Quality Inspector,Highly Skilled,1090,28340,8,48,2,1 day/week,Yes,2026
Gujarat,Quality Inspector,Highly Skilled,1100,28600,8,48,2,1 day/week,Yes,2026
Rajasthan,Quality Inspector,Highly Skilled,1110,28860,8,48,2,1 day/week,Yes,2026
Delhi,Quality Inspector,Highly Skilled,1120,29120,8,48,2,1 day/week,Yes,2026
West Bengal,Quality Inspector,Highly Skilled,1130,29380,8,48,2,1 day/week,Yes,2026
Tamil Nadu,Forklift Operator,Highly Skilled,1055,27430,8,48,2,1 day/week,Yes,2026
Karnataka,Forklift Operator,Highly Skilled,1065,27690,8,48,2,1 day/week,Yes,2026
Kerala,Forklift Operator,Highly Skilled,1075,27950,8,48,2,1 day/week,Yes,2026
Telangana,Forklift Operator,Highly Skilled,1085,28210,8,48,2,1 day/week,Yes,2026
Maharashtra,Forklift Operator,Highly Skilled,1095,28470,8,48,2,1 day/week,Yes,2026
Andhra Pradesh,Forklift Operator,Highly Skilled,1105,28730,8,48,2,1 day/week,Yes,2026
Gujarat,Forklift Operator,Highly Skilled,1115,28990,8,48,2,1 day/week,Yes,2026
Rajasthan,Forklift Operator,Highly Skilled,1125,29250,8,48,2,1 day/week,Yes,2026
Delhi,Forklift Operator,Highly Skilled,1135,29510,8,48,2,1 day/week,Yes,2026
West Bengal,Forklift Operator,Highly Skilled,1145,29770,8,48,2,1 day/week,Yes,2026
Tamil Nadu,Supervisor,Highly Skilled,1070,27820,8,48,2,1 day/week,Yes,2026
Karnataka,Supervisor,Highly Skilled,1080,28080,8,48,2,1 day/week,Yes,2026
Kerala,Supervisor,Highly Skilled,1090,28340,8,48,2,1 day/week,Yes,2026
Telangana,Supervisor,Highly Skilled,1100,28600,8,48,2,1 day/week,Yes,2026
Maharashtra,Supervisor,Highly Skilled,1110,28860,8,48,2,1 day/week,Yes,2026
Andhra Pradesh,Supervisor,Highly Skilled,1120,29120,8,48,2,1 day/week,Yes,2026
Gujarat,Supervisor,Highly Skilled,1130,29380,8,48,2,1 day/week,Yes,2026
Rajasthan,Supervisor,Highly Skilled,1140,29640,8,48,2,1 day/week,Yes,2026
Delhi,Supervisor,Highly Skilled,1150,29900,8,48,2,1 day/week,Yes,2026
West Bengal,Supervisor,Highly Skilled,1160,30160,8,48,2,1 day/week,Yes,2026
Tamil Nadu,Office Boy,Highly Skilled,980,25480,8,48,2,1 day/week,Yes,2026
Karnataka,Office Boy,Highly Skilled,990,25740,8,48,2,1 day/week,Yes,2026
Kerala,Office Boy,Highly Skilled,1000,26000,8,48,2,1 day/week,Yes,2026
Telangana,Office Boy,Highly Skilled,1010,26260,8,48,2,1 day/week,Yes,2026
Maharashtra,Office Boy,Highly Skilled,1020,26520,8,48,2,1 day/week,Yes,2026
Andhra Pradesh,Office Boy,Highly Skilled,1030,26780,8,48,2,1 day/week,Yes,2026
Gujarat,Office Boy,Highly Skilled,1040,27040,8,48,2,1 day/week,Yes,2026
Rajasthan,Office Boy,Highly Skilled,1050,27300,8,48,2,1 day/week,Yes,2026
Delhi,Office Boy,Highly Skilled,1060,27560,8,48,2,1 day/week,Yes,2026
West Bengal,Office Boy,Highly Skilled,1070,27820,8,48,2,1 day/week,Yes,2026
Tamil Nadu,Janitor,Highly Skilled,995,25870,8,48,2,1 day/week,Yes,2026
Karnataka,Janitor,Highly Skilled,1005,26130,8,48,2,1 day/week,Yes,2026
Kerala,Janitor,Highly Skilled,1015,26390,8,48,2,1 day/week,Yes,2026
Telangana,Janitor,Highly Skilled,1025,26650,8,48,2,1 day/week,Yes,2026
Maharashtra,Janitor,Highly Skilled,1035,26910,8,48,2,1 day/week,Yes,2026
Andhra Pradesh,Janitor,Highly Skilled,1045,27170,8,48,2,1 day/week,Yes,2026
Gujarat,Janitor,Highly Skilled,1055,27430,8,48,2,1 day/week,Yes,2026
Rajasthan,Janitor,Highly Skilled,1065,27690,8,48,2,1 day/week,Yes,2026
Delhi,Janitor,Highly Skilled,1075,27950,8,48,2,1 day/week,Yes,2026
West Bengal,Janitor,Highly Skilled,1085,28210,8,48,2,1 day/week,Yes,2026
Tamil Nadu,Lab Assistant,Highly Skilled,1010,26260,8,48,2,1 day/week,Yes,2026
Karnataka,Lab Assistant,Highly Skilled,1020,26520,8,48,2,1 day/week,Yes,2026
Kerala,Lab Assistant,Highly Skilled,1030,26780,8,48,2,1 day/week,Yes,2026
Telangana,Lab Assistant,Highly Skilled,1040,27040,8,48,2,1 day/week,Yes,2026
Maharashtra,Lab Assistant,Highly Skilled,1050,27300,8,48,2,1 day/week,Yes,2026
Andhra Pradesh,Lab Assistant,Highly Skilled,1060,27560,8,48,2,1 day/week,Yes,2026
Gujarat,Lab Assistant,Highly Skilled,1070,27820,8,48,2,1 day/week,Yes,2026
Rajasthan,Lab Assistant,Highly Skilled,1080,28080,8,48,2,1 day/week,Yes,2026
Delhi,Lab Assistant,Highly Skilled,1090,28340,8,48,2,1 day/week,Yes,2026
West Bengal,Lab Assistant,Highly Skilled,1100,28600,8,48,2,1 day/week,Yes,2026
Tamil Nadu,Nurse Assistant,Highly Skilled,1025,26650,8,48,2,1 day/week,Yes,2026
Karnataka,Nurse Assistant,Highly Skilled,1035,26910,8,48,2,1 day/week,Yes,2026
Kerala,Nurse Assistant,Highly Skilled,1045,27170,8,48,2,1 day/week,Yes,2026
Telangana,Nurse Assistant,Highly Skilled,1055,27430,8,48,2,1 day/week,Yes,2026
Maharashtra,Nurse Assistant,Highly Skilled,1065,27690,8,48,2,1 day/week,Yes,2026
Andhra Pradesh,Nurse Assistant,Highly Skilled,1075,27950,8,48,2,1 day/week,Yes,2026
Gujarat,Nurse Assistant,Highly Skilled,1085,28210,8,48,2,1 day/week,Yes,2026
Rajasthan,Nurse Assistant,Highly Skilled,1095,28470,8,48,2,1 day/week,Yes,2026
Delhi,Nurse Assistant,Highly Skilled,1105,28730,8,48,2,1 day/week,Yes,2026
West Bengal,Nurse Assistant,Highly Skilled,1115,28990,8,48,2,1 day/week,Yes,2026
Tamil Nadu,Caregiver,Highly Skilled,1040,27040,8,48,2,1 day/week,Yes,2026
Karnataka,Caregiver,Highly Skilled,1050,27300,8,48,2,1 day/week,Yes,2026
Kerala,Caregiver,Highly Skilled,1060,27560,8,48,2,1 day/week,Yes,2026
Telangana,Caregiver,Highly Skilled,1070,27820,8,48,2,1 day/week,Yes,2026
Maharashtra,Caregiver,Highly Skilled,1080,28080,8,48,2,1 day/week,Yes,2026
Andhra Pradesh,Caregiver,Highly Skilled,1090,28340,8,48,2,1 day/week,Yes,2026
Gujarat,Caregiver,Highly Skilled,1100,28600,8,48,2,1 day/week,Yes,2026
Rajasthan,Caregiver,Highly Skilled,1110,28860,8,48,2,1 day/week,Yes,2026
Delhi,Caregiver,Highly Skilled,1120,29120,8,48,2,1 day/week,Yes,2026
West Bengal,Caregiver,Highly Skilled,1130,29380,8,48,2,1 day/week,Yes,2026
Tamil Nadu,Farm Worker,Highly Skilled,1055,27430,8,48,2,1 day/week,Yes,2026
Karnataka,Farm Worker,Highly Skilled,1065,27690,8,48,2,1 day/week,Yes,2026
Kerala,Farm Worker,Highly Skilled,1075,27950,8,48,2,1 day/week,Yes,2026
Telangana,Farm Worker,Highly Skilled,1085,28210,8,48,2,1 day/week,Yes,2026
Maharashtra,Farm Worker,Highly Skilled,1095,28470,8,48,2,1 day/week,Yes,2026
Andhra Pradesh,Farm Worker,Highly Skilled,1105,28730,8,48,2,1 day/week,Yes,2026
Gujarat,Farm Worker,Highly Skilled,1115,28990,8,48,2,1 day/week,Yes,2026
Rajasthan,Farm Worker,Highly Skilled,1125,29250,8,48,2,1 day/week,Yes,2026
Delhi,Farm Worker,Highly Skilled,1135,29510,8,48,2,1 day/week,Yes,2026
West Bengal,Farm Worker,Highly Skilled,1145,29770,8,48,2,1 day/week,Yes,2026
Tamil Nadu,Textile Worker,Highly Skilled,1070,27820,8,48,2,1 day/week,Yes,2026
Karnataka,Textile Worker,Highly Skilled,1080,28080,8,48,2,1 day/week,Yes,2026
Kerala,Textile Worker,Highly Skilled,1090,28340,8,48,2,1 day/week,Yes,2026
Telangana,Textile Worker,Highly Skilled,1100,28600,8,48,2,1 day/week,Yes,2026
Maharashtra,Textile Worker,Highly Skilled,1110,28860,8,48,2,1 day/week,Yes,2026
Andhra Pradesh,Textile Worker,Highly Skilled,1120,29120,8,48,2,1 day/week,Yes,2026
Gujarat,Textile Worker,Highly Skilled,1130,29380,8,48,2,1 day/week,Yes,2026
Rajasthan,Textile Worker,Highly Skilled,1140,29640,8,48,2,1 day/week,Yes,2026
Delhi,Textile Worker,Highly Skilled,1150,29900,8,48,2,1 day/week,Yes,2026
West Bengal,Textile Worker,Highly Skilled,1160,30160,8,48,2,1 day/week,Yes,2026
Tamil Nadu,Food Processing Worker,Highly Skilled,980,25480,8,48,2,1 day/week,Yes,2026
Karnataka,Food Processing Worker,Highly Skilled,990,25740,8,48,2,1 day/week,Yes,2026
Kerala,Food Processing Worker,Highly Skilled,1000,26000,8,48,2,1 day/week,Yes,2026
Telangana,Food Processing Worker,Highly Skilled,1010,26260,8,48,2,1 day/week,Yes,2026
Maharashtra,Food Processing Worker,Highly Skilled,1020,26520,8,48,2,1 day/week,Yes,2026
Andhra Pradesh,Food Processing Worker,Highly Skilled,1030,26780,8,48,2,1 day/week,Yes,2026
Gujarat,Food Processing Worker,Highly Skilled,1040,27040,8,48,2,1 day/week,Yes,2026
Rajasthan,Food Processing Worker,Highly Skilled,1050,27300,8,48,2,1 day/week,Yes,2026
Delhi,Food Processing Worker,Highly Skilled,1060,27560,8,48,2,1 day/week,Yes,2026
West Bengal,Food Processing Worker,Highly Skilled,1070,27820,8,48,2,1 day/week,Yes,2026
Tamil Nadu,Hotel Staff,Highly Skilled,995,25870,8,48,2,1 day/week,Yes,2026
Karnataka,Hotel Staff,Highly Skilled,1005,26130,8,48,2,1 day/week,Yes,2026
Kerala,Hotel Staff,Highly Skilled,1015,26390,8,48,2,1 day/week,Yes,2026
Telangana,Hotel Staff,Highly Skilled,1025,26650,8,48,2,1 day/week,Yes,2026
Maharashtra,Hotel Staff,Highly Skilled,1035,26910,8,48,2,1 day/week,Yes,2026
Andhra Pradesh,Hotel Staff,Highly Skilled,1045,27170,8,48,2,1 day/week,Yes,2026
Gujarat,Hotel Staff,Highly Skilled,1055,27430,8,48,2,1 day/week,Yes,2026
Rajasthan,Hotel Staff,Highly Skilled,1065,27690,8,48,2,1 day/week,Yes,2026
Delhi,Hotel Staff,Highly Skilled,1075,27950,8,48,2,1 day/week,Yes,2026
West Bengal,Hotel Staff,Highly Skilled,1085,28210,8,48,2,1 day/week,Yes,2026
Tamil Nadu,Kitchen Helper,Highly Skilled,1010,26260,8,48,2,1 day/week,Yes,2026
Karnataka,Kitchen Helper,Highly Skilled,1020,26520,8,48,2,1 day/week,Yes,2026
Kerala,Kitchen Helper,Highly Skilled,1030,26780,8,48,2,1 day/week,Yes,2026
Telangana,Kitchen Helper,Highly Skilled,1040,27040,8,48,2,1 day/week,Yes,2026
Maharashtra,Kitchen Helper,Highly Skilled,1050,27300,8,48,2,1 day/week,Yes,2026
Andhra Pradesh,Kitchen Helper,Highly Skilled,1060,27560,8,48,2,1 day/week,Yes,2026
Gujarat,Kitchen Helper,Highly Skilled,1070,27820,8,48,2,1 day/week,Yes,2026
Rajasthan,Kitchen Helper,Highly Skilled,1080,28080,8,48,2,1 day/week,Yes,2026
Delhi,Kitchen Helper,Highly Skilled,1090,28340,8,48,2,1 day/week,Yes,2026
West Bengal,Kitchen Helper,Highly Skilled,1100,28600,8,48,2,1 day/week,Yes,2026
Tamil Nadu,Security Supervisor,Highly Skilled,1025,26650,8,48,2,1 day/week,Yes,2026
Karnataka,Security Supervisor,Highly Skilled,1035,26910,8,48,2,1 day/week,Yes,2026
Kerala,Security Supervisor,Highly Skilled,1045,27170,8,48,2,1 day/week,Yes,2026
Telangana,Security Supervisor,Highly Skilled,1055,27430,8,48,2,1 day/week,Yes,2026
Maharashtra,Security Supervisor,Highly Skilled,1065,27690,8,48,2,1 day/week,Yes,2026
Andhra Pradesh,Security Supervisor,Highly Skilled,1075,27950,8,48,2,1 day/week,Yes,2026
Gujarat,Security Supervisor,Highly Skilled,1085,28210,8,48,2,1 day/week,Yes,2026
Rajasthan,Security Supervisor,Highly Skilled,1095,28470,8,48,2,1 day/week,Yes,2026
Delhi,Security Supervisor,Highly Skilled,1105,28730,8,48,2,1 day/week,Yes,2026
West Bengal,Security Supervisor,Highly Skilled,1115,28990,8,48,2,1 day/week,Yes,2026
Tamil Nadu,Field Executive,Highly Skilled,1040,27040,8,48,2,1 day/week,Yes,2026
Karnataka,Field Executive,Highly Skilled,1050,27300,8,48,2,1 day/week,Yes,2026
Kerala,Field Executive,Highly Skilled,1060,27560,8,48,2,1 day/week,Yes,2026
Telangana,Field Executive,Highly Skilled,1070,27820,8,48,2,1 day/week,Yes,2026
Maharashtra,Field Executive,Highly Skilled,1080,28080,8,48,2,1 day/week,Yes,2026
Andhra Pradesh,Field Executive,Highly Skilled,1090,28340,8,48,2,1 day/week,Yes,2026
Gujarat,Field Executive,Highly Skilled,1100,28600,8,48,2,1 day/week,Yes,2026
Rajasthan,Field Executive,Highly Skilled,1110,28860,8,48,2,1 day/week,Yes,2026
Delhi,Field Executive,Highly Skilled,1120,29120,8,48,2,1 day/week,Yes,2026
West Bengal,Field Executive,Highly Skilled,1130,29380,8,48,2,1 day/week,Yes,2026
Tamil Nadu,Sales Assistant,Highly Skilled,1055,27430,8,48,2,1 day/week,Yes,2026
Karnataka,Sales Assistant,Highly Skilled,1065,27690,8,48,2,1 day/week,Yes,2026
Kerala,Sales Assistant,Highly Skilled,1075,27950,8,48,2,1 day/week,Yes,2026
Telangana,Sales Assistant,Highly Skilled,1085,28210,8,48,2,1 day/week,Yes,2026
Maharashtra,Sales Assistant,Highly Skilled,1095,28470,8,48,2,1 day/week,Yes,2026
Andhra Pradesh,Sales Assistant,Highly Skilled,1105,28730,8,48,2,1 day/week,Yes,2026
Gujarat,Sales Assistant,Highly Skilled,1115,28990,8,48,2,1 day/week,Yes,2026
Rajasthan,Sales Assistant,Highly Skilled,1125,29250,8,48,2,1 day/week,Yes,2026
Delhi,Sales Assistant,Highly Skilled,1135,29510,8,48,2,1 day/week,Yes,2026
West Bengal,Sales Assistant,Highly Skilled,1145,29770,8,48,2,1 day/week,Yes,2026
Tamil Nadu,Packaging Operator,Highly Skilled,1070,27820,8,48,2,1 day/week,Yes,2026
Karnataka,Packaging Operator,Highly Skilled,1080,28080,8,48,2,1 day/week,Yes,2026
Kerala,Packaging Operator,Highly Skilled,1090,28340,8,48,2,1 day/week,Yes,2026
Telangana,Packaging Operator,Highly Skilled,1100,28600,8,48,2,1 day/week,Yes,2026
Maharashtra,Packaging Operator,Highly Skilled,1110,28860,8,48,2,1 day/week,Yes,2026
Andhra Pradesh,Packaging Operator,Highly Skilled,1120,29120,8,48,2,1 day/week,Yes,2026
Gujarat,Packaging Operator,Highly Skilled,1130,29380,8,48,2,1 day/week,Yes,2026
Rajasthan,Packaging Operator,Highly Skilled,1140,29640,8,48,2,1 day/week,Yes,2026
Delhi,Packaging Operator,Highly Skilled,1150,29900,8,48,2,1 day/week,Yes,2026
West Bengal,Packaging Operator,Highly Skilled,1160,30160,8,48,2,1 day/week,Yes,2026
Tamil Nadu,Store Keeper,Highly Skilled,980,25480,8,48,2,1 day/week,Yes,2026
Karnataka,Store Keeper,Highly Skilled,990,25740,8,48,2,1 day/week,Yes,2026
Kerala,Store Keeper,Highly Skilled,1000,26000,8,48,2,1 day/week,Yes,2026
Telangana,Store Keeper,Highly Skilled,1010,26260,8,48,2,1 day/week,Yes,2026
Maharashtra,Store Keeper,Highly Skilled,1020,26520,8,48,2,1 day/week,Yes,2026
Andhra Pradesh,Store Keeper,Highly Skilled,1030,26780,8,48,2,1 day/week,Yes,2026
Gujarat,Store Keeper,Highly Skilled,1040,27040,8,48,2,1 day/week,Yes,2026
Rajasthan,Store Keeper,Highly Skilled,1050,27300,8,48,2,1 day/week,Yes,2026
Delhi,Store Keeper,Highly Skilled,1060,27560,8,48,2,1 day/week,Yes,2026
West Bengal,Store Keeper,Highly Skilled,1070,27820,8,48,2,1 day/week,Yes,2026
Tamil Nadu,Security Guard,Unskilled,620,16120,8,48,2,1 day/week,Yes,2026
Karnataka,Security Guard,Unskilled,630,16380,8,48,2,1 day/week,Yes,2026
Kerala,Security Guard,Unskilled,640,16640,8,48,2,1 day/week,Yes,2026
Telangana,Security Guard,Unskilled,650,16900,8,48,2,1 day/week,Yes,2026
Maharashtra,Security Guard,Unskilled,660,17160,8,48,2,1 day/week,Yes,2026
Andhra Pradesh,Security Guard,Unskilled,670,17420,8,48,2,1 day/week,Yes,2026
Gujarat,Security Guard,Unskilled,680,17680,8,48,2,1 day/week,Yes,2026
Rajasthan,Security Guard,Unskilled,690,17940,8,48,2,1 day/week,Yes,2026
Delhi,Security Guard,Unskilled,700,18200,8,48,2,1 day/week,Yes,2026
West Bengal,Security Guard,Unskilled,710,18460,8,48,2,1 day/week,Yes,2026
Tamil Nadu,Housekeeping,Unskilled,635,16510,8,48,2,1 day/week,Yes,2026
Karnataka,Housekeeping,Unskilled,645,16770,8,48,2,1 day/week,Yes,2026
Kerala,Housekeeping,Unskilled,655,17030,8,48,2,1 day/week,Yes,2026
Telangana,Housekeeping,Unskilled,665,17290,8,48,2,1 day/week,Yes,2026
Maharashtra,Housekeeping,Unskilled,675,17550,8,48,2,1 day/week,Yes,2026
Andhra Pradesh,Housekeeping,Unskilled,685,17810,8,48,2,1 day/week,Yes,2026
Gujarat,Housekeeping,Unskilled,695,18070,8,48,2,1 day/week,Yes,2026
Rajasthan,Housekeeping,Unskilled,705,18330,8,48,2,1 day/week,Yes,2026
Delhi,Housekeeping,Unskilled,715,18590,8,48,2,1 day/week,Yes,2026
West Bengal,Housekeeping,Unskilled,725,18850,8,48,2,1 day/week,Yes,2026
Tamil Nadu,Cleaner,Unskilled,650,16900,8,48,2,1 day/week,Yes,2026
Karnataka,Cleaner,Unskilled,660,17160,8,48,2,1 day/week,Yes,2026
Kerala,Cleaner,Unskilled,670,17420,8,48,2,1 day/week,Yes,2026
Telangana,Cleaner,Unskilled,680,17680,8,48,2,1 day/week,Yes,2026
Maharashtra,Cleaner,Unskilled,690,17940,8,48,2,1 day/week,Yes,2026
Andhra Pradesh,Cleaner,Unskilled,700,18200,8,48,2,1 day/week,Yes,2026
Gujarat,Cleaner,Unskilled,710,18460,8,48,2,1 day/week,Yes,2026
Rajasthan,Cleaner,Unskilled,720,18720,8,48,2,1 day/week,Yes,2026
Delhi,Cleaner,Unskilled,730,18980,8,48,2,1 day/week,Yes,2026
West Bengal,Cleaner,Unskilled,740,19240,8,48,2,1 day/week,Yes,2026
Tamil Nadu,Factory Worker,Unskilled,665,17290,8,48,2,1 day/week,Yes,2026
Karnataka,Factory Worker,Unskilled,675,17550,8,48,2,1 day/week,Yes,2026
Kerala,Factory Worker,Unskilled,685,17810,8,48,2,1 day/week,Yes,2026
Telangana,Factory Worker,Unskilled,695,18070,8,48,2,1 day/week,Yes,2026
Maharashtra,Factory Worker,Unskilled,705,18330,8,48,2,1 day/week,Yes,2026
Andhra Pradesh,Factory Worker,Unskilled,715,18590,8,48,2,1 day/week,Yes,2026
Gujarat,Factory Worker,Unskilled,725,18850,8,48,2,1 day/week,Yes,2026
Rajasthan,Factory Worker,Unskilled,735,19110,8,48,2,1 day/week,Yes,2026
Delhi,Factory Worker,Unskilled,745,19370,8,48,2,1 day/week,Yes,2026
West Bengal,Factory Worker,Unskilled,755,19630,8,48,2,1 day/week,Yes,2026
Tamil Nadu,Electrician,Unskilled,680,17680,8,48,2,1 day/week,Yes,2026
Karnataka,Electrician,Unskilled,690,17940,8,48,2,1 day/week,Yes,2026
Kerala,Electrician,Unskilled,700,18200,8,48,2,1 day/week,Yes,2026
Telangana,Electrician,Unskilled,710,18460,8,48,2,1 day/week,Yes,2026
Maharashtra,Electrician,Unskilled,720,18720,8,48,2,1 day/week,Yes,2026
Andhra Pradesh,Electrician,Unskilled,730,18980,8,48,2,1 day/week,Yes,2026
Gujarat,Electrician,Unskilled,740,19240,8,48,2,1 day/week,Yes,2026
Rajasthan,Electrician,Unskilled,750,19500,8,48,2,1 day/week,Yes,2026
Delhi,Electrician,Unskilled,760,19760,8,48,2,1 day/week,Yes,2026
West Bengal,Electrician,Unskilled,770,20020,8,48,2,1 day/week,Yes,2026
Tamil Nadu,Plumber,Unskilled,695,18070,8,48,2,1 day/week,Yes,2026
Karnataka,Plumber,Unskilled,705,18330,8,48,2,1 day/week,Yes,2026
Kerala,Plumber,Unskilled,715,18590,8,48,2,1 day/week,Yes,2026
Telangana,Plumber,Unskilled,725,18850,8,48,2,1 day/week,Yes,2026
Maharashtra,Plumber,Unskilled,735,19110,8,48,2,1 day/week,Yes,2026
Andhra Pradesh,Plumber,Unskilled,745,19370,8,48,2,1 day/week,Yes,2026
Gujarat,Plumber,Unskilled,755,19630,8,48,2,1 day/week,Yes,2026
Rajasthan,Plumber,Unskilled,765,19890,8,48,2,1 day/week,Yes,2026
Delhi,Plumber,Unskilled,775,20150,8,48,2,1 day/week,Yes,2026
West Bengal,Plumber,Unskilled,785,20410,8,48,2,1 day/week,Yes,2026
Tamil Nadu,Carpenter,Unskilled,710,18460,8,48,2,1 day/week,Yes,2026
Karnataka,Carpenter,Unskilled,720,18720,8,48,2,1 day/week,Yes,2026
Kerala,Carpenter,Unskilled,730,18980,8,48,2,1 day/week,Yes,2026
Telangana,Carpenter,Unskilled,740,19240,8,48,2,1 day/week,Yes,2026
Maharashtra,Carpenter,Unskilled,750,19500,8,48,2,1 day/week,Yes,2026
Andhra Pradesh,Carpenter,Unskilled,760,19760,8,48,2,1 day/week,Yes,2026
Gujarat,Carpenter,Unskilled,770,20020,8,48,2,1 day/week,Yes,2026
Rajasthan,Carpenter,Unskilled,780,20280,8,48,2,1 day/week,Yes,2026
Delhi,Carpenter,Unskilled,790,20540,8,48,2,1 day/week,Yes,2026
West Bengal,Carpenter,Unskilled,800,20800,8,48,2,1 day/week,Yes,2026
Tamil Nadu,Welder,Unskilled,620,16120,8,48,2,1 day/week,Yes,2026
Karnataka,Welder,Unskilled,630,16380,8,48,2,1 day/week,Yes,2026
Kerala,Welder,Unskilled,640,16640,8,48,2,1 day/week,Yes,2026
Telangana,Welder,Unskilled,650,16900,8,48,2,1 day/week,Yes,2026
Maharashtra,Welder,Unskilled,660,17160,8,48,2,1 day/week,Yes,2026
Andhra Pradesh,Welder,Unskilled,670,17420,8,48,2,1 day/week,Yes,2026
Gujarat,Welder,Unskilled,680,17680,8,48,2,1 day/week,Yes,2026
Rajasthan,Welder,Unskilled,690,17940,8,48,2,1 day/week,Yes,2026
Delhi,Welder,Unskilled,700,18200,8,48,2,1 day/week,Yes,2026
West Bengal,Welder,Unskilled,710,18460,8,48,2,1 day/week,Yes,2026
Tamil Nadu,Driver,Unskilled,635,16510,8,48,2,1 day/week,Yes,2026
Karnataka,Driver,Unskilled,645,16770,8,48,2,1 day/week,Yes,2026
Kerala,Driver,Unskilled,655,17030,8,48,2,1 day/week,Yes,2026
Telangana,Driver,Unskilled,665,17290,8,48,2,1 day/week,Yes,2026
Maharashtra,Driver,Unskilled,675,17550,8,48,2,1 day/week,Yes,2026
Andhra Pradesh,Driver,Unskilled,685,17810,8,48,2,1 day/week,Yes,2026
Gujarat,Driver,Unskilled,695,18070,8,48,2,1 day/week,Yes,2026
Rajasthan,Driver,Unskilled,705,18330,8,48,2,1 day/week,Yes,2026
Delhi,Driver,Unskilled,715,18590,8,48,2,1 day/week,Yes,2026
West Bengal,Driver,Unskilled,725,18850,8,48,2,1 day/week,Yes,2026
Tamil Nadu,Office Assistant,Unskilled,650,16900,8,48,2,1 day/week,Yes,2026
Karnataka,Office Assistant,Unskilled,660,17160,8,48,2,1 day/week,Yes,2026
Kerala,Office Assistant,Unskilled,670,17420,8,48,2,1 day/week,Yes,2026
Telangana,Office Assistant,Unskilled,680,17680,8,48,2,1 day/week,Yes,2026
Maharashtra,Office Assistant,Unskilled,690,17940,8,48,2,1 day/week,Yes,2026
Andhra Pradesh,Office Assistant,Unskilled,700,18200,8,48,2,1 day/week,Yes,2026
Gujarat,Office Assistant,Unskilled,710,18460,8,48,2,1 day/week,Yes,2026
Rajasthan,Office Assistant,Unskilled,720,18720,8,48,2,1 day/week,Yes,2026
Delhi,Office Assistant,Unskilled,730,18980,8,48,2,1 day/week,Yes,2026
West Bengal,Office Assistant,Unskilled,740,19240,8,48,2,1 day/week,Yes,2026
Tamil Nadu,Data Entry Operator,Unskilled,665,17290,8,48,2,1 day/week,Yes,2026
Karnataka,Data Entry Operator,Unskilled,675,17550,8,48,2,1 day/week,Yes,2026
Kerala,Data Entry Operator,Unskilled,685,17810,8,48,2,1 day/week,Yes,2026
Telangana,Data Entry Operator,Unskilled,695,18070,8,48,2,1 day/week,Yes,2026
Maharashtra,Data Entry Operator,Unskilled,705,18330,8,48,2,1 day/week,Yes,2026
Andhra Pradesh,Data Entry Operator,Unskilled,715,18590,8,48,2,1 day/week,Yes,2026
Gujarat,Data Entry Operator,Unskilled,725,18850,8,48,2,1 day/week,Yes,2026
Rajasthan,Data Entry Operator,Unskilled,735,19110,8,48,2,1 day/week,Yes,2026
Delhi,Data Entry Operator,Unskilled,745,19370,8,48,2,1 day/week,Yes,2026
West Bengal,Data Entry Operator,Unskilled,755,19630,8,48,2,1 day/week,Yes,2026
Tamil Nadu,Receptionist,Unskilled,680,17680,8,48,2,1 day/week,Yes,2026
Karnataka,Receptionist,Unskilled,690,17940,8,48,2,1 day/week,Yes,2026
Kerala,Receptionist,Unskilled,700,18200,8,48,2,1 day/week,Yes,2026
Telangana,Receptionist,Unskilled,710,18460,8,48,2,1 day/week,Yes,2026
Maharashtra,Receptionist,Unskilled,720,18720,8,48,2,1 day/week,Yes,2026
Andhra Pradesh,Receptionist,Unskilled,730,18980,8,48,2,1 day/week,Yes,2026
Gujarat,Receptionist,Unskilled,740,19240,8,48,2,1 day/week,Yes,2026
Rajasthan,Receptionist,Unskilled,750,19500,8,48,2,1 day/week,Yes,2026
Delhi,Receptionist,Unskilled,760,19760,8,48,2,1 day/week,Yes,2026
West Bengal,Receptionist,Unskilled,770,20020,8,48,2,1 day/week,Yes,2026
Tamil Nadu,Cook,Unskilled,695,18070,8,48,2,1 day/week,Yes,2026
Karnataka,Cook,Unskilled,705,18330,8,48,2,1 day/week,Yes,2026
Kerala,Cook,Unskilled,715,18590,8,48,2,1 day/week,Yes,2026
Telangana,Cook,Unskilled,725,18850,8,48,2,1 day/week,Yes,2026
Maharashtra,Cook,Unskilled,735,19110,8,48,2,1 day/week,Yes,2026
Andhra Pradesh,Cook,Unskilled,745,19370,8,48,2,1 day/week,Yes,2026
Gujarat,Cook,Unskilled,755,19630,8,48,2,1 day/week,Yes,2026
Rajasthan,Cook,Unskilled,765,19890,8,48,2,1 day/week,Yes,2026
Delhi,Cook,Unskilled,775,20150,8,48,2,1 day/week,Yes,2026
West Bengal,Cook,Unskilled,785,20410,8,48,2,1 day/week,Yes,2026
Tamil Nadu,Construction Labourer,Unskilled,710,18460,8,48,2,1 day/week,Yes,2026
Karnataka,Construction Labourer,Unskilled,720,18720,8,48,2,1 day/week,Yes,2026
Kerala,Construction Labourer,Unskilled,730,18980,8,48,2,1 day/week,Yes,2026
Telangana,Construction Labourer,Unskilled,740,19240,8,48,2,1 day/week,Yes,2026
Maharashtra,Construction Labourer,Unskilled,750,19500,8,48,2,1 day/week,Yes,2026
Andhra Pradesh,Construction Labourer,Unskilled,760,19760,8,48,2,1 day/week,Yes,2026
Gujarat,Construction Labourer,Unskilled,770,20020,8,48,2,1 day/week,Yes,2026
Rajasthan,Construction Labourer,Unskilled,780,20280,8,48,2,1 day/week,Yes,2026
Delhi,Construction Labourer,Unskilled,790,20540,8,48,2,1 day/week,Yes,2026
West Bengal,Construction Labourer,Unskilled,800,20800,8,48,2,1 day/week,Yes,2026
Tamil Nadu,Helper,Unskilled,620,16120,8,48,2,1 day/week,Yes,2026
Karnataka,Helper,Unskilled,630,16380,8,48,2,1 day/week,Yes,2026
Kerala,Helper,Unskilled,640,16640,8,48,2,1 day/week,Yes,2026
Telangana,Helper,Unskilled,650,16900,8,48,2,1 day/week,Yes,2026
Maharashtra,Helper,Unskilled,660,17160,8,48,2,1 day/week,Yes,2026
Andhra Pradesh,Helper,Unskilled,670,17420,8,48,2,1 day/week,Yes,2026
Gujarat,Helper,Unskilled,680,17680,8,48,2,1 day/week,Yes,2026
Rajasthan,Helper,Unskilled,690,17940,8,48,2,1 day/week,Yes,2026
Delhi,Helper,Unskilled,700,18200,8,48,2,1 day/week,Yes,2026
West Bengal,Helper,Unskilled,710,18460,8,48,2,1 day/week,Yes,2026
Tamil Nadu,Mason,Unskilled,635,16510,8,48,2,1 day/week,Yes,2026
Karnataka,Mason,Unskilled,645,16770,8,48,2,1 day/week,Yes,2026
Kerala,Mason,Unskilled,655,17030,8,48,2,1 day/week,Yes,2026
Telangana,Mason,Unskilled,665,17290,8,48,2,1 day/week,Yes,2026
Maharashtra,Mason,Unskilled,675,17550,8,48,2,1 day/week,Yes,2026
Andhra Pradesh,Mason,Unskilled,685,17810,8,48,2,1 day/week,Yes,2026
Gujarat,Mason,Unskilled,695,18070,8,48,2,1 day/week,Yes,2026
Rajasthan,Mason,Unskilled,705,18330,8,48,2,1 day/week,Yes,2026
Delhi,Mason,Unskilled,715,18590,8,48,2,1 day/week,Yes,2026
West Bengal,Mason,Unskilled,725,18850,8,48,2,1 day/week,Yes,2026
Tamil Nadu,Painter,Unskilled,650,16900,8,48,2,1 day/week,Yes,2026
Karnataka,Painter,Unskilled,660,17160,8,48,2,1 day/week,Yes,2026
Kerala,Painter,Unskilled,670,17420,8,48,2,1 day/week,Yes,2026
Telangana,Painter,Unskilled,680,17680,8,48,2,1 day/week,Yes,2026
Maharashtra,Painter,Unskilled,690,17940,8,48,2,1 day/week,Yes,2026
Andhra Pradesh,Painter,Unskilled,700,18200,8,48,2,1 day/week,Yes,2026
Gujarat,Painter,Unskilled,710,18460,8,48,2,1 day/week,Yes,2026
Rajasthan,Painter,Unskilled,720,18720,8,48,2,1 day/week,Yes,2026
Delhi,Painter,Unskilled,730,18980,8,48,2,1 day/week,Yes,2026
West Bengal,Painter,Unskilled,740,19240,8,48,2,1 day/week,Yes,2026
Tamil Nadu,Machine Operator,Unskilled,665,17290,8,48,2,1 day/week,Yes,2026
Karnataka,Machine Operator,Unskilled,675,17550,8,48,2,1 day/week,Yes,2026
Kerala,Machine Operator,Unskilled,685,17810,8,48,2,1 day/week,Yes,2026
Telangana,Machine Operator,Unskilled,695,18070,8,48,2,1 day/week,Yes,2026
Maharashtra,Machine Operator,Unskilled,705,18330,8,48,2,1 day/week,Yes,2026
Andhra Pradesh,Machine Operator,Unskilled,715,18590,8,48,2,1 day/week,Yes,2026
Gujarat,Machine Operator,Unskilled,725,18850,8,48,2,1 day/week,Yes,2026
Rajasthan,Machine Operator,Unskilled,735,19110,8,48,2,1 day/week,Yes,2026
Delhi,Machine Operator,Unskilled,745,19370,8,48,2,1 day/week,Yes,2026
West Bengal,Machine Operator,Unskilled,755,19630,8,48,2,1 day/week,Yes,2026
Tamil Nadu,Delivery Executive,Unskilled,680,17680,8,48,2,1 day/week,Yes,2026
Karnataka,Delivery Executive,Unskilled,690,17940,8,48,2,1 day/week,Yes,2026
Kerala,Delivery Executive,Unskilled,700,18200,8,48,2,1 day/week,Yes,2026
Telangana,Delivery Executive,Unskilled,710,18460,8,48,2,1 day/week,Yes,2026
Maharashtra,Delivery Executive,Unskilled,720,18720,8,48,2,1 day/week,Yes,2026
Andhra Pradesh,Delivery Executive,Unskilled,730,18980,8,48,2,1 day/week,Yes,2026
Gujarat,Delivery Executive,Unskilled,740,19240,8,48,2,1 day/week,Yes,2026
Rajasthan,Delivery Executive,Unskilled,750,19500,8,48,2,1 day/week,Yes,2026
Delhi,Delivery Executive,Unskilled,760,19760,8,48,2,1 day/week,Yes,2026
West Bengal,Delivery Executive,Unskilled,770,20020,8,48,2,1 day/week,Yes,2026
Tamil Nadu,Hospital Attendant,Unskilled,695,18070,8,48,2,1 day/week,Yes,2026
Karnataka,Hospital Attendant,Unskilled,705,18330,8,48,2,1 day/week,Yes,2026
Kerala,Hospital Attendant,Unskilled,715,18590,8,48,2,1 day/week,Yes,2026
Telangana,Hospital Attendant,Unskilled,725,18850,8,48,2,1 day/week,Yes,2026
Maharashtra,Hospital Attendant,Unskilled,735,19110,8,48,2,1 day/week,Yes,2026
Andhra Pradesh,Hospital Attendant,Unskilled,745,19370,8,48,2,1 day/week,Yes,2026
Gujarat,Hospital Attendant,Unskilled,755,19630,8,48,2,1 day/week,Yes,2026
Rajasthan,Hospital Attendant,Unskilled,765,19890,8,48,2,1 day/week,Yes,2026
Delhi,Hospital Attendant,Unskilled,775,20150,8,48,2,1 day/week,Yes,2026
West Bengal,Hospital Attendant,Unskilled,785,20410,8,48,2,1 day/week,Yes,2026
Tamil Nadu,Warehouse Worker,Unskilled,710,18460,8,48,2,1 day/week,Yes,2026
Karnataka,Warehouse Worker,Unskilled,720,18720,8,48,2,1 day/week,Yes,2026
Kerala,Warehouse Worker,Unskilled,730,18980,8,48,2,1 day/week,Yes,2026
Telangana,Warehouse Worker,Unskilled,740,19240,8,48,2,1 day/week,Yes,2026
Maharashtra,Warehouse Worker,Unskilled,750,19500,8,48,2,1 day/week,Yes,2026
Andhra Pradesh,Warehouse Worker,Unskilled,760,19760,8,48,2,1 day/week,Yes,2026
Gujarat,Warehouse Worker,Unskilled,770,20020,8,48,2,1 day/week,Yes,2026
Rajasthan,Warehouse Worker,Unskilled,780,20280,8,48,2,1 day/week,Yes,2026
Delhi,Warehouse Worker,Unskilled,790,20540,8,48,2,1 day/week,Yes,2026
West Bengal,Warehouse Worker,Unskilled,800,20800,8,48,2,1 day/week,Yes,2026
Tamil Nadu,Packer,Unskilled,620,16120,8,48,2,1 day/week,Yes,2026
Karnataka,Packer,Unskilled,630,16380,8,48,2,1 day/week,Yes,2026
Kerala,Packer,Unskilled,640,16640,8,48,2,1 day/week,Yes,2026
Telangana,Packer,Unskilled,650,16900,8,48,2,1 day/week,Yes,2026
Maharashtra,Packer,Unskilled,660,17160,8,48,2,1 day/week,Yes,2026
Andhra Pradesh,Packer,Unskilled,670,17420,8,48,2,1 day/week,Yes,2026
Gujarat,Packer,Unskilled,680,17680,8,48,2,1 day/week,Yes,2026
Rajasthan,Packer,Unskilled,690,17940,8,48,2,1 day/week,Yes,2026
Delhi,Packer,Unskilled,700,18200,8,48,2,1 day/week,Yes,2026
West Bengal,Packer,Unskilled,710,18460,8,48,2,1 day/week,Yes,2026
Tamil Nadu,Gardener,Unskilled,635,16510,8,48,2,1 day/week,Yes,2026
Karnataka,Gardener,Unskilled,645,16770,8,48,2,1 day/week,Yes,2026
Kerala,Gardener,Unskilled,655,17030,8,48,2,1 day/week,Yes,2026
Telangana,Gardener,Unskilled,665,17290,8,48,2,1 day/week,Yes,2026
Maharashtra,Gardener,Unskilled,675,17550,8,48,2,1 day/week,Yes,2026
Andhra Pradesh,Gardener,Unskilled,685,17810,8,48,2,1 day/week,Yes,2026
Gujarat,Gardener,Unskilled,695,18070,8,48,2,1 day/week,Yes,2026
Rajasthan,Gardener,Unskilled,705,18330,8,48,2,1 day/week,Yes,2026
Delhi,Gardener,Unskilled,715,18590,8,48,2,1 day/week,Yes,2026
West Bengal,Gardener,Unskilled,725,18850,8,48,2,1 day/week,Yes,2026
Tamil Nadu,Watchman,Unskilled,650,16900,8,48,2,1 day/week,Yes,2026
Karnataka,Watchman,Unskilled,660,17160,8,48,2,1 day/week,Yes,2026
Kerala,Watchman,Unskilled,670,17420,8,48,2,1 day/week,Yes,2026
Telangana,Watchman,Unskilled,680,17680,8,48,2,1 day/week,Yes,2026
Maharashtra,Watchman,Unskilled,690,17940,8,48,2,1 day/week,Yes,2026
Andhra Pradesh,Watchman,Unskilled,700,18200,8,48,2,1 day/week,Yes,2026
Gujarat,Watchman,Unskilled,710,18460,8,48,2,1 day/week,Yes,2026
Rajasthan,Watchman,Unskilled,720,18720,8,48,2,1 day/week,Yes,2026
Delhi,Watchman,Unskilled,730,18980,8,48,2,1 day/week,Yes,2026
West Bengal,Watchman,Unskilled,740,19240,8,48,2,1 day/week,Yes,2026
Tamil Nadu,Mechanic,Unskilled,665,17290,8,48,2,1 day/week,Yes,2026
Karnataka,Mechanic,Unskilled,675,17550,8,48,2,1 day/week,Yes,2026
Kerala,Mechanic,Unskilled,685,17810,8,48,2,1 day/week,Yes,2026
Telangana,Mechanic,Unskilled,695,18070,8,48,2,1 day/week,Yes,2026
Maharashtra,Mechanic,Unskilled,705,18330,8,48,2,1 day/week,Yes,2026
Andhra Pradesh,Mechanic,Unskilled,715,18590,8,48,2,1 day/week,Yes,2026
Gujarat,Mechanic,Unskilled,725,18850,8,48,2,1 day/week,Yes,2026
Rajasthan,Mechanic,Unskilled,735,19110,8,48,2,1 day/week,Yes,2026
Delhi,Mechanic,Unskilled,745,19370,8,48,2,1 day/week,Yes,2026
West Bengal,Mechanic,Unskilled,755,19630,8,48,2,1 day/week,Yes,2026
Tamil Nadu,Cashier,Unskilled,680,17680,8,48,2,1 day/week,Yes,2026
Karnataka,Cashier,Unskilled,690,17940,8,48,2,1 day/week,Yes,2026
Kerala,Cashier,Unskilled,700,18200,8,48,2,1 day/week,Yes,2026
Telangana,Cashier,Unskilled,710,18460,8,48,2,1 day/week,Yes,2026
Maharashtra,Cashier,Unskilled,720,18720,8,48,2,1 day/week,Yes,2026
Andhra Pradesh,Cashier,Unskilled,730,18980,8,48,2,1 day/week,Yes,2026
Gujarat,Cashier,Unskilled,740,19240,8,48,2,1 day/week,Yes,2026
Rajasthan,Cashier,Unskilled,750,19500,8,48,2,1 day/week,Yes,2026
Delhi,Cashier,Unskilled,760,19760,8,48,2,1 day/week,Yes,2026
West Bengal,Cashier,Unskilled,770,20020,8,48,2,1 day/week,Yes,2026
Tamil Nadu,Retail Associate,Unskilled,695,18070,8,48,2,1 day/week,Yes,2026
Karnataka,Retail Associate,Unskilled,705,18330,8,48,2,1 day/week,Yes,2026
Kerala,Retail Associate,Unskilled,715,18590,8,48,2,1 day/week,Yes,2026
Telangana,Retail Associate,Unskilled,725,18850,8,48,2,1 day/week,Yes,2026
Maharashtra,Retail Associate,Unskilled,735,19110,8,48,2,1 day/week,Yes,2026
Andhra Pradesh,Retail Associate,Unskilled,745,19370,8,48,2,1 day/week,Yes,2026
Gujarat,Retail Associate,Unskilled,755,19630,8,48,2,1 day/week,Yes,2026
Rajasthan,Retail Associate,Unskilled,765,19890,8,48,2,1 day/week,Yes,2026
Delhi,Retail Associate,Unskilled,775,20150,8,48,2,1 day/week,Yes,2026
West Bengal,Retail Associate,Unskilled,785,20410,8,48,2,1 day/week,Yes,2026
Tamil Nadu,Tailor,Unskilled,710,18460,8,48,2,1 day/week,Yes,2026
Karnataka,Tailor,Unskilled,720,18720,8,48,2,1 day/week,Yes,2026
Kerala,Tailor,Unskilled,730,18980,8,48,2,1 day/week,Yes,2026
Telangana,Tailor,Unskilled,740,19240,8,48,2,1 day/week,Yes,2026
Maharashtra,Tailor,Unskilled,750,19500,8,48,2,1 day/week,Yes,2026
Andhra Pradesh,Tailor,Unskilled,760,19760,8,48,2,1 day/week,Yes,2026
Gujarat,Tailor,Unskilled,770,20020,8,48,2,1 day/week,Yes,2026
Rajasthan,Tailor,Unskilled,780,20280,8,48,2,1 day/week,Yes,2026
Delhi,Tailor,Unskilled,790,20540,8,48,2,1 day/week,Yes,2026
West Bengal,Tailor,Unskilled,800,20800,8,48,2,1 day/week,Yes,2026
Tamil Nadu,Loader,Unskilled,620,16120,8,48,2,1 day/week,Yes,2026
Karnataka,Loader,Unskilled,630,16380,8,48,2,1 day/week,Yes,2026
Kerala,Loader,Unskilled,640,16640,8,48,2,1 day/week,Yes,2026
Telangana,Loader,Unskilled,650,16900,8,48,2,1 day/week,Yes,2026
Maharashtra,Loader,Unskilled,660,17160,8,48,2,1 day/week,Yes,2026
Andhra Pradesh,Loader,Unskilled,670,17420,8,48,2,1 day/week,Yes,2026
Gujarat,Loader,Unskilled,680,17680,8,48,2,1 day/week,Yes,2026
Rajasthan,Loader,Unskilled,690,17940,8,48,2,1 day/week,Yes,2026
Delhi,Loader,Unskilled,700,18200,8,48,2,1 day/week,Yes,2026
West Bengal,Loader,Unskilled,710,18460,8,48,2,1 day/week,Yes,2026
Tamil Nadu,Technician,Unskilled,635,16510,8,48,2,1 day/week,Yes,2026
Karnataka,Technician,Unskilled,645,16770,8,48,2,1 day/week,Yes,2026
Kerala,Technician,Unskilled,655,17030,8,48,2,1 day/week,Yes,2026
Telangana,Technician,Unskilled,665,17290,8,48,2,1 day/week,Yes,2026
Maharashtra,Technician,Unskilled,675,17550,8,48,2,1 day/week,Yes,2026
Andhra Pradesh,Technician,Unskilled,685,17810,8,48,2,1 day/week,Yes,2026
Gujarat,Technician,Unskilled,695,18070,8,48,2,1 day/week,Yes,2026
Rajasthan,Technician,Unskilled,705,18330,8,48,2,1 day/week,Yes,2026
Delhi,Technician,Unskilled,715,18590,8,48,2,1 day/week,Yes,2026
West Bengal,Technician,Unskilled,725,18850,8,48,2,1 day/week,Yes,2026
Tamil Nadu,Fitter,Unskilled,650,16900,8,48,2,1 day/week,Yes,2026
Karnataka,Fitter,Unskilled,660,17160,8,48,2,1 day/week,Yes,2026
Kerala,Fitter,Unskilled,670,17420,8,48,2,1 day/week,Yes,2026
Telangana,Fitter,Unskilled,680,17680,8,48,2,1 day/week,Yes,2026
Maharashtra,Fitter,Unskilled,690,17940,8,48,2,1 day/week,Yes,2026
Andhra Pradesh,Fitter,Unskilled,700,18200,8,48,2,1 day/week,Yes,2026
Gujarat,Fitter,Unskilled,710,18460,8,48,2,1 day/week,Yes,2026
Rajasthan,Fitter,Unskilled,720,18720,8,48,2,1 day/week,Yes,2026
Delhi,Fitter,Unskilled,730,18980,8,48,2,1 day/week,Yes,2026
West Bengal,Fitter,Unskilled,740,19240,8,48,2,1 day/week,Yes,2026
Tamil Nadu,Assembler,Unskilled,665,17290,8,48,2,1 day/week,Yes,2026
Karnataka,Assembler,Unskilled,675,17550,8,48,2,1 day/week,Yes,2026
Kerala,Assembler,Unskilled,685,17810,8,48,2,1 day/week,Yes,2026
Telangana,Assembler,Unskilled,695,18070,8,48,2,1 day/week,Yes,2026
Maharashtra,Assembler,Unskilled,705,18330,8,48,2,1 day/week,Yes,2026
Andhra Pradesh,Assembler,Unskilled,715,18590,8,48,2,1 day/week,Yes,2026
Gujarat,Assembler,Unskilled,725,18850,8,48,2,1 day/week,Yes,2026
Rajasthan,Assembler,Unskilled,735,19110,8,48,2,1 day/week,Yes,2026
Delhi,Assembler,Unskilled,745,19370,8,48,2,1 day/week,Yes,2026
West Bengal,Assembler,Unskilled,755,19630,8,48,2,1 day/week,Yes,2026
Tamil Nadu,Quality Inspector,Unskilled,680,17680,8,48,2,1 day/week,Yes,2026
Karnataka,Quality Inspector,Unskilled,690,17940,8,48,2,1 day/week,Yes,2026
Kerala,Quality Inspector,Unskilled,700,18200,8,48,2,1 day/week,Yes,2026
Telangana,Quality Inspector,Unskilled,710,18460,8,48,2,1 day/week,Yes,2026
Maharashtra,Quality Inspector,Unskilled,720,18720,8,48,2,1 day/week,Yes,2026
Andhra Pradesh,Quality Inspector,Unskilled,730,18980,8,48,2,1 day/week,Yes,2026
Gujarat,Quality Inspector,Unskilled,740,19240,8,48,2,1 day/week,Yes,2026
Rajasthan,Quality Inspector,Unskilled,750,19500,8,48,2,1 day/week,Yes,2026
Delhi,Quality Inspector,Unskilled,760,19760,8,48,2,1 day/week,Yes,2026
West Bengal,Quality Inspector,Unskilled,770,20020,8,48,2,1 day/week,Yes,2026
Tamil Nadu,Forklift Operator,Unskilled,695,18070,8,48,2,1 day/week,Yes,2026
Karnataka,Forklift Operator,Unskilled,705,18330,8,48,2,1 day/week,Yes,2026
Kerala,Forklift Operator,Unskilled,715,18590,8,48,2,1 day/week,Yes,2026
Telangana,Forklift Operator,Unskilled,725,18850,8,48,2,1 day/week,Yes,2026
Maharashtra,Forklift Operator,Unskilled,735,19110,8,48,2,1 day/week,Yes,2026
Andhra Pradesh,Forklift Operator,Unskilled,745,19370,8,48,2,1 day/week,Yes,2026
Gujarat,Forklift Operator,Unskilled,755,19630,8,48,2,1 day/week,Yes,2026
Rajasthan,Forklift Operator,Unskilled,765,19890,8,48,2,1 day/week,Yes,2026
Delhi,Forklift Operator,Unskilled,775,20150,8,48,2,1 day/week,Yes,2026
West Bengal,Forklift Operator,Unskilled,785,20410,8,48,2,1 day/week,Yes,2026
Tamil Nadu,Supervisor,Unskilled,710,18460,8,48,2,1 day/week,Yes,2026
Karnataka,Supervisor,Unskilled,720,18720,8,48,2,1 day/week,Yes,2026
Kerala,Supervisor,Unskilled,730,18980,8,48,2,1 day/week,Yes,2026
Telangana,Supervisor,Unskilled,740,19240,8,48,2,1 day/week,Yes,2026
Maharashtra,Supervisor,Unskilled,750,19500,8,48,2,1 day/week,Yes,2026
Andhra Pradesh,Supervisor,Unskilled,760,19760,8,48,2,1 day/week,Yes,2026
Gujarat,Supervisor,Unskilled,770,20020,8,48,2,1 day/week,Yes,2026
Rajasthan,Supervisor,Unskilled,780,20280,8,48,2,1 day/week,Yes,2026
Delhi,Supervisor,Unskilled,790,20540,8,48,2,1 day/week,Yes,2026
West Bengal,Supervisor,Unskilled,800,20800,8,48,2,1 day/week,Yes,2026
Tamil Nadu,Office Boy,Unskilled,620,16120,8,48,2,1 day/week,Yes,2026
Karnataka,Office Boy,Unskilled,630,16380,8,48,2,1 day/week,Yes,2026
Kerala,Office Boy,Unskilled,640,16640,8,48,2,1 day/week,Yes,2026
Telangana,Office Boy,Unskilled,650,16900,8,48,2,1 day/week,Yes,2026
Maharashtra,Office Boy,Unskilled,660,17160,8,48,2,1 day/week,Yes,2026
Andhra Pradesh,Office Boy,Unskilled,670,17420,8,48,2,1 day/week,Yes,2026
Gujarat,Office Boy,Unskilled,680,17680,8,48,2,1 day/week,Yes,2026
Rajasthan,Office Boy,Unskilled,690,17940,8,48,2,1 day/week,Yes,2026
Delhi,Office Boy,Unskilled,700,18200,8,48,2,1 day/week,Yes,2026
West Bengal,Office Boy,Unskilled,710,18460,8,48,2,1 day/week,Yes,2026
Tamil Nadu,Janitor,Unskilled,635,16510,8,48,2,1 day/week,Yes,2026
Karnataka,Janitor,Unskilled,645,16770,8,48,2,1 day/week,Yes,2026
Kerala,Janitor,Unskilled,655,17030,8,48,2,1 day/week,Yes,2026
Telangana,Janitor,Unskilled,665,17290,8,48,2,1 day/week,Yes,2026
Maharashtra,Janitor,Unskilled,675,17550,8,48,2,1 day/week,Yes,2026
Andhra Pradesh,Janitor,Unskilled,685,17810,8,48,2,1 day/week,Yes,2026
Gujarat,Janitor,Unskilled,695,18070,8,48,2,1 day/week,Yes,2026
Rajasthan,Janitor,Unskilled,705,18330,8,48,2,1 day/week,Yes,2026
Delhi,Janitor,Unskilled,715,18590,8,48,2,1 day/week,Yes,2026
West Bengal,Janitor,Unskilled,725,18850,8,48,2,1 day/week,Yes,2026
Tamil Nadu,Lab Assistant,Unskilled,650,16900,8,48,2,1 day/week,Yes,2026
Karnataka,Lab Assistant,Unskilled,660,17160,8,48,2,1 day/week,Yes,2026
Kerala,Lab Assistant,Unskilled,670,17420,8,48,2,1 day/week,Yes,2026
Telangana,Lab Assistant,Unskilled,680,17680,8,48,2,1 day/week,Yes,2026
Maharashtra,Lab Assistant,Unskilled,690,17940,8,48,2,1 day/week,Yes,2026
Andhra Pradesh,Lab Assistant,Unskilled,700,18200,8,48,2,1 day/week,Yes,2026
Gujarat,Lab Assistant,Unskilled,710,18460,8,48,2,1 day/week,Yes,2026
Rajasthan,Lab Assistant,Unskilled,720,18720,8,48,2,1 day/week,Yes,2026
Delhi,Lab Assistant,Unskilled,730,18980,8,48,2,1 day/week,Yes,2026
West Bengal,Lab Assistant,Unskilled,740,19240,8,48,2,1 day/week,Yes,2026
Tamil Nadu,Nurse Assistant,Unskilled,665,17290,8,48,2,1 day/week,Yes,2026
Karnataka,Nurse Assistant,Unskilled,675,17550,8,48,2,1 day/week,Yes,2026
Kerala,Nurse Assistant,Unskilled,685,17810,8,48,2,1 day/week,Yes,2026
Telangana,Nurse Assistant,Unskilled,695,18070,8,48,2,1 day/week,Yes,2026
Maharashtra,Nurse Assistant,Unskilled,705,18330,8,48,2,1 day/week,Yes,2026
Andhra Pradesh,Nurse Assistant,Unskilled,715,18590,8,48,2,1 day/week,Yes,2026
Gujarat,Nurse Assistant,Unskilled,725,18850,8,48,2,1 day/week,Yes,2026
Rajasthan,Nurse Assistant,Unskilled,735,19110,8,48,2,1 day/week,Yes,2026
Delhi,Nurse Assistant,Unskilled,745,19370,8,48,2,1 day/week,Yes,2026
West Bengal,Nurse Assistant,Unskilled,755,19630,8,48,2,1 day/week,Yes,2026
Tamil Nadu,Caregiver,Unskilled,680,17680,8,48,2,1 day/week,Yes,2026
Karnataka,Caregiver,Unskilled,690,17940,8,48,2,1 day/week,Yes,2026
Kerala,Caregiver,Unskilled,700,18200,8,48,2,1 day/week,Yes,2026
Telangana,Caregiver,Unskilled,710,18460,8,48,2,1 day/week,Yes,2026
Maharashtra,Caregiver,Unskilled,720,18720,8,48,2,1 day/week,Yes,2026
Andhra Pradesh,Caregiver,Unskilled,730,18980,8,48,2,1 day/week,Yes,2026
Gujarat,Caregiver,Unskilled,740,19240,8,48,2,1 day/week,Yes,2026
Rajasthan,Caregiver,Unskilled,750,19500,8,48,2,1 day/week,Yes,2026
Delhi,Caregiver,Unskilled,760,19760,8,48,2,1 day/week,Yes,2026
West Bengal,Caregiver,Unskilled,770,20020,8,48,2,1 day/week,Yes,2026
Tamil Nadu,Farm Worker,Unskilled,695,18070,8,48,2,1 day/week,Yes,2026
Karnataka,Farm Worker,Unskilled,705,18330,8,48,2,1 day/week,Yes,2026
Kerala,Farm Worker,Unskilled,715,18590,8,48,2,1 day/week,Yes,2026
Telangana,Farm Worker,Unskilled,725,18850,8,48,2,1 day/week,Yes,2026
Maharashtra,Farm Worker,Unskilled,735,19110,8,48,2,1 day/week,Yes,2026
Andhra Pradesh,Farm Worker,Unskilled,745,19370,8,48,2,1 day/week,Yes,2026
Gujarat,Farm Worker,Unskilled,755,19630,8,48,2,1 day/week,Yes,2026
Rajasthan,Farm Worker,Unskilled,765,19890,8,48,2,1 day/week,Yes,2026
Delhi,Farm Worker,Unskilled,775,20150,8,48,2,1 day/week,Yes,2026
West Bengal,Farm Worker,Unskilled,785,20410,8,48,2,1 day/week,Yes,2026
Tamil Nadu,Textile Worker,Unskilled,710,18460,8,48,2,1 day/week,Yes,2026
Karnataka,Textile Worker,Unskilled,720,18720,8,48,2,1 day/week,Yes,2026
Kerala,Textile Worker,Unskilled,730,18980,8,48,2,1 day/week,Yes,2026
Telangana,Textile Worker,Unskilled,740,19240,8,48,2,1 day/week,Yes,2026
Maharashtra,Textile Worker,Unskilled,750,19500,8,48,2,1 day/week,Yes,2026
Andhra Pradesh,Textile Worker,Unskilled,760,19760,8,48,2,1 day/week,Yes,2026
Gujarat,Textile Worker,Unskilled,770,20020,8,48,2,1 day/week,Yes,2026
Rajasthan,Textile Worker,Unskilled,780,20280,8,48,2,1 day/week,Yes,2026
Delhi,Textile Worker,Unskilled,790,20540,8,48,2,1 day/week,Yes,2026
West Bengal,Textile Worker,Unskilled,800,20800,8,48,2,1 day/week,Yes,2026
Tamil Nadu,Food Processing Worker,Unskilled,620,16120,8,48,2,1 day/week,Yes,2026
Karnataka,Food Processing Worker,Unskilled,630,16380,8,48,2,1 day/week,Yes,2026
Kerala,Food Processing Worker,Unskilled,640,16640,8,48,2,1 day/week,Yes,2026
Telangana,Food Processing Worker,Unskilled,650,16900,8,48,2,1 day/week,Yes,2026
Maharashtra,Food Processing Worker,Unskilled,660,17160,8,48,2,1 day/week,Yes,2026
Andhra Pradesh,Food Processing Worker,Unskilled,670,17420,8,48,2,1 day/week,Yes,2026
Gujarat,Food Processing Worker,Unskilled,680,17680,8,48,2,1 day/week,Yes,2026
Rajasthan,Food Processing Worker,Unskilled,690,17940,8,48,2,1 day/week,Yes,2026
Delhi,Food Processing Worker,Unskilled,700,18200,8,48,2,1 day/week,Yes,2026
West Bengal,Food Processing Worker,Unskilled,710,18460,8,48,2,1 day/week,Yes,2026
Tamil Nadu,Hotel Staff,Unskilled,635,16510,8,48,2,1 day/week,Yes,2026
Karnataka,Hotel Staff,Unskilled,645,16770,8,48,2,1 day/week,Yes,2026
Kerala,Hotel Staff,Unskilled,655,17030,8,48,2,1 day/week,Yes,2026
Telangana,Hotel Staff,Unskilled,665,17290,8,48,2,1 day/week,Yes,2026
Maharashtra,Hotel Staff,Unskilled,675,17550,8,48,2,1 day/week,Yes,2026
Andhra Pradesh,Hotel Staff,Unskilled,685,17810,8,48,2,1 day/week,Yes,2026
Gujarat,Hotel Staff,Unskilled,695,18070,8,48,2,1 day/week,Yes,2026
Rajasthan,Hotel Staff,Unskilled,705,18330,8,48,2,1 day/week,Yes,2026
Delhi,Hotel Staff,Unskilled,715,18590,8,48,2,1 day/week,Yes,2026
West Bengal,Hotel Staff,Unskilled,725,18850,8,48,2,1 day/week,Yes,2026
Tamil Nadu,Kitchen Helper,Unskilled,650,16900,8,48,2,1 day/week,Yes,2026
Karnataka,Kitchen Helper,Unskilled,660,17160,8,48,2,1 day/week,Yes,2026
Kerala,Kitchen Helper,Unskilled,670,17420,8,48,2,1 day/week,Yes,2026
Telangana,Kitchen Helper,Unskilled,680,17680,8,48,2,1 day/week,Yes,2026
Maharashtra,Kitchen Helper,Unskilled,690,17940,8,48,2,1 day/week,Yes,2026
Andhra Pradesh,Kitchen Helper,Unskilled,700,18200,8,48,2,1 day/week,Yes,2026
Gujarat,Kitchen Helper,Unskilled,710,18460,8,48,2,1 day/week,Yes,2026
Rajasthan,Kitchen Helper,Unskilled,720,18720,8,48,2,1 day/week,Yes,2026
Delhi,Kitchen Helper,Unskilled,730,18980,8,48,2,1 day/week,Yes,2026
West Bengal,Kitchen Helper,Unskilled,740,19240,8,48,2,1 day/week,Yes,2026
Tamil Nadu,Security Supervisor,Unskilled,665,17290,8,48,2,1 day/week,Yes,2026
Karnataka,Security Supervisor,Unskilled,675,17550,8,48,2,1 day/week,Yes,2026
Kerala,Security Supervisor,Unskilled,685,17810,8,48,2,1 day/week,Yes,2026
Telangana,Security Supervisor,Unskilled,695,18070,8,48,2,1 day/week,Yes,2026
Maharashtra,Security Supervisor,Unskilled,705,18330,8,48,2,1 day/week,Yes,2026
Andhra Pradesh,Security Supervisor,Unskilled,715,18590,8,48,2,1 day/week,Yes,2026
Gujarat,Security Supervisor,Unskilled,725,18850,8,48,2,1 day/week,Yes,2026
Rajasthan,Security Supervisor,Unskilled,735,19110,8,48,2,1 day/week,Yes,2026
Delhi,Security Supervisor,Unskilled,745,19370,8,48,2,1 day/week,Yes,2026
West Bengal,Security Supervisor,Unskilled,755,19630,8,48,2,1 day/week,Yes,2026
Tamil Nadu,Field Executive,Unskilled,680,17680,8,48,2,1 day/week,Yes,2026
Karnataka,Field Executive,Unskilled,690,17940,8,48,2,1 day/week,Yes,2026
Kerala,Field Executive,Unskilled,700,18200,8,48,2,1 day/week,Yes,2026
Telangana,Field Executive,Unskilled,710,18460,8,48,2,1 day/week,Yes,2026
Maharashtra,Field Executive,Unskilled,720,18720,8,48,2,1 day/week,Yes,2026
Andhra Pradesh,Field Executive,Unskilled,730,18980,8,48,2,1 day/week,Yes,2026
Gujarat,Field Executive,Unskilled,740,19240,8,48,2,1 day/week,Yes,2026
Rajasthan,Field Executive,Unskilled,750,19500,8,48,2,1 day/week,Yes,2026
Delhi,Field Executive,Unskilled,760,19760,8,48,2,1 day/week,Yes,2026
West Bengal,Field Executive,Unskilled,770,20020,8,48,2,1 day/week,Yes,2026
Tamil Nadu,Sales Assistant,Unskilled,695,18070,8,48,2,1 day/week,Yes,2026
Karnataka,Sales Assistant,Unskilled,705,18330,8,48,2,1 day/week,Yes,2026
Kerala,Sales Assistant,Unskilled,715,18590,8,48,2,1 day/week,Yes,2026
Telangana,Sales Assistant,Unskilled,725,18850,8,48,2,1 day/week,Yes,2026
Maharashtra,Sales Assistant,Unskilled,735,19110,8,48,2,1 day/week,Yes,2026
Andhra Pradesh,Sales Assistant,Unskilled,745,19370,8,48,2,1 day/week,Yes,2026
Gujarat,Sales Assistant,Unskilled,755,19630,8,48,2,1 day/week,Yes,2026
Rajasthan,Sales Assistant,Unskilled,765,19890,8,48,2,1 day/week,Yes,2026
Delhi,Sales Assistant,Unskilled,775,20150,8,48,2,1 day/week,Yes,2026
West Bengal,Sales Assistant,Unskilled,785,20410,8,48,2,1 day/week,Yes,2026
Tamil Nadu,Packaging Operator,Unskilled,710,18460,8,48,2,1 day/week,Yes,2026
Karnataka,Packaging Operator,Unskilled,720,18720,8,48,2,1 day/week,Yes,2026
Kerala,Packaging Operator,Unskilled,730,18980,8,48,2,1 day/week,Yes,2026
Telangana,Packaging Operator,Unskilled,740,19240,8,48,2,1 day/week,Yes,2026
Maharashtra,Packaging Operator,Unskilled,750,19500,8,48,2,1 day/week,Yes,2026
Andhra Pradesh,Packaging Operator,Unskilled,760,19760,8,48,2,1 day/week,Yes,2026
Gujarat,Packaging Operator,Unskilled,770,20020,8,48,2,1 day/week,Yes,2026
Rajasthan,Packaging Operator,Unskilled,780,20280,8,48,2,1 day/week,Yes,2026
Delhi,Packaging Operator,Unskilled,790,20540,8,48,2,1 day/week,Yes,2026
West Bengal,Packaging Operator,Unskilled,800,20800,8,48,2,1 day/week,Yes,2026
Tamil Nadu,Store Keeper,Unskilled,620,16120,8,48,2,1 day/week,Yes,2026
Karnataka,Store Keeper,Unskilled,630,16380,8,48,2,1 day/week,Yes,2026
Kerala,Store Keeper,Unskilled,640,16640,8,48,2,1 day/week,Yes,2026
Telangana,Store Keeper,Unskilled,650,16900,8,48,2,1 day/week,Yes,2026
Maharashtra,Store Keeper,Unskilled,660,17160,8,48,2,1 day/week,Yes,2026
Andhra Pradesh,Store Keeper,Unskilled,670,17420,8,48,2,1 day/week,Yes,2026
Gujarat,Store Keeper,Unskilled,680,17680,8,48,2,1 day/week,Yes,2026
Rajasthan,Store Keeper,Unskilled,690,17940,8,48,2,1 day/week,Yes,2026
Delhi,Store Keeper,Unskilled,700,18200,8,48,2,1 day/week,Yes,2026
West Bengal,Store Keeper,Unskilled,710,18460,8,48,2,1 day/week,Yes,2026
Tamil Nadu,Security Guard,Semi-skilled,720,18720,8,48,2,1 day/week,Yes,2026
Karnataka,Security Guard,Semi-skilled,730,18980,8,48,2,1 day/week,Yes,2026
Kerala,Security Guard,Semi-skilled,740,19240,8,48,2,1 day/week,Yes,2026
Telangana,Security Guard,Semi-skilled,750,19500,8,48,2,1 day/week,Yes,2026
Maharashtra,Security Guard,Semi-skilled,760,19760,8,48,2,1 day/week,Yes,2026
Andhra Pradesh,Security Guard,Semi-skilled,770,20020,8,48,2,1 day/week,Yes,2026
Gujarat,Security Guard,Semi-skilled,780,20280,8,48,2,1 day/week,Yes,2026
Rajasthan,Security Guard,Semi-skilled,790,20540,8,48,2,1 day/week,Yes,2026
Delhi,Security Guard,Semi-skilled,800,20800,8,48,2,1 day/week,Yes,2026
West Bengal,Security Guard,Semi-skilled,810,21060,8,48,2,1 day/week,Yes,2026
Tamil Nadu,Housekeeping,Semi-skilled,735,19110,8,48,2,1 day/week,Yes,2026
Karnataka,Housekeeping,Semi-skilled,745,19370,8,48,2,1 day/week,Yes,2026
Kerala,Housekeeping,Semi-skilled,755,19630,8,48,2,1 day/week,Yes,2026
Telangana,Housekeeping,Semi-skilled,765,19890,8,48,2,1 day/week,Yes,2026
Maharashtra,Housekeeping,Semi-skilled,775,20150,8,48,2,1 day/week,Yes,2026
Andhra Pradesh,Housekeeping,Semi-skilled,785,20410,8,48,2,1 day/week,Yes,2026
Gujarat,Housekeeping,Semi-skilled,795,20670,8,48,2,1 day/week,Yes,2026
Rajasthan,Housekeeping,Semi-skilled,805,20930,8,48,2,1 day/week,Yes,2026
Delhi,Housekeeping,Semi-skilled,815,21190,8,48,2,1 day/week,Yes,2026
West Bengal,Housekeeping,Semi-skilled,825,21450,8,48,2,1 day/week,Yes,2026
Tamil Nadu,Cleaner,Semi-skilled,750,19500,8,48,2,1 day/week,Yes,2026
Karnataka,Cleaner,Semi-skilled,760,19760,8,48,2,1 day/week,Yes,2026
Kerala,Cleaner,Semi-skilled,770,20020,8,48,2,1 day/week,Yes,2026
Telangana,Cleaner,Semi-skilled,780,20280,8,48,2,1 day/week,Yes,2026
Maharashtra,Cleaner,Semi-skilled,790,20540,8,48,2,1 day/week,Yes,2026
Andhra Pradesh,Cleaner,Semi-skilled,800,20800,8,48,2,1 day/week,Yes,2026
Gujarat,Cleaner,Semi-skilled,810,21060,8,48,2,1 day/week,Yes,2026
Rajasthan,Cleaner,Semi-skilled,820,21320,8,48,2,1 day/week,Yes,2026
Delhi,Cleaner,Semi-skilled,830,21580,8,48,2,1 day/week,Yes,2026
West Bengal,Cleaner,Semi-skilled,840,21840,8,48,2,1 day/week,Yes,2026
Tamil Nadu,Factory Worker,Semi-skilled,765,19890,8,48,2,1 day/week,Yes,2026
Karnataka,Factory Worker,Semi-skilled,775,20150,8,48,2,1 day/week,Yes,2026
Kerala,Factory Worker,Semi-skilled,785,20410,8,48,2,1 day/week,Yes,2026
Telangana,Factory Worker,Semi-skilled,795,20670,8,48,2,1 day/week,Yes,2026
Maharashtra,Factory Worker,Semi-skilled,805,20930,8,48,2,1 day/week,Yes,2026
Andhra Pradesh,Factory Worker,Semi-skilled,815,21190,8,48,2,1 day/week,Yes,2026
Gujarat,Factory Worker,Semi-skilled,825,21450,8,48,2,1 day/week,Yes,2026
Rajasthan,Factory Worker,Semi-skilled,835,21710,8,48,2,1 day/week,Yes,2026
Delhi,Factory Worker,Semi-skilled,845,21970,8,48,2,1 day/week,Yes,2026
West Bengal,Factory Worker,Semi-skilled,855,22230,8,48,2,1 day/week,Yes,2026
Tamil Nadu,Electrician,Semi-skilled,780,20280,8,48,2,1 day/week,Yes,2026
Karnataka,Electrician,Semi-skilled,790,20540,8,48,2,1 day/week,Yes,2026
Kerala,Electrician,Semi-skilled,800,20800,8,48,2,1 day/week,Yes,2026
Telangana,Electrician,Semi-skilled,810,21060,8,48,2,1 day/week,Yes,2026
Maharashtra,Electrician,Semi-skilled,820,21320,8,48,2,1 day/week,Yes,2026
Andhra Pradesh,Electrician,Semi-skilled,830,21580,8,48,2,1 day/week,Yes,2026
Gujarat,Electrician,Semi-skilled,840,21840,8,48,2,1 day/week,Yes,2026
Rajasthan,Electrician,Semi-skilled,850,22100,8,48,2,1 day/week,Yes,2026
Delhi,Electrician,Semi-skilled,860,22360,8,48,2,1 day/week,Yes,2026
West Bengal,Electrician,Semi-skilled,870,22620,8,48,2,1 day/week,Yes,2026
Tamil Nadu,Plumber,Semi-skilled,795,20670,8,48,2,1 day/week,Yes,2026
Karnataka,Plumber,Semi-skilled,805,20930,8,48,2,1 day/week,Yes,2026
Kerala,Plumber,Semi-skilled,815,21190,8,48,2,1 day/week,Yes,2026
Telangana,Plumber,Semi-skilled,825,21450,8,48,2,1 day/week,Yes,2026
Maharashtra,Plumber,Semi-skilled,835,21710,8,48,2,1 day/week,Yes,2026
Andhra Pradesh,Plumber,Semi-skilled,845,21970,8,48,2,1 day/week,Yes,2026
Gujarat,Plumber,Semi-skilled,855,22230,8,48,2,1 day/week,Yes,2026
Rajasthan,Plumber,Semi-skilled,865,22490,8,48,2,1 day/week,Yes,2026
Delhi,Plumber,Semi-skilled,875,22750,8,48,2,1 day/week,Yes,2026
West Bengal,Plumber,Semi-skilled,885,23010,8,48,2,1 day/week,Yes,2026
Tamil Nadu,Carpenter,Semi-skilled,810,21060,8,48,2,1 day/week,Yes,2026
Karnataka,Carpenter,Semi-skilled,820,21320,8,48,2,1 day/week,Yes,2026
Kerala,Carpenter,Semi-skilled,830,21580,8,48,2,1 day/week,Yes,2026
Telangana,Carpenter,Semi-skilled,840,21840,8,48,2,1 day/week,Yes,2026
Maharashtra,Carpenter,Semi-skilled,850,22100,8,48,2,1 day/week,Yes,2026
Andhra Pradesh,Carpenter,Semi-skilled,860,22360,8,48,2,1 day/week,Yes,2026
Gujarat,Carpenter,Semi-skilled,870,22620,8,48,2,1 day/week,Yes,2026
Rajasthan,Carpenter,Semi-skilled,880,22880,8,48,2,1 day/week,Yes,2026
Delhi,Carpenter,Semi-skilled,890,23140,8,48,2,1 day/week,Yes,2026
West Bengal,Carpenter,Semi-skilled,900,23400,8,48,2,1 day/week,Yes,2026
Tamil Nadu,Welder,Semi-skilled,720,18720,8,48,2,1 day/week,Yes,2026
Karnataka,Welder,Semi-skilled,730,18980,8,48,2,1 day/week,Yes,2026
Kerala,Welder,Semi-skilled,740,19240,8,48,2,1 day/week,Yes,2026
Telangana,Welder,Semi-skilled,750,19500,8,48,2,1 day/week,Yes,2026
Maharashtra,Welder,Semi-skilled,760,19760,8,48,2,1 day/week,Yes,2026
Andhra Pradesh,Welder,Semi-skilled,770,20020,8,48,2,1 day/week,Yes,2026
Gujarat,Welder,Semi-skilled,780,20280,8,48,2,1 day/week,Yes,2026
Rajasthan,Welder,Semi-skilled,790,20540,8,48,2,1 day/week,Yes,2026
Delhi,Welder,Semi-skilled,800,20800,8,48,2,1 day/week,Yes,2026
West Bengal,Welder,Semi-skilled,810,21060,8,48,2,1 day/week,Yes,2026
Tamil Nadu,Driver,Semi-skilled,735,19110,8,48,2,1 day/week,Yes,2026
Karnataka,Driver,Semi-skilled,745,19370,8,48,2,1 day/week,Yes,2026
Kerala,Driver,Semi-skilled,755,19630,8,48,2,1 day/week,Yes,2026
Telangana,Driver,Semi-skilled,765,19890,8,48,2,1 day/week,Yes,2026
Maharashtra,Driver,Semi-skilled,775,20150,8,48,2,1 day/week,Yes,2026
Andhra Pradesh,Driver,Semi-skilled,785,20410,8,48,2,1 day/week,Yes,2026
Gujarat,Driver,Semi-skilled,795,20670,8,48,2,1 day/week,Yes,2026
Rajasthan,Driver,Semi-skilled,805,20930,8,48,2,1 day/week,Yes,2026
Delhi,Driver,Semi-skilled,815,21190,8,48,2,1 day/week,Yes,2026
West Bengal,Driver,Semi-skilled,825,21450,8,48,2,1 day/week,Yes,2026
Tamil Nadu,Office Assistant,Semi-skilled,750,19500,8,48,2,1 day/week,Yes,2026
Karnataka,Office Assistant,Semi-skilled,760,19760,8,48,2,1 day/week,Yes,2026
Kerala,Office Assistant,Semi-skilled,770,20020,8,48,2,1 day/week,Yes,2026
Telangana,Office Assistant,Semi-skilled,780,20280,8,48,2,1 day/week,Yes,2026
Maharashtra,Office Assistant,Semi-skilled,790,20540,8,48,2,1 day/week,Yes,2026
Andhra Pradesh,Office Assistant,Semi-skilled,800,20800,8,48,2,1 day/week,Yes,2026
Gujarat,Office Assistant,Semi-skilled,810,21060,8,48,2,1 day/week,Yes,2026
Rajasthan,Office Assistant,Semi-skilled,820,21320,8,48,2,1 day/week,Yes,2026
Delhi,Office Assistant,Semi-skilled,830,21580,8,48,2,1 day/week,Yes,2026
West Bengal,Office Assistant,Semi-skilled,840,21840,8,48,2,1 day/week,Yes,2026
Tamil Nadu,Data Entry Operator,Semi-skilled,765,19890,8,48,2,1 day/week,Yes,2026
Karnataka,Data Entry Operator,Semi-skilled,775,20150,8,48,2,1 day/week,Yes,2026
Kerala,Data Entry Operator,Semi-skilled,785,20410,8,48,2,1 day/week,Yes,2026
Telangana,Data Entry Operator,Semi-skilled,795,20670,8,48,2,1 day/week,Yes,2026
Maharashtra,Data Entry Operator,Semi-skilled,805,20930,8,48,2,1 day/week,Yes,2026
Andhra Pradesh,Data Entry Operator,Semi-skilled,815,21190,8,48,2,1 day/week,Yes,2026
Gujarat,Data Entry Operator,Semi-skilled,825,21450,8,48,2,1 day/week,Yes,2026
Rajasthan,Data Entry Operator,Semi-skilled,835,21710,8,48,2,1 day/week,Yes,2026
Delhi,Data Entry Operator,Semi-skilled,845,21970,8,48,2,1 day/week,Yes,2026
West Bengal,Data Entry Operator,Semi-skilled,855,22230,8,48,2,1 day/week,Yes,2026
Tamil Nadu,Receptionist,Semi-skilled,780,20280,8,48,2,1 day/week,Yes,2026
Karnataka,Receptionist,Semi-skilled,790,20540,8,48,2,1 day/week,Yes,2026
Kerala,Receptionist,Semi-skilled,800,20800,8,48,2,1 day/week,Yes,2026
Telangana,Receptionist,Semi-skilled,810,21060,8,48,2,1 day/week,Yes,2026
Maharashtra,Receptionist,Semi-skilled,820,21320,8,48,2,1 day/week,Yes,2026
Andhra Pradesh,Receptionist,Semi-skilled,830,21580,8,48,2,1 day/week,Yes,2026
Gujarat,Receptionist,Semi-skilled,840,21840,8,48,2,1 day/week,Yes,2026
Rajasthan,Receptionist,Semi-skilled,850,22100,8,48,2,1 day/week,Yes,2026
Delhi,Receptionist,Semi-skilled,860,22360,8,48,2,1 day/week,Yes,2026
West Bengal,Receptionist,Semi-skilled,870,22620,8,48,2,1 day/week,Yes,2026
Tamil Nadu,Cook,Semi-skilled,795,20670,8,48,2,1 day/week,Yes,2026
Karnataka,Cook,Semi-skilled,805,20930,8,48,2,1 day/week,Yes,2026
Kerala,Cook,Semi-skilled,815,21190,8,48,2,1 day/week,Yes,2026
Telangana,Cook,Semi-skilled,825,21450,8,48,2,1 day/week,Yes,2026
Maharashtra,Cook,Semi-skilled,835,21710,8,48,2,1 day/week,Yes,2026
Andhra Pradesh,Cook,Semi-skilled,845,21970,8,48,2,1 day/week,Yes,2026
Gujarat,Cook,Semi-skilled,855,22230,8,48,2,1 day/week,Yes,2026
Rajasthan,Cook,Semi-skilled,865,22490,8,48,2,1 day/week,Yes,2026
Delhi,Cook,Semi-skilled,875,22750,8,48,2,1 day/week,Yes,2026
West Bengal,Cook,Semi-skilled,885,23010,8,48,2,1 day/week,Yes,2026
Tamil Nadu,Construction Labourer,Semi-skilled,810,21060,8,48,2,1 day/week,Yes,2026
Karnataka,Construction Labourer,Semi-skilled,820,21320,8,48,2,1 day/week,Yes,2026
Kerala,Construction Labourer,Semi-skilled,830,21580,8,48,2,1 day/week,Yes,2026
Telangana,Construction Labourer,Semi-skilled,840,21840,8,48,2,1 day/week,Yes,2026
Maharashtra,Construction Labourer,Semi-skilled,850,22100,8,48,2,1 day/week,Yes,2026
Andhra Pradesh,Construction Labourer,Semi-skilled,860,22360,8,48,2,1 day/week,Yes,2026
Gujarat,Construction Labourer,Semi-skilled,870,22620,8,48,2,1 day/week,Yes,2026
Rajasthan,Construction Labourer,Semi-skilled,880,22880,8,48,2,1 day/week,Yes,2026
Delhi,Construction Labourer,Semi-skilled,890,23140,8,48,2,1 day/week,Yes,2026
West Bengal,Construction Labourer,Semi-skilled,900,23400,8,48,2,1 day/week,Yes,2026
Tamil Nadu,Helper,Semi-skilled,720,18720,8,48,2,1 day/week,Yes,2026
Karnataka,Helper,Semi-skilled,730,18980,8,48,2,1 day/week,Yes,2026
Kerala,Helper,Semi-skilled,740,19240,8,48,2,1 day/week,Yes,2026
Telangana,Helper,Semi-skilled,750,19500,8,48,2,1 day/week,Yes,2026
Maharashtra,Helper,Semi-skilled,760,19760,8,48,2,1 day/week,Yes,2026
Andhra Pradesh,Helper,Semi-skilled,770,20020,8,48,2,1 day/week,Yes,2026
Gujarat,Helper,Semi-skilled,780,20280,8,48,2,1 day/week,Yes,2026
Rajasthan,Helper,Semi-skilled,790,20540,8,48,2,1 day/week,Yes,2026
Delhi,Helper,Semi-skilled,800,20800,8,48,2,1 day/week,Yes,2026
West Bengal,Helper,Semi-skilled,810,21060,8,48,2,1 day/week,Yes,2026
Tamil Nadu,Mason,Semi-skilled,735,19110,8,48,2,1 day/week,Yes,2026
Karnataka,Mason,Semi-skilled,745,19370,8,48,2,1 day/week,Yes,2026
Kerala,Mason,Semi-skilled,755,19630,8,48,2,1 day/week,Yes,2026
Telangana,Mason,Semi-skilled,765,19890,8,48,2,1 day/week,Yes,2026
Maharashtra,Mason,Semi-skilled,775,20150,8,48,2,1 day/week,Yes,2026
Andhra Pradesh,Mason,Semi-skilled,785,20410,8,48,2,1 day/week,Yes,2026
Gujarat,Mason,Semi-skilled,795,20670,8,48,2,1 day/week,Yes,2026
Rajasthan,Mason,Semi-skilled,805,20930,8,48,2,1 day/week,Yes,2026
Delhi,Mason,Semi-skilled,815,21190,8,48,2,1 day/week,Yes,2026
West Bengal,Mason,Semi-skilled,825,21450,8,48,2,1 day/week,Yes,2026
Tamil Nadu,Painter,Semi-skilled,750,19500,8,48,2,1 day/week,Yes,2026
Karnataka,Painter,Semi-skilled,760,19760,8,48,2,1 day/week,Yes,2026
Kerala,Painter,Semi-skilled,770,20020,8,48,2,1 day/week,Yes,2026
Telangana,Painter,Semi-skilled,780,20280,8,48,2,1 day/week,Yes,2026
Maharashtra,Painter,Semi-skilled,790,20540,8,48,2,1 day/week,Yes,2026
Andhra Pradesh,Painter,Semi-skilled,800,20800,8,48,2,1 day/week,Yes,2026
Gujarat,Painter,Semi-skilled,810,21060,8,48,2,1 day/week,Yes,2026
Rajasthan,Painter,Semi-skilled,820,21320,8,48,2,1 day/week,Yes,2026
Delhi,Painter,Semi-skilled,830,21580,8,48,2,1 day/week,Yes,2026
West Bengal,Painter,Semi-skilled,840,21840,8,48,2,1 day/week,Yes,2026
Tamil Nadu,Machine Operator,Semi-skilled,765,19890,8,48,2,1 day/week,Yes,2026
Karnataka,Machine Operator,Semi-skilled,775,20150,8,48,2,1 day/week,Yes,2026
Kerala,Machine Operator,Semi-skilled,785,20410,8,48,2,1 day/week,Yes,2026
Telangana,Machine Operator,Semi-skilled,795,20670,8,48,2,1 day/week,Yes,2026
Maharashtra,Machine Operator,Semi-skilled,805,20930,8,48,2,1 day/week,Yes,2026
Andhra Pradesh,Machine Operator,Semi-skilled,815,21190,8,48,2,1 day/week,Yes,2026
Gujarat,Machine Operator,Semi-skilled,825,21450,8,48,2,1 day/week,Yes,2026
Rajasthan,Machine Operator,Semi-skilled,835,21710,8,48,2,1 day/week,Yes,2026
Delhi,Machine Operator,Semi-skilled,845,21970,8,48,2,1 day/week,Yes,2026
West Bengal,Machine Operator,Semi-skilled,855,22230,8,48,2,1 day/week,Yes,2026
Tamil Nadu,Delivery Executive,Semi-skilled,780,20280,8,48,2,1 day/week,Yes,2026
Karnataka,Delivery Executive,Semi-skilled,790,20540,8,48,2,1 day/week,Yes,2026
Kerala,Delivery Executive,Semi-skilled,800,20800,8,48,2,1 day/week,Yes,2026
Telangana,Delivery Executive,Semi-skilled,810,21060,8,48,2,1 day/week,Yes,2026
Maharashtra,Delivery Executive,Semi-skilled,820,21320,8,48,2,1 day/week,Yes,2026
Andhra Pradesh,Delivery Executive,Semi-skilled,830,21580,8,48,2,1 day/week,Yes,2026
Gujarat,Delivery Executive,Semi-skilled,840,21840,8,48,2,1 day/week,Yes,2026
Rajasthan,Delivery Executive,Semi-skilled,850,22100,8,48,2,1 day/week,Yes,2026
Delhi,Delivery Executive,Semi-skilled,860,22360,8,48,2,1 day/week,Yes,2026
West Bengal,Delivery Executive,Semi-skilled,870,22620,8,48,2,1 day/week,Yes,2026
Tamil Nadu,Hospital Attendant,Semi-skilled,795,20670,8,48,2,1 day/week,Yes,2026
Karnataka,Hospital Attendant,Semi-skilled,805,20930,8,48,2,1 day/week,Yes,2026
Kerala,Hospital Attendant,Semi-skilled,815,21190,8,48,2,1 day/week,Yes,2026
Telangana,Hospital Attendant,Semi-skilled,825,21450,8,48,2,1 day/week,Yes,2026
Maharashtra,Hospital Attendant,Semi-skilled,835,21710,8,48,2,1 day/week,Yes,2026
Andhra Pradesh,Hospital Attendant,Semi-skilled,845,21970,8,48,2,1 day/week,Yes,2026
Gujarat,Hospital Attendant,Semi-skilled,855,22230,8,48,2,1 day/week,Yes,2026
Rajasthan,Hospital Attendant,Semi-skilled,865,22490,8,48,2,1 day/week,Yes,2026
Delhi,Hospital Attendant,Semi-skilled,875,22750,8,48,2,1 day/week,Yes,2026
West Bengal,Hospital Attendant,Semi-skilled,885,23010,8,48,2,1 day/week,Yes,2026
Tamil Nadu,Warehouse Worker,Semi-skilled,810,21060,8,48,2,1 day/week,Yes,2026
Karnataka,Warehouse Worker,Semi-skilled,820,21320,8,48,2,1 day/week,Yes,2026
Kerala,Warehouse Worker,Semi-skilled,830,21580,8,48,2,1 day/week,Yes,2026
Telangana,Warehouse Worker,Semi-skilled,840,21840,8,48,2,1 day/week,Yes,2026
Maharashtra,Warehouse Worker,Semi-skilled,850,22100,8,48,2,1 day/week,Yes,2026
Andhra Pradesh,Warehouse Worker,Semi-skilled,860,22360,8,48,2,1 day/week,Yes,2026
Gujarat,Warehouse Worker,Semi-skilled,870,22620,8,48,2,1 day/week,Yes,2026
Rajasthan,Warehouse Worker,Semi-skilled,880,22880,8,48,2,1 day/week,Yes,2026
Delhi,Warehouse Worker,Semi-skilled,890,23140,8,48,2,1 day/week,Yes,2026
West Bengal,Warehouse Worker,Semi-skilled,900,23400,8,48,2,1 day/week,Yes,2026
Tamil Nadu,Packer,Semi-skilled,720,18720,8,48,2,1 day/week,Yes,2026
Karnataka,Packer,Semi-skilled,730,18980,8,48,2,1 day/week,Yes,2026
Kerala,Packer,Semi-skilled,740,19240,8,48,2,1 day/week,Yes,2026
Telangana,Packer,Semi-skilled,750,19500,8,48,2,1 day/week,Yes,2026
Maharashtra,Packer,Semi-skilled,760,19760,8,48,2,1 day/week,Yes,2026
Andhra Pradesh,Packer,Semi-skilled,770,20020,8,48,2,1 day/week,Yes,2026
Gujarat,Packer,Semi-skilled,780,20280,8,48,2,1 day/week,Yes,2026
Rajasthan,Packer,Semi-skilled,790,20540,8,48,2,1 day/week,Yes,2026
Delhi,Packer,Semi-skilled,800,20800,8,48,2,1 day/week,Yes,2026
West Bengal,Packer,Semi-skilled,810,21060,8,48,2,1 day/week,Yes,2026
Tamil Nadu,Gardener,Semi-skilled,735,19110,8,48,2,1 day/week,Yes,2026
Karnataka,Gardener,Semi-skilled,745,19370,8,48,2,1 day/week,Yes,2026
Kerala,Gardener,Semi-skilled,755,19630,8,48,2,1 day/week,Yes,2026
Telangana,Gardener,Semi-skilled,765,19890,8,48,2,1 day/week,Yes,2026
Maharashtra,Gardener,Semi-skilled,775,20150,8,48,2,1 day/week,Yes,2026
Andhra Pradesh,Gardener,Semi-skilled,785,20410,8,48,2,1 day/week,Yes,2026
Gujarat,Gardener,Semi-skilled,795,20670,8,48,2,1 day/week,Yes,2026
Rajasthan,Gardener,Semi-skilled,805,20930,8,48,2,1 day/week,Yes,2026
Delhi,Gardener,Semi-skilled,815,21190,8,48,2,1 day/week,Yes,2026
West Bengal,Gardener,Semi-skilled,825,21450,8,48,2,1 day/week,Yes,2026
Tamil Nadu,Watchman,Semi-skilled,750,19500,8,48,2,1 day/week,Yes,2026
Karnataka,Watchman,Semi-skilled,760,19760,8,48,2,1 day/week,Yes,2026
Kerala,Watchman,Semi-skilled,770,20020,8,48,2,1 day/week,Yes,2026
Telangana,Watchman,Semi-skilled,780,20280,8,48,2,1 day/week,Yes,2026
Maharashtra,Watchman,Semi-skilled,790,20540,8,48,2,1 day/week,Yes,2026
Andhra Pradesh,Watchman,Semi-skilled,800,20800,8,48,2,1 day/week,Yes,2026
Gujarat,Watchman,Semi-skilled,810,21060,8,48,2,1 day/week,Yes,2026
Rajasthan,Watchman,Semi-skilled,820,21320,8,48,2,1 day/week,Yes,2026
Delhi,Watchman,Semi-skilled,830,21580,8,48,2,1 day/week,Yes,2026
West Bengal,Watchman,Semi-skilled,840,21840,8,48,2,1 day/week,Yes,2026
Tamil Nadu,Mechanic,Semi-skilled,765,19890,8,48,2,1 day/week,Yes,2026
Karnataka,Mechanic,Semi-skilled,775,20150,8,48,2,1 day/week,Yes,2026
Kerala,Mechanic,Semi-skilled,785,20410,8,48,2,1 day/week,Yes,2026
Telangana,Mechanic,Semi-skilled,795,20670,8,48,2,1 day/week,Yes,2026
Maharashtra,Mechanic,Semi-skilled,805,20930,8,48,2,1 day/week,Yes,2026
Andhra Pradesh,Mechanic,Semi-skilled,815,21190,8,48,2,1 day/week,Yes,2026
Gujarat,Mechanic,Semi-skilled,825,21450,8,48,2,1 day/week,Yes,2026
Rajasthan,Mechanic,Semi-skilled,835,21710,8,48,2,1 day/week,Yes,2026
Delhi,Mechanic,Semi-skilled,845,21970,8,48,2,1 day/week,Yes,2026
West Bengal,Mechanic,Semi-skilled,855,22230,8,48,2,1 day/week,Yes,2026
Tamil Nadu,Cashier,Semi-skilled,780,20280,8,48,2,1 day/week,Yes,2026
Karnataka,Cashier,Semi-skilled,790,20540,8,48,2,1 day/week,Yes,2026
Kerala,Cashier,Semi-skilled,800,20800,8,48,2,1 day/week,Yes,2026
Telangana,Cashier,Semi-skilled,810,21060,8,48,2,1 day/week,Yes,2026
Maharashtra,Cashier,Semi-skilled,820,21320,8,48,2,1 day/week,Yes,2026
Andhra Pradesh,Cashier,Semi-skilled,830,21580,8,48,2,1 day/week,Yes,2026
Gujarat,Cashier,Semi-skilled,840,21840,8,48,2,1 day/week,Yes,2026
Rajasthan,Cashier,Semi-skilled,850,22100,8,48,2,1 day/week,Yes,2026
Delhi,Cashier,Semi-skilled,860,22360,8,48,2,1 day/week,Yes,2026
West Bengal,Cashier,Semi-skilled,870,22620,8,48,2,1 day/week,Yes,2026
Tamil Nadu,Retail Associate,Semi-skilled,795,20670,8,48,2,1 day/week,Yes,2026
Karnataka,Retail Associate,Semi-skilled,805,20930,8,48,2,1 day/week,Yes,2026
Kerala,Retail Associate,Semi-skilled,815,21190,8,48,2,1 day/week,Yes,2026
Telangana,Retail Associate,Semi-skilled,825,21450,8,48,2,1 day/week,Yes,2026
Maharashtra,Retail Associate,Semi-skilled,835,21710,8,48,2,1 day/week,Yes,2026
Andhra Pradesh,Retail Associate,Semi-skilled,845,21970,8,48,2,1 day/week,Yes,2026
Gujarat,Retail Associate,Semi-skilled,855,22230,8,48,2,1 day/week,Yes,2026
Rajasthan,Retail Associate,Semi-skilled,865,22490,8,48,2,1 day/week,Yes,2026
Delhi,Retail Associate,Semi-skilled,875,22750,8,48,2,1 day/week,Yes,2026
West Bengal,Retail Associate,Semi-skilled,885,23010,8,48,2,1 day/week,Yes,2026
Tamil Nadu,Tailor,Semi-skilled,810,21060,8,48,2,1 day/week,Yes,2026
Karnataka,Tailor,Semi-skilled,820,21320,8,48,2,1 day/week,Yes,2026
Kerala,Tailor,Semi-skilled,830,21580,8,48,2,1 day/week,Yes,2026
Telangana,Tailor,Semi-skilled,840,21840,8,48,2,1 day/week,Yes,2026
Maharashtra,Tailor,Semi-skilled,850,22100,8,48,2,1 day/week,Yes,2026
Andhra Pradesh,Tailor,Semi-skilled,860,22360,8,48,2,1 day/week,Yes,2026
Gujarat,Tailor,Semi-skilled,870,22620,8,48,2,1 day/week,Yes,2026
Rajasthan,Tailor,Semi-skilled,880,22880,8,48,2,1 day/week,Yes,2026
Delhi,Tailor,Semi-skilled,890,23140,8,48,2,1 day/week,Yes,2026
West Bengal,Tailor,Semi-skilled,900,23400,8,48,2,1 day/week,Yes,2026
Tamil Nadu,Loader,Semi-skilled,720,18720,8,48,2,1 day/week,Yes,2026
Karnataka,Loader,Semi-skilled,730,18980,8,48,2,1 day/week,Yes,2026
Kerala,Loader,Semi-skilled,740,19240,8,48,2,1 day/week,Yes,2026
Telangana,Loader,Semi-skilled,750,19500,8,48,2,1 day/week,Yes,2026
Maharashtra,Loader,Semi-skilled,760,19760,8,48,2,1 day/week,Yes,2026
Andhra Pradesh,Loader,Semi-skilled,770,20020,8,48,2,1 day/week,Yes,2026
Gujarat,Loader,Semi-skilled,780,20280,8,48,2,1 day/week,Yes,2026
Rajasthan,Loader,Semi-skilled,790,20540,8,48,2,1 day/week,Yes,2026
Delhi,Loader,Semi-skilled,800,20800,8,48,2,1 day/week,Yes,2026
West Bengal,Loader,Semi-skilled,810,21060,8,48,2,1 day/week,Yes,2026
Tamil Nadu,Technician,Semi-skilled,735,19110,8,48,2,1 day/week,Yes,2026
Karnataka,Technician,Semi-skilled,745,19370,8,48,2,1 day/week,Yes,2026
Kerala,Technician,Semi-skilled,755,19630,8,48,2,1 day/week,Yes,2026
Telangana,Technician,Semi-skilled,765,19890,8,48,2,1 day/week,Yes,2026
Maharashtra,Technician,Semi-skilled,775,20150,8,48,2,1 day/week,Yes,2026
Andhra Pradesh,Technician,Semi-skilled,785,20410,8,48,2,1 day/week,Yes,2026
Gujarat,Technician,Semi-skilled,795,20670,8,48,2,1 day/week,Yes,2026
Rajasthan,Technician,Semi-skilled,805,20930,8,48,2,1 day/week,Yes,2026
Delhi,Technician,Semi-skilled,815,21190,8,48,2,1 day/week,Yes,2026
West Bengal,Technician,Semi-skilled,825,21450,8,48,2,1 day/week,Yes,2026
Tamil Nadu,Fitter,Semi-skilled,750,19500,8,48,2,1 day/week,Yes,2026
Karnataka,Fitter,Semi-skilled,760,19760,8,48,2,1 day/week,Yes,2026
Kerala,Fitter,Semi-skilled,770,20020,8,48,2,1 day/week,Yes,2026
Telangana,Fitter,Semi-skilled,780,20280,8,48,2,1 day/week,Yes,2026
Maharashtra,Fitter,Semi-skilled,790,20540,8,48,2,1 day/week,Yes,2026
Andhra Pradesh,Fitter,Semi-skilled,800,20800,8,48,2,1 day/week,Yes,2026
Gujarat,Fitter,Semi-skilled,810,21060,8,48,2,1 day/week,Yes,2026
Rajasthan,Fitter,Semi-skilled,820,21320,8,48,2,1 day/week,Yes,2026
Delhi,Fitter,Semi-skilled,830,21580,8,48,2,1 day/week,Yes,2026
West Bengal,Fitter,Semi-skilled,840,21840,8,48,2,1 day/week,Yes,2026
Tamil Nadu,Assembler,Semi-skilled,765,19890,8,48,2,1 day/week,Yes,2026
Karnataka,Assembler,Semi-skilled,775,20150,8,48,2,1 day/week,Yes,2026
Kerala,Assembler,Semi-skilled,785,20410,8,48,2,1 day/week,Yes,2026
Telangana,Assembler,Semi-skilled,795,20670,8,48,2,1 day/week,Yes,2026
Maharashtra,Assembler,Semi-skilled,805,20930,8,48,2,1 day/week,Yes,2026
Andhra Pradesh,Assembler,Semi-skilled,815,21190,8,48,2,1 day/week,Yes,2026
Gujarat,Assembler,Semi-skilled,825,21450,8,48,2,1 day/week,Yes,2026
Rajasthan,Assembler,Semi-skilled,835,21710,8,48,2,1 day/week,Yes,2026
Delhi,Assembler,Semi-skilled,845,21970,8,48,2,1 day/week,Yes,2026
West Bengal,Assembler,Semi-skilled,855,22230,8,48,2,1 day/week,Yes,2026
Tamil Nadu,Quality Inspector,Semi-skilled,780,20280,8,48,2,1 day/week,Yes,2026
Karnataka,Quality Inspector,Semi-skilled,790,20540,8,48,2,1 day/week,Yes,2026
Kerala,Quality Inspector,Semi-skilled,800,20800,8,48,2,1 day/week,Yes,2026
Telangana,Quality Inspector,Semi-skilled,810,21060,8,48,2,1 day/week,Yes,2026
Maharashtra,Quality Inspector,Semi-skilled,820,21320,8,48,2,1 day/week,Yes,2026
Andhra Pradesh,Quality Inspector,Semi-skilled,830,21580,8,48,2,1 day/week,Yes,2026
Gujarat,Quality Inspector,Semi-skilled,840,21840,8,48,2,1 day/week,Yes,2026
Rajasthan,Quality Inspector,Semi-skilled,850,22100,8,48,2,1 day/week,Yes,2026
Delhi,Quality Inspector,Semi-skilled,860,22360,8,48,2,1 day/week,Yes,2026
West Bengal,Quality Inspector,Semi-skilled,870,22620,8,48,2,1 day/week,Yes,2026
Tamil Nadu,Forklift Operator,Semi-skilled,795,20670,8,48,2,1 day/week,Yes,2026
Karnataka,Forklift Operator,Semi-skilled,805,20930,8,48,2,1 day/week,Yes,2026
Kerala,Forklift Operator,Semi-skilled,815,21190,8,48,2,1 day/week,Yes,2026
Telangana,Forklift Operator,Semi-skilled,825,21450,8,48,2,1 day/week,Yes,2026
Maharashtra,Forklift Operator,Semi-skilled,835,21710,8,48,2,1 day/week,Yes,2026
Andhra Pradesh,Forklift Operator,Semi-skilled,845,21970,8,48,2,1 day/week,Yes,2026
Gujarat,Forklift Operator,Semi-skilled,855,22230,8,48,2,1 day/week,Yes,2026
Rajasthan,Forklift Operator,Semi-skilled,865,22490,8,48,2,1 day/week,Yes,2026
Delhi,Forklift Operator,Semi-skilled,875,22750,8,48,2,1 day/week,Yes,2026
West Bengal,Forklift Operator,Semi-skilled,885,23010,8,48,2,1 day/week,Yes,2026
Tamil Nadu,Supervisor,Semi-skilled,810,21060,8,48,2,1 day/week,Yes,2026
Karnataka,Supervisor,Semi-skilled,820,21320,8,48,2,1 day/week,Yes,2026
Kerala,Supervisor,Semi-skilled,830,21580,8,48,2,1 day/week,Yes,2026
Telangana,Supervisor,Semi-skilled,840,21840,8,48,2,1 day/week,Yes,2026
Maharashtra,Supervisor,Semi-skilled,850,22100,8,48,2,1 day/week,Yes,2026
Andhra Pradesh,Supervisor,Semi-skilled,860,22360,8,48,2,1 day/week,Yes,2026
Gujarat,Supervisor,Semi-skilled,870,22620,8,48,2,1 day/week,Yes,2026
Rajasthan,Supervisor,Semi-skilled,880,22880,8,48,2,1 day/week,Yes,2026
Delhi,Supervisor,Semi-skilled,890,23140,8,48,2,1 day/week,Yes,2026
West Bengal,Supervisor,Semi-skilled,900,23400,8,48,2,1 day/week,Yes,2026
Tamil Nadu,Office Boy,Semi-skilled,720,18720,8,48,2,1 day/week,Yes,2026
Karnataka,Office Boy,Semi-skilled,730,18980,8,48,2,1 day/week,Yes,2026
Kerala,Office Boy,Semi-skilled,740,19240,8,48,2,1 day/week,Yes,2026
Telangana,Office Boy,Semi-skilled,750,19500,8,48,2,1 day/week,Yes,2026
Maharashtra,Office Boy,Semi-skilled,760,19760,8,48,2,1 day/week,Yes,2026
Andhra Pradesh,Office Boy,Semi-skilled,770,20020,8,48,2,1 day/week,Yes,2026
Gujarat,Office Boy,Semi-skilled,780,20280,8,48,2,1 day/week,Yes,2026
Rajasthan,Office Boy,Semi-skilled,790,20540,8,48,2,1 day/week,Yes,2026
Delhi,Office Boy,Semi-skilled,800,20800,8,48,2,1 day/week,Yes,2026
West Bengal,Office Boy,Semi-skilled,810,21060,8,48,2,1 day/week,Yes,2026
Tamil Nadu,Janitor,Semi-skilled,735,19110,8,48,2,1 day/week,Yes,2026
Karnataka,Janitor,Semi-skilled,745,19370,8,48,2,1 day/week,Yes,2026
Kerala,Janitor,Semi-skilled,755,19630,8,48,2,1 day/week,Yes,2026
Telangana,Janitor,Semi-skilled,765,19890,8,48,2,1 day/week,Yes,2026
Maharashtra,Janitor,Semi-skilled,775,20150,8,48,2,1 day/week,Yes,2026
Andhra Pradesh,Janitor,Semi-skilled,785,20410,8,48,2,1 day/week,Yes,2026
Gujarat,Janitor,Semi-skilled,795,20670,8,48,2,1 day/week,Yes,2026
Rajasthan,Janitor,Semi-skilled,805,20930,8,48,2,1 day/week,Yes,2026
Delhi,Janitor,Semi-skilled,815,21190,8,48,2,1 day/week,Yes,2026
West Bengal,Janitor,Semi-skilled,825,21450,8,48,2,1 day/week,Yes,2026
Tamil Nadu,Lab Assistant,Semi-skilled,750,19500,8,48,2,1 day/week,Yes,2026
Karnataka,Lab Assistant,Semi-skilled,760,19760,8,48,2,1 day/week,Yes,2026
Kerala,Lab Assistant,Semi-skilled,770,20020,8,48,2,1 day/week,Yes,2026
Telangana,Lab Assistant,Semi-skilled,780,20280,8,48,2,1 day/week,Yes,2026
Maharashtra,Lab Assistant,Semi-skilled,790,20540,8,48,2,1 day/week,Yes,2026
Andhra Pradesh,Lab Assistant,Semi-skilled,800,20800,8,48,2,1 day/week,Yes,2026
Gujarat,Lab Assistant,Semi-skilled,810,21060,8,48,2,1 day/week,Yes,2026
Rajasthan,Lab Assistant,Semi-skilled,820,21320,8,48,2,1 day/week,Yes,2026
Delhi,Lab Assistant,Semi-skilled,830,21580,8,48,2,1 day/week,Yes,2026
West Bengal,Lab Assistant,Semi-skilled,840,21840,8,48,2,1 day/week,Yes,2026
Tamil Nadu,Nurse Assistant,Semi-skilled,765,19890,8,48,2,1 day/week,Yes,2026
Karnataka,Nurse Assistant,Semi-skilled,775,20150,8,48,2,1 day/week,Yes,2026
Kerala,Nurse Assistant,Semi-skilled,785,20410,8,48,2,1 day/week,Yes,2026
Telangana,Nurse Assistant,Semi-skilled,795,20670,8,48,2,1 day/week,Yes,2026
Maharashtra,Nurse Assistant,Semi-skilled,805,20930,8,48,2,1 day/week,Yes,2026
Andhra Pradesh,Nurse Assistant,Semi-skilled,815,21190,8,48,2,1 day/week,Yes,2026
Gujarat,Nurse Assistant,Semi-skilled,825,21450,8,48,2,1 day/week,Yes,2026
Rajasthan,Nurse Assistant,Semi-skilled,835,21710,8,48,2,1 day/week,Yes,2026
Delhi,Nurse Assistant,Semi-skilled,845,21970,8,48,2,1 day/week,Yes,2026
West Bengal,Nurse Assistant,Semi-skilled,855,22230,8,48,2,1 day/week,Yes,2026
Tamil Nadu,Caregiver,Semi-skilled,780,20280,8,48,2,1 day/week,Yes,2026
Karnataka,Caregiver,Semi-skilled,790,20540,8,48,2,1 day/week,Yes,2026
Kerala,Caregiver,Semi-skilled,800,20800,8,48,2,1 day/week,Yes,2026
Telangana,Caregiver,Semi-skilled,810,21060,8,48,2,1 day/week,Yes,2026
Maharashtra,Caregiver,Semi-skilled,820,21320,8,48,2,1 day/week,Yes,2026
Andhra Pradesh,Caregiver,Semi-skilled,830,21580,8,48,2,1 day/week,Yes,2026
Gujarat,Caregiver,Semi-skilled,840,21840,8,48,2,1 day/week,Yes,2026
Rajasthan,Caregiver,Semi-skilled,850,22100,8,48,2,1 day/week,Yes,2026
Delhi,Caregiver,Semi-skilled,860,22360,8,48,2,1 day/week,Yes,2026
West Bengal,Caregiver,Semi-skilled,870,22620,8,48,2,1 day/week,Yes,2026
Tamil Nadu,Farm Worker,Semi-skilled,795,20670,8,48,2,1 day/week,Yes,2026
Karnataka,Farm Worker,Semi-skilled,805,20930,8,48,2,1 day/week,Yes,2026
Kerala,Farm Worker,Semi-skilled,815,21190,8,48,2,1 day/week,Yes,2026
Telangana,Farm Worker,Semi-skilled,825,21450,8,48,2,1 day/week,Yes,2026
Maharashtra,Farm Worker,Semi-skilled,835,21710,8,48,2,1 day/week,Yes,2026
Andhra Pradesh,Farm Worker,Semi-skilled,845,21970,8,48,2,1 day/week,Yes,2026
Gujarat,Farm Worker,Semi-skilled,855,22230,8,48,2,1 day/week,Yes,2026
Rajasthan,Farm Worker,Semi-skilled,865,22490,8,48,2,1 day/week,Yes,2026
Delhi,Farm Worker,Semi-skilled,875,22750,8,48,2,1 day/week,Yes,2026
West Bengal,Farm Worker,Semi-skilled,885,23010,8,48,2,1 day/week,Yes,2026
Tamil Nadu,Textile Worker,Semi-skilled,810,21060,8,48,2,1 day/week,Yes,2026
Karnataka,Textile Worker,Semi-skilled,820,21320,8,48,2,1 day/week,Yes,2026
Kerala,Textile Worker,Semi-skilled,830,21580,8,48,2,1 day/week,Yes,2026
Telangana,Textile Worker,Semi-skilled,840,21840,8,48,2,1 day/week,Yes,2026
Maharashtra,Textile Worker,Semi-skilled,850,22100,8,48,2,1 day/week,Yes,2026
Andhra Pradesh,Textile Worker,Semi-skilled,860,22360,8,48,2,1 day/week,Yes,2026
Gujarat,Textile Worker,Semi-skilled,870,22620,8,48,2,1 day/week,Yes,2026
Rajasthan,Textile Worker,Semi-skilled,880,22880,8,48,2,1 day/week,Yes,2026
Delhi,Textile Worker,Semi-skilled,890,23140,8,48,2,1 day/week,Yes,2026
West Bengal,Textile Worker,Semi-skilled,900,23400,8,48,2,1 day/week,Yes,2026
Tamil Nadu,Food Processing Worker,Semi-skilled,720,18720,8,48,2,1 day/week,Yes,2026
Karnataka,Food Processing Worker,Semi-skilled,730,18980,8,48,2,1 day/week,Yes,2026
Kerala,Food Processing Worker,Semi-skilled,740,19240,8,48,2,1 day/week,Yes,2026
Telangana,Food Processing Worker,Semi-skilled,750,19500,8,48,2,1 day/week,Yes,2026
Maharashtra,Food Processing Worker,Semi-skilled,760,19760,8,48,2,1 day/week,Yes,2026
Andhra Pradesh,Food Processing Worker,Semi-skilled,770,20020,8,48,2,1 day/week,Yes,2026
Gujarat,Food Processing Worker,Semi-skilled,780,20280,8,48,2,1 day/week,Yes,2026
Rajasthan,Food Processing Worker,Semi-skilled,790,20540,8,48,2,1 day/week,Yes,2026
Delhi,Food Processing Worker,Semi-skilled,800,20800,8,48,2,1 day/week,Yes,2026
West Bengal,Food Processing Worker,Semi-skilled,810,21060,8,48,2,1 day/week,Yes,2026
Tamil Nadu,Hotel Staff,Semi-skilled,735,19110,8,48,2,1 day/week,Yes,2026
Karnataka,Hotel Staff,Semi-skilled,745,19370,8,48,2,1 day/week,Yes,2026
Kerala,Hotel Staff,Semi-skilled,755,19630,8,48,2,1 day/week,Yes,2026
Telangana,Hotel Staff,Semi-skilled,765,19890,8,48,2,1 day/week,Yes,2026
Maharashtra,Hotel Staff,Semi-skilled,775,20150,8,48,2,1 day/week,Yes,2026
Andhra Pradesh,Hotel Staff,Semi-skilled,785,20410,8,48,2,1 day/week,Yes,2026
Gujarat,Hotel Staff,Semi-skilled,795,20670,8,48,2,1 day/week,Yes,2026
Rajasthan,Hotel Staff,Semi-skilled,805,20930,8,48,2,1 day/week,Yes,2026
Delhi,Hotel Staff,Semi-skilled,815,21190,8,48,2,1 day/week,Yes,2026
West Bengal,Hotel Staff,Semi-skilled,825,21450,8,48,2,1 day/week,Yes,2026
Tamil Nadu,Kitchen Helper,Semi-skilled,750,19500,8,48,2,1 day/week,Yes,2026
Karnataka,Kitchen Helper,Semi-skilled,760,19760,8,48,2,1 day/week,Yes,2026
Kerala,Kitchen Helper,Semi-skilled,770,20020,8,48,2,1 day/week,Yes,2026
Telangana,Kitchen Helper,Semi-skilled,780,20280,8,48,2,1 day/week,Yes,2026
Maharashtra,Kitchen Helper,Semi-skilled,790,20540,8,48,2,1 day/week,Yes,2026
Andhra Pradesh,Kitchen Helper,Semi-skilled,800,20800,8,48,2,1 day/week,Yes,2026
Gujarat,Kitchen Helper,Semi-skilled,810,21060,8,48,2,1 day/week,Yes,2026
Rajasthan,Kitchen Helper,Semi-skilled,820,21320,8,48,2,1 day/week,Yes,2026
Delhi,Kitchen Helper,Semi-skilled,830,21580,8,48,2,1 day/week,Yes,2026
West Bengal,Kitchen Helper,Semi-skilled,840,21840,8,48,2,1 day/week,Yes,2026
Tamil Nadu,Security Supervisor,Semi-skilled,765,19890,8,48,2,1 day/week,Yes,2026
Karnataka,Security Supervisor,Semi-skilled,775,20150,8,48,2,1 day/week,Yes,2026
Kerala,Security Supervisor,Semi-skilled,785,20410,8,48,2,1 day/week,Yes,2026
Telangana,Security Supervisor,Semi-skilled,795,20670,8,48,2,1 day/week,Yes,2026
Maharashtra,Security Supervisor,Semi-skilled,805,20930,8,48,2,1 day/week,Yes,2026
Andhra Pradesh,Security Supervisor,Semi-skilled,815,21190,8,48,2,1 day/week,Yes,2026
Gujarat,Security Supervisor,Semi-skilled,825,21450,8,48,2,1 day/week,Yes,2026
Rajasthan,Security Supervisor,Semi-skilled,835,21710,8,48,2,1 day/week,Yes,2026
Delhi,Security Supervisor,Semi-skilled,845,21970,8,48,2,1 day/week,Yes,2026
West Bengal,Security Supervisor,Semi-skilled,855,22230,8,48,2,1 day/week,Yes,2026
Tamil Nadu,Field Executive,Semi-skilled,780,20280,8,48,2,1 day/week,Yes,2026
Karnataka,Field Executive,Semi-skilled,790,20540,8,48,2,1 day/week,Yes,2026
Kerala,Field Executive,Semi-skilled,800,20800,8,48,2,1 day/week,Yes,2026
Telangana,Field Executive,Semi-skilled,810,21060,8,48,2,1 day/week,Yes,2026
Maharashtra,Field Executive,Semi-skilled,820,21320,8,48,2,1 day/week,Yes,2026
Andhra Pradesh,Field Executive,Semi-skilled,830,21580,8,48,2,1 day/week,Yes,2026
Gujarat,Field Executive,Semi-skilled,840,21840,8,48,2,1 day/week,Yes,2026
Rajasthan,Field Executive,Semi-skilled,850,22100,8,48,2,1 day/week,Yes,2026
Delhi,Field Executive,Semi-skilled,860,22360,8,48,2,1 day/week,Yes,2026
West Bengal,Field Executive,Semi-skilled,870,22620,8,48,2,1 day/week,Yes,2026
Tamil Nadu,Sales Assistant,Semi-skilled,795,20670,8,48,2,1 day/week,Yes,2026
Karnataka,Sales Assistant,Semi-skilled,805,20930,8,48,2,1 day/week,Yes,2026
Kerala,Sales Assistant,Semi-skilled,815,21190,8,48,2,1 day/week,Yes,2026
Telangana,Sales Assistant,Semi-skilled,825,21450,8,48,2,1 day/week,Yes,2026
Maharashtra,Sales Assistant,Semi-skilled,835,21710,8,48,2,1 day/week,Yes,2026
Andhra Pradesh,Sales Assistant,Semi-skilled,845,21970,8,48,2,1 day/week,Yes,2026
Gujarat,Sales Assistant,Semi-skilled,855,22230,8,48,2,1 day/week,Yes,2026
Rajasthan,Sales Assistant,Semi-skilled,865,22490,8,48,2,1 day/week,Yes,2026
Delhi,Sales Assistant,Semi-skilled,875,22750,8,48,2,1 day/week,Yes,2026
West Bengal,Sales Assistant,Semi-skilled,885,23010,8,48,2,1 day/week,Yes,2026
Tamil Nadu,Packaging Operator,Semi-skilled,810,21060,8,48,2,1 day/week,Yes,2026
Karnataka,Packaging Operator,Semi-skilled,820,21320,8,48,2,1 day/week,Yes,2026
Kerala,Packaging Operator,Semi-skilled,830,21580,8,48,2,1 day/week,Yes,2026
Telangana,Packaging Operator,Semi-skilled,840,21840,8,48,2,1 day/week,Yes,2026
Maharashtra,Packaging Operator,Semi-skilled,850,22100,8,48,2,1 day/week,Yes,2026
Andhra Pradesh,Packaging Operator,Semi-skilled,860,22360,8,48,2,1 day/week,Yes,2026
Gujarat,Packaging Operator,Semi-skilled,870,22620,8,48,2,1 day/week,Yes,2026
Rajasthan,Packaging Operator,Semi-skilled,880,22880,8,48,2,1 day/week,Yes,2026
Delhi,Packaging Operator,Semi-skilled,890,23140,8,48,2,1 day/week,Yes,2026
West Bengal,Packaging Operator,Semi-skilled,900,23400,8,48,2,1 day/week,Yes,2026
Tamil Nadu,Store Keeper,Semi-skilled,720,18720,8,48,2,1 day/week,Yes,2026
Karnataka,Store Keeper,Semi-skilled,730,18980,8,48,2,1 day/week,Yes,2026
Kerala,Store Keeper,Semi-skilled,740,19240,8,48,2,1 day/week,Yes,2026
Telangana,Store Keeper,Semi-skilled,750,19500,8,48,2,1 day/week,Yes,2026
Maharashtra,Store Keeper,Semi-skilled,760,19760,8,48,2,1 day/week,Yes,2026
Andhra Pradesh,Store Keeper,Semi-skilled,770,20020,8,48,2,1 day/week,Yes,2026
Gujarat,Store Keeper,Semi-skilled,780,20280,8,48,2,1 day/week,Yes,2026
Rajasthan,Store Keeper,Semi-skilled,790,20540,8,48,2,1 day/week,Yes,2026
Delhi,Store Keeper,Semi-skilled,800,20800,8,48,2,1 day/week,Yes,2026
West Bengal,Store Keeper,Semi-skilled,810,21060,8,48,2,1 day/week,Yes,2026
Tamil Nadu,Security Guard,Skilled,840,21840,8,48,2,1 day/week,Yes,2026
Karnataka,Security Guard,Skilled,850,22100,8,48,2,1 day/week,Yes,2026
Kerala,Security Guard,Skilled,860,22360,8,48,2,1 day/week,Yes,2026
Telangana,Security Guard,Skilled,870,22620,8,48,2,1 day/week,Yes,2026
Maharashtra,Security Guard,Skilled,880,22880,8,48,2,1 day/week,Yes,2026
Andhra Pradesh,Security Guard,Skilled,890,23140,8,48,2,1 day/week,Yes,2026
Gujarat,Security Guard,Skilled,900,23400,8,48,2,1 day/week,Yes,2026
Rajasthan,Security Guard,Skilled,910,23660,8,48,2,1 day/week,Yes,2026
Delhi,Security Guard,Skilled,920,23920,8,48,2,1 day/week,Yes,2026
West Bengal,Security Guard,Skilled,930,24180,8,48,2,1 day/week,Yes,2026
Tamil Nadu,Housekeeping,Skilled,855,22230,8,48,2,1 day/week,Yes,2026
Karnataka,Housekeeping,Skilled,865,22490,8,48,2,1 day/week,Yes,2026
Kerala,Housekeeping,Skilled,875,22750,8,48,2,1 day/week,Yes,2026
Telangana,Housekeeping,Skilled,885,23010,8,48,2,1 day/week,Yes,2026
Maharashtra,Housekeeping,Skilled,895,23270,8,48,2,1 day/week,Yes,2026
Andhra Pradesh,Housekeeping,Skilled,905,23530,8,48,2,1 day/week,Yes,2026
Gujarat,Housekeeping,Skilled,915,23790,8,48,2,1 day/week,Yes,2026
Rajasthan,Housekeeping,Skilled,925,24050,8,48,2,1 day/week,Yes,2026
Delhi,Housekeeping,Skilled,935,24310,8,48,2,1 day/week,Yes,2026
West Bengal,Housekeeping,Skilled,945,24570,8,48,2,1 day/week,Yes,2026
Tamil Nadu,Cleaner,Skilled,870,22620,8,48,2,1 day/week,Yes,2026
Karnataka,Cleaner,Skilled,880,22880,8,48,2,1 day/week,Yes,2026
Kerala,Cleaner,Skilled,890,23140,8,48,2,1 day/week,Yes,2026
Telangana,Cleaner,Skilled,900,23400,8,48,2,1 day/week,Yes,2026
Maharashtra,Cleaner,Skilled,910,23660,8,48,2,1 day/week,Yes,2026
Andhra Pradesh,Cleaner,Skilled,920,23920,8,48,2,1 day/week,Yes,2026
Gujarat,Cleaner,Skilled,930,24180,8,48,2,1 day/week,Yes,2026
Rajasthan,Cleaner,Skilled,940,24440,8,48,2,1 day/week,Yes,2026
Delhi,Cleaner,Skilled,950,24700,8,48,2,1 day/week,Yes,2026
West Bengal,Cleaner,Skilled,960,24960,8,48,2,1 day/week,Yes,2026
Tamil Nadu,Factory Worker,Skilled,885,23010,8,48,2,1 day/week,Yes,2026
Karnataka,Factory Worker,Skilled,895,23270,8,48,2,1 day/week,Yes,2026
Kerala,Factory Worker,Skilled,905,23530,8,48,2,1 day/week,Yes,2026
Telangana,Factory Worker,Skilled,915,23790,8,48,2,1 day/week,Yes,2026
Maharashtra,Factory Worker,Skilled,925,24050,8,48,2,1 day/week,Yes,2026
Andhra Pradesh,Factory Worker,Skilled,935,24310,8,48,2,1 day/week,Yes,2026
Gujarat,Factory Worker,Skilled,945,24570,8,48,2,1 day/week,Yes,2026
Rajasthan,Factory Worker,Skilled,955,24830,8,48,2,1 day/week,Yes,2026
Delhi,Factory Worker,Skilled,965,25090,8,48,2,1 day/week,Yes,2026
West Bengal,Factory Worker,Skilled,975,25350,8,48,2,1 day/week,Yes,2026
Tamil Nadu,Electrician,Skilled,900,23400,8,48,2,1 day/week,Yes,2026
Karnataka,Electrician,Skilled,910,23660,8,48,2,1 day/week,Yes,2026
Kerala,Electrician,Skilled,920,23920,8,48,2,1 day/week,Yes,2026
Telangana,Electrician,Skilled,930,24180,8,48,2,1 day/week,Yes,2026
Maharashtra,Electrician,Skilled,940,24440,8,48,2,1 day/week,Yes,2026
Andhra Pradesh,Electrician,Skilled,950,24700,8,48,2,1 day/week,Yes,2026
Gujarat,Electrician,Skilled,960,24960,8,48,2,1 day/week,Yes,2026
Rajasthan,Electrician,Skilled,970,25220,8,48,2,1 day/week,Yes,2026
Delhi,Electrician,Skilled,980,25480,8,48,2,1 day/week,Yes,2026
West Bengal,Electrician,Skilled,990,25740,8,48,2,1 day/week,Yes,2026
Tamil Nadu,Plumber,Skilled,915,23790,8,48,2,1 day/week,Yes,2026
Karnataka,Plumber,Skilled,925,24050,8,48,2,1 day/week,Yes,2026
Kerala,Plumber,Skilled,935,24310,8,48,2,1 day/week,Yes,2026
Telangana,Plumber,Skilled,945,24570,8,48,2,1 day/week,Yes,2026
Maharashtra,Plumber,Skilled,955,24830,8,48,2,1 day/week,Yes,2026
Andhra Pradesh,Plumber,Skilled,965,25090,8,48,2,1 day/week,Yes,2026
Gujarat,Plumber,Skilled,975,25350,8,48,2,1 day/week,Yes,2026
Rajasthan,Plumber,Skilled,985,25610,8,48,2,1 day/week,Yes,2026
Delhi,Plumber,Skilled,995,25870,8,48,2,1 day/week,Yes,2026
West Bengal,Plumber,Skilled,1005,26130,8,48,2,1 day/week,Yes,2026
Tamil Nadu,Carpenter,Skilled,930,24180,8,48,2,1 day/week,Yes,2026
Karnataka,Carpenter,Skilled,940,24440,8,48,2,1 day/week,Yes,2026
Kerala,Carpenter,Skilled,950,24700,8,48,2,1 day/week,Yes,2026
Telangana,Carpenter,Skilled,960,24960,8,48,2,1 day/week,Yes,2026
Maharashtra,Carpenter,Skilled,970,25220,8,48,2,1 day/week,Yes,2026
Andhra Pradesh,Carpenter,Skilled,980,25480,8,48,2,1 day/week,Yes,2026
Gujarat,Carpenter,Skilled,990,25740,8,48,2,1 day/week,Yes,2026
Rajasthan,Carpenter,Skilled,1000,26000,8,48,2,1 day/week,Yes,2026
Delhi,Carpenter,Skilled,1010,26260,8,48,2,1 day/week,Yes,2026
West Bengal,Carpenter,Skilled,1020,26520,8,48,2,1 day/week,Yes,2026
Tamil Nadu,Welder,Skilled,840,21840,8,48,2,1 day/week,Yes,2026
Karnataka,Welder,Skilled,850,22100,8,48,2,1 day/week,Yes,2026
Kerala,Welder,Skilled,860,22360,8,48,2,1 day/week,Yes,2026
Telangana,Welder,Skilled,870,22620,8,48,2,1 day/week,Yes,2026
Maharashtra,Welder,Skilled,880,22880,8,48,2,1 day/week,Yes,2026
Andhra Pradesh,Welder,Skilled,890,23140,8,48,2,1 day/week,Yes,2026
Gujarat,Welder,Skilled,900,23400,8,48,2,1 day/week,Yes,2026
Rajasthan,Welder,Skilled,910,23660,8,48,2,1 day/week,Yes,2026
Delhi,Welder,Skilled,920,23920,8,48,2,1 day/week,Yes,2026
West Bengal,Welder,Skilled,930,24180,8,48,2,1 day/week,Yes,2026
Tamil Nadu,Driver,Skilled,855,22230,8,48,2,1 day/week,Yes,2026
Karnataka,Driver,Skilled,865,22490,8,48,2,1 day/week,Yes,2026
Kerala,Driver,Skilled,875,22750,8,48,2,1 day/week,Yes,2026
Telangana,Driver,Skilled,885,23010,8,48,2,1 day/week,Yes,2026
Maharashtra,Driver,Skilled,895,23270,8,48,2,1 day/week,Yes,2026
Andhra Pradesh,Driver,Skilled,905,23530,8,48,2,1 day/week,Yes,2026
Gujarat,Driver,Skilled,915,23790,8,48,2,1 day/week,Yes,2026
Rajasthan,Driver,Skilled,925,24050,8,48,2,1 day/week,Yes,2026
Delhi,Driver,Skilled,935,24310,8,48,2,1 day/week,Yes,2026
West Bengal,Driver,Skilled,945,24570,8,48,2,1 day/week,Yes,2026
Tamil Nadu,Office Assistant,Skilled,870,22620,8,48,2,1 day/week,Yes,2026
Karnataka,Office Assistant,Skilled,880,22880,8,48,2,1 day/week,Yes,2026
Kerala,Office Assistant,Skilled,890,23140,8,48,2,1 day/week,Yes,2026
Telangana,Office Assistant,Skilled,900,23400,8,48,2,1 day/week,Yes,2026
Maharashtra,Office Assistant,Skilled,910,23660,8,48,2,1 day/week,Yes,2026
Andhra Pradesh,Office Assistant,Skilled,920,23920,8,48,2,1 day/week,Yes,2026
Gujarat,Office Assistant,Skilled,930,24180,8,48,2,1 day/week,Yes,2026
Rajasthan,Office Assistant,Skilled,940,24440,8,48,2,1 day/week,Yes,2026
Delhi,Office Assistant,Skilled,950,24700,8,48,2,1 day/week,Yes,2026
West Bengal,Office Assistant,Skilled,960,24960,8,48,2,1 day/week,Yes,2026
Tamil Nadu,Data Entry Operator,Skilled,885,23010,8,48,2,1 day/week,Yes,2026
Karnataka,Data Entry Operator,Skilled,895,23270,8,48,2,1 day/week,Yes,2026
Kerala,Data Entry Operator,Skilled,905,23530,8,48,2,1 day/week,Yes,2026
Telangana,Data Entry Operator,Skilled,915,23790,8,48,2,1 day/week,Yes,2026
Maharashtra,Data Entry Operator,Skilled,925,24050,8,48,2,1 day/week,Yes,2026
Andhra Pradesh,Data Entry Operator,Skilled,935,24310,8,48,2,1 day/week,Yes,2026
Gujarat,Data Entry Operator,Skilled,945,24570,8,48,2,1 day/week,Yes,2026
Rajasthan,Data Entry Operator,Skilled,955,24830,8,48,2,1 day/week,Yes,2026
Delhi,Data Entry Operator,Skilled,965,25090,8,48,2,1 day/week,Yes,2026
West Bengal,Data Entry Operator,Skilled,975,25350,8,48,2,1 day/week,Yes,2026
Tamil Nadu,Receptionist,Skilled,900,23400,8,48,2,1 day/week,Yes,2026
Karnataka,Receptionist,Skilled,910,23660,8,48,2,1 day/week,Yes,2026
Kerala,Receptionist,Skilled,920,23920,8,48,2,1 day/week,Yes,2026
Telangana,Receptionist,Skilled,930,24180,8,48,2,1 day/week,Yes,2026
Maharashtra,Receptionist,Skilled,940,24440,8,48,2,1 day/week,Yes,2026
Andhra Pradesh,Receptionist,Skilled,950,24700,8,48,2,1 day/week,Yes,2026
Gujarat,Receptionist,Skilled,960,24960,8,48,2,1 day/week,Yes,2026
Rajasthan,Receptionist,Skilled,970,25220,8,48,2,1 day/week,Yes,2026
Delhi,Receptionist,Skilled,980,25480,8,48,2,1 day/week,Yes,2026
West Bengal,Receptionist,Skilled,990,25740,8,48,2,1 day/week,Yes,2026
Tamil Nadu,Cook,Skilled,915,23790,8,48,2,1 day/week,Yes,2026
Karnataka,Cook,Skilled,925,24050,8,48,2,1 day/week,Yes,2026
Kerala,Cook,Skilled,935,24310,8,48,2,1 day/week,Yes,2026
Telangana,Cook,Skilled,945,24570,8,48,2,1 day/week,Yes,2026
Maharashtra,Cook,Skilled,955,24830,8,48,2,1 day/week,Yes,2026
Andhra Pradesh,Cook,Skilled,965,25090,8,48,2,1 day/week,Yes,2026
Gujarat,Cook,Skilled,975,25350,8,48,2,1 day/week,Yes,2026
Rajasthan,Cook,Skilled,985,25610,8,48,2,1 day/week,Yes,2026
Delhi,Cook,Skilled,995,25870,8,48,2,1 day/week,Yes,2026
West Bengal,Cook,Skilled,1005,26130,8,48,2,1 day/week,Yes,2026
Tamil Nadu,Construction Labourer,Skilled,930,24180,8,48,2,1 day/week,Yes,2026
Karnataka,Construction Labourer,Skilled,940,24440,8,48,2,1 day/week,Yes,2026
Kerala,Construction Labourer,Skilled,950,24700,8,48,2,1 day/week,Yes,2026
Telangana,Construction Labourer,Skilled,960,24960,8,48,2,1 day/week,Yes,2026
Maharashtra,Construction Labourer,Skilled,970,25220,8,48,2,1 day/week,Yes,2026
Andhra Pradesh,Construction Labourer,Skilled,980,25480,8,48,2,1 day/week,Yes,2026
Gujarat,Construction Labourer,Skilled,990,25740,8,48,2,1 day/week,Yes,2026
Rajasthan,Construction Labourer,Skilled,1000,26000,8,48,2,1 day/week,Yes,2026
Delhi,Construction Labourer,Skilled,1010,26260,8,48,2,1 day/week,Yes,2026
West Bengal,Construction Labourer,Skilled,1020,26520,8,48,2,1 day/week,Yes,2026
Tamil Nadu,Helper,Skilled,840,21840,8,48,2,1 day/week,Yes,2026
Karnataka,Helper,Skilled,850,22100,8,48,2,1 day/week,Yes,2026
Kerala,Helper,Skilled,860,22360,8,48,2,1 day/week,Yes,2026
Telangana,Helper,Skilled,870,22620,8,48,2,1 day/week,Yes,2026
Maharashtra,Helper,Skilled,880,22880,8,48,2,1 day/week,Yes,2026
Andhra Pradesh,Helper,Skilled,890,23140,8,48,2,1 day/week,Yes,2026
Gujarat,Helper,Skilled,900,23400,8,48,2,1 day/week,Yes,2026
Rajasthan,Helper,Skilled,910,23660,8,48,2,1 day/week,Yes,2026
Delhi,Helper,Skilled,920,23920,8,48,2,1 day/week,Yes,2026
West Bengal,Helper,Skilled,930,24180,8,48,2,1 day/week,Yes,2026
Tamil Nadu,Mason,Skilled,855,22230,8,48,2,1 day/week,Yes,2026
Karnataka,Mason,Skilled,865,22490,8,48,2,1 day/week,Yes,2026
Kerala,Mason,Skilled,875,22750,8,48,2,1 day/week,Yes,2026
Telangana,Mason,Skilled,885,23010,8,48,2,1 day/week,Yes,2026
Maharashtra,Mason,Skilled,895,23270,8,48,2,1 day/week,Yes,2026
Andhra Pradesh,Mason,Skilled,905,23530,8,48,2,1 day/week,Yes,2026
Gujarat,Mason,Skilled,915,23790,8,48,2,1 day/week,Yes,2026
Rajasthan,Mason,Skilled,925,24050,8,48,2,1 day/week,Yes,2026
Delhi,Mason,Skilled,935,24310,8,48,2,1 day/week,Yes,2026
West Bengal,Mason,Skilled,945,24570,8,48,2,1 day/week,Yes,2026
Tamil Nadu,Painter,Skilled,870,22620,8,48,2,1 day/week,Yes,2026
Karnataka,Painter,Skilled,880,22880,8,48,2,1 day/week,Yes,2026
Kerala,Painter,Skilled,890,23140,8,48,2,1 day/week,Yes,2026
Telangana,Painter,Skilled,900,23400,8,48,2,1 day/week,Yes,2026
Maharashtra,Painter,Skilled,910,23660,8,48,2,1 day/week,Yes,2026
Andhra Pradesh,Painter,Skilled,920,23920,8,48,2,1 day/week,Yes,2026
Gujarat,Painter,Skilled,930,24180,8,48,2,1 day/week,Yes,2026
Rajasthan,Painter,Skilled,940,24440,8,48,2,1 day/week,Yes,2026
Delhi,Painter,Skilled,950,24700,8,48,2,1 day/week,Yes,2026
West Bengal,Painter,Skilled,960,24960,8,48,2,1 day/week,Yes,2026
Tamil Nadu,Machine Operator,Skilled,885,23010,8,48,2,1 day/week,Yes,2026
Karnataka,Machine Operator,Skilled,895,23270,8,48,2,1 day/week,Yes,2026
Kerala,Machine Operator,Skilled,905,23530,8,48,2,1 day/week,Yes,2026
Telangana,Machine Operator,Skilled,915,23790,8,48,2,1 day/week,Yes,2026
Maharashtra,Machine Operator,Skilled,925,24050,8,48,2,1 day/week,Yes,2026
Andhra Pradesh,Machine Operator,Skilled,935,24310,8,48,2,1 day/week,Yes,2026
Gujarat,Machine Operator,Skilled,945,24570,8,48,2,1 day/week,Yes,2026
Rajasthan,Machine Operator,Skilled,955,24830,8,48,2,1 day/week,Yes,2026
Delhi,Machine Operator,Skilled,965,25090,8,48,2,1 day/week,Yes,2026
West Bengal,Machine Operator,Skilled,975,25350,8,48,2,1 day/week,Yes,2026
Tamil Nadu,Delivery Executive,Skilled,900,23400,8,48,2,1 day/week,Yes,2026
Karnataka,Delivery Executive,Skilled,910,23660,8,48,2,1 day/week,Yes,2026
Kerala,Delivery Executive,Skilled,920,23920,8,48,2,1 day/week,Yes,2026
Telangana,Delivery Executive,Skilled,930,24180,8,48,2,1 day/week,Yes,2026
Maharashtra,Delivery Executive,Skilled,940,24440,8,48,2,1 day/week,Yes,2026
Andhra Pradesh,Delivery Executive,Skilled,950,24700,8,48,2,1 day/week,Yes,2026
Gujarat,Delivery Executive,Skilled,960,24960,8,48,2,1 day/week,Yes,2026
Rajasthan,Delivery Executive,Skilled,970,25220,8,48,2,1 day/week,Yes,2026
Delhi,Delivery Executive,Skilled,980,25480,8,48,2,1 day/week,Yes,2026
West Bengal,Delivery Executive,Skilled,990,25740,8,48,2,1 day/week,Yes,2026
Tamil Nadu,Hospital Attendant,Skilled,915,23790,8,48,2,1 day/week,Yes,2026
Karnataka,Hospital Attendant,Skilled,925,24050,8,48,2,1 day/week,Yes,2026
Kerala,Hospital Attendant,Skilled,935,24310,8,48,2,1 day/week,Yes,2026
Telangana,Hospital Attendant,Skilled,945,24570,8,48,2,1 day/week,Yes,2026
Maharashtra,Hospital Attendant,Skilled,955,24830,8,48,2,1 day/week,Yes,2026
Andhra Pradesh,Hospital Attendant,Skilled,965,25090,8,48,2,1 day/week,Yes,2026
Gujarat,Hospital Attendant,Skilled,975,25350,8,48,2,1 day/week,Yes,2026
Rajasthan,Hospital Attendant,Skilled,985,25610,8,48,2,1 day/week,Yes,2026
Delhi,Hospital Attendant,Skilled,995,25870,8,48,2,1 day/week,Yes,2026
West Bengal,Hospital Attendant,Skilled,1005,26130,8,48,2,1 day/week,Yes,2026
Tamil Nadu,Warehouse Worker,Skilled,930,24180,8,48,2,1 day/week,Yes,2026
Karnataka,Warehouse Worker,Skilled,940,24440,8,48,2,1 day/week,Yes,2026
Kerala,Warehouse Worker,Skilled,950,24700,8,48,2,1 day/week,Yes,2026
Telangana,Warehouse Worker,Skilled,960,24960,8,48,2,1 day/week,Yes,2026
Maharashtra,Warehouse Worker,Skilled,970,25220,8,48,2,1 day/week,Yes,2026
Andhra Pradesh,Warehouse Worker,Skilled,980,25480,8,48,2,1 day/week,Yes,2026
Gujarat,Warehouse Worker,Skilled,990,25740,8,48,2,1 day/week,Yes,2026
Rajasthan,Warehouse Worker,Skilled,1000,26000,8,48,2,1 day/week,Yes,2026
Delhi,Warehouse Worker,Skilled,1010,26260,8,48,2,1 day/week,Yes,2026
West Bengal,Warehouse Worker,Skilled,1020,26520,8,48,2,1 day/week,Yes,2026
Tamil Nadu,Packer,Skilled,840,21840,8,48,2,1 day/week,Yes,2026
Karnataka,Packer,Skilled,850,22100,8,48,2,1 day/week,Yes,2026
Kerala,Packer,Skilled,860,22360,8,48,2,1 day/week,Yes,2026
Telangana,Packer,Skilled,870,22620,8,48,2,1 day/week,Yes,2026
Maharashtra,Packer,Skilled,880,22880,8,48,2,1 day/week,Yes,2026
Andhra Pradesh,Packer,Skilled,890,23140,8,48,2,1 day/week,Yes,2026
Gujarat,Packer,Skilled,900,23400,8,48,2,1 day/week,Yes,2026
Rajasthan,Packer,Skilled,910,23660,8,48,2,1 day/week,Yes,2026
Delhi,Packer,Skilled,920,23920,8,48,2,1 day/week,Yes,2026
West Bengal,Packer,Skilled,930,24180,8,48,2,1 day/week,Yes,2026
Tamil Nadu,Gardener,Skilled,855,22230,8,48,2,1 day/week,Yes,2026
Karnataka,Gardener,Skilled,865,22490,8,48,2,1 day/week,Yes,2026
Kerala,Gardener,Skilled,875,22750,8,48,2,1 day/week,Yes,2026
Telangana,Gardener,Skilled,885,23010,8,48,2,1 day/week,Yes,2026
Maharashtra,Gardener,Skilled,895,23270,8,48,2,1 day/week,Yes,2026
Andhra Pradesh,Gardener,Skilled,905,23530,8,48,2,1 day/week,Yes,2026
Gujarat,Gardener,Skilled,915,23790,8,48,2,1 day/week,Yes,2026
Rajasthan,Gardener,Skilled,925,24050,8,48,2,1 day/week,Yes,2026
Delhi,Gardener,Skilled,935,24310,8,48,2,1 day/week,Yes,2026
West Bengal,Gardener,Skilled,945,24570,8,48,2,1 day/week,Yes,2026
Tamil Nadu,Watchman,Skilled,870,22620,8,48,2,1 day/week,Yes,2026
Karnataka,Watchman,Skilled,880,22880,8,48,2,1 day/week,Yes,2026
Kerala,Watchman,Skilled,890,23140,8,48,2,1 day/week,Yes,2026
Telangana,Watchman,Skilled,900,23400,8,48,2,1 day/week,Yes,2026
Maharashtra,Watchman,Skilled,910,23660,8,48,2,1 day/week,Yes,2026
Andhra Pradesh,Watchman,Skilled,920,23920,8,48,2,1 day/week,Yes,2026
Gujarat,Watchman,Skilled,930,24180,8,48,2,1 day/week,Yes,2026
Rajasthan,Watchman,Skilled,940,24440,8,48,2,1 day/week,Yes,2026
Delhi,Watchman,Skilled,950,24700,8,48,2,1 day/week,Yes,2026
West Bengal,Watchman,Skilled,960,24960,8,48,2,1 day/week,Yes,2026
Tamil Nadu,Mechanic,Skilled,885,23010,8,48,2,1 day/week,Yes,2026
Karnataka,Mechanic,Skilled,895,23270,8,48,2,1 day/week,Yes,2026
Kerala,Mechanic,Skilled,905,23530,8,48,2,1 day/week,Yes,2026
Telangana,Mechanic,Skilled,915,23790,8,48,2,1 day/week,Yes,2026
Maharashtra,Mechanic,Skilled,925,24050,8,48,2,1 day/week,Yes,2026
Andhra Pradesh,Mechanic,Skilled,935,24310,8,48,2,1 day/week,Yes,2026
Gujarat,Mechanic,Skilled,945,24570,8,48,2,1 day/week,Yes,2026
Rajasthan,Mechanic,Skilled,955,24830,8,48,2,1 day/week,Yes,2026
Delhi,Mechanic,Skilled,965,25090,8,48,2,1 day/week,Yes,2026
West Bengal,Mechanic,Skilled,975,25350,8,48,2,1 day/week,Yes,2026
Tamil Nadu,Cashier,Skilled,900,23400,8,48,2,1 day/week,Yes,2026
Karnataka,Cashier,Skilled,910,23660,8,48,2,1 day/week,Yes,2026
Kerala,Cashier,Skilled,920,23920,8,48,2,1 day/week,Yes,2026
Telangana,Cashier,Skilled,930,24180,8,48,2,1 day/week,Yes,2026
Maharashtra,Cashier,Skilled,940,24440,8,48,2,1 day/week,Yes,2026
Andhra Pradesh,Cashier,Skilled,950,24700,8,48,2,1 day/week,Yes,2026
Gujarat,Cashier,Skilled,960,24960,8,48,2,1 day/week,Yes,2026
Rajasthan,Cashier,Skilled,970,25220,8,48,2,1 day/week,Yes,2026
Delhi,Cashier,Skilled,980,25480,8,48,2,1 day/week,Yes,2026
West Bengal,Cashier,Skilled,990,25740,8,48,2,1 day/week,Yes,2026
Tamil Nadu,Retail Associate,Skilled,915,23790,8,48,2,1 day/week,Yes,2026
Karnataka,Retail Associate,Skilled,925,24050,8,48,2,1 day/week,Yes,2026
Kerala,Retail Associate,Skilled,935,24310,8,48,2,1 day/week,Yes,2026
Telangana,Retail Associate,Skilled,945,24570,8,48,2,1 day/week,Yes,2026
Maharashtra,Retail Associate,Skilled,955,24830,8,48,2,1 day/week,Yes,2026
Andhra Pradesh,Retail Associate,Skilled,965,25090,8,48,2,1 day/week,Yes,2026
Gujarat,Retail Associate,Skilled,975,25350,8,48,2,1 day/week,Yes,2026
Rajasthan,Retail Associate,Skilled,985,25610,8,48,2,1 day/week,Yes,2026
Delhi,Retail Associate,Skilled,995,25870,8,48,2,1 day/week,Yes,2026
West Bengal,Retail Associate,Skilled,1005,26130,8,48,2,1 day/week,Yes,2026
Tamil Nadu,Tailor,Skilled,930,24180,8,48,2,1 day/week,Yes,2026
Karnataka,Tailor,Skilled,940,24440,8,48,2,1 day/week,Yes,2026
Kerala,Tailor,Skilled,950,24700,8,48,2,1 day/week,Yes,2026
Telangana,Tailor,Skilled,960,24960,8,48,2,1 day/week,Yes,2026
Maharashtra,Tailor,Skilled,970,25220,8,48,2,1 day/week,Yes,2026
Andhra Pradesh,Tailor,Skilled,980,25480,8,48,2,1 day/week,Yes,2026
Gujarat,Tailor,Skilled,990,25740,8,48,2,1 day/week,Yes,2026
Rajasthan,Tailor,Skilled,1000,26000,8,48,2,1 day/week,Yes,2026
Delhi,Tailor,Skilled,1010,26260,8,48,2,1 day/week,Yes,2026
West Bengal,Tailor,Skilled,1020,26520,8,48,2,1 day/week,Yes,2026
Tamil Nadu,Loader,Skilled,840,21840,8,48,2,1 day/week,Yes,2026
Karnataka,Loader,Skilled,850,22100,8,48,2,1 day/week,Yes,2026
Kerala,Loader,Skilled,860,22360,8,48,2,1 day/week,Yes,2026
Telangana,Loader,Skilled,870,22620,8,48,2,1 day/week,Yes,2026
Maharashtra,Loader,Skilled,880,22880,8,48,2,1 day/week,Yes,2026
Andhra Pradesh,Loader,Skilled,890,23140,8,48,2,1 day/week,Yes,2026
Gujarat,Loader,Skilled,900,23400,8,48,2,1 day/week,Yes,2026
Rajasthan,Loader,Skilled,910,23660,8,48,2,1 day/week,Yes,2026
Delhi,Loader,Skilled,920,23920,8,48,2,1 day/week,Yes,2026
West Bengal,Loader,Skilled,930,24180,8,48,2,1 day/week,Yes,2026
Tamil Nadu,Technician,Skilled,855,22230,8,48,2,1 day/week,Yes,2026
Karnataka,Technician,Skilled,865,22490,8,48,2,1 day/week,Yes,2026
Kerala,Technician,Skilled,875,22750,8,48,2,1 day/week,Yes,2026
Telangana,Technician,Skilled,885,23010,8,48,2,1 day/week,Yes,2026
Maharashtra,Technician,Skilled,895,23270,8,48,2,1 day/week,Yes,2026
Andhra Pradesh,Technician,Skilled,905,23530,8,48,2,1 day/week,Yes,2026
Gujarat,Technician,Skilled,915,23790,8,48,2,1 day/week,Yes,2026
Rajasthan,Technician,Skilled,925,24050,8,48,2,1 day/week,Yes,2026
Delhi,Technician,Skilled,935,24310,8,48,2,1 day/week,Yes,2026
West Bengal,Technician,Skilled,945,24570,8,48,2,1 day/week,Yes,2026
Tamil Nadu,Fitter,Skilled,870,22620,8,48,2,1 day/week,Yes,2026
Karnataka,Fitter,Skilled,880,22880,8,48,2,1 day/week,Yes,2026
Kerala,Fitter,Skilled,890,23140,8,48,2,1 day/week,Yes,2026
Telangana,Fitter,Skilled,900,23400,8,48,2,1 day/week,Yes,2026
Maharashtra,Fitter,Skilled,910,23660,8,48,2,1 day/week,Yes,2026
Andhra Pradesh,Fitter,Skilled,920,23920,8,48,2,1 day/week,Yes,2026
Gujarat,Fitter,Skilled,930,24180,8,48,2,1 day/week,Yes,2026
Rajasthan,Fitter,Skilled,940,24440,8,48,2,1 day/week,Yes,2026
Delhi,Fitter,Skilled,950,24700,8,48,2,1 day/week,Yes,2026
West Bengal,Fitter,Skilled,960,24960,8,48,2,1 day/week,Yes,2026
Tamil Nadu,Assembler,Skilled,885,23010,8,48,2,1 day/week,Yes,2026
Karnataka,Assembler,Skilled,895,23270,8,48,2,1 day/week,Yes,2026
Kerala,Assembler,Skilled,905,23530,8,48,2,1 day/week,Yes,2026
Telangana,Assembler,Skilled,915,23790,8,48,2,1 day/week,Yes,2026
Maharashtra,Assembler,Skilled,925,24050,8,48,2,1 day/week,Yes,2026
Andhra Pradesh,Assembler,Skilled,935,24310,8,48,2,1 day/week,Yes,2026
Gujarat,Assembler,Skilled,945,24570,8,48,2,1 day/week,Yes,2026
Rajasthan,Assembler,Skilled,955,24830,8,48,2,1 day/week,Yes,2026
Delhi,Assembler,Skilled,965,25090,8,48,2,1 day/week,Yes,2026
West Bengal,Assembler,Skilled,975,25350,8,48,2,1 day/week,Yes,2026
Tamil Nadu,Quality Inspector,Skilled,900,23400,8,48,2,1 day/week,Yes,2026
Karnataka,Quality Inspector,Skilled,910,23660,8,48,2,1 day/week,Yes,2026
Kerala,Quality Inspector,Skilled,920,23920,8,48,2,1 day/week,Yes,2026
Telangana,Quality Inspector,Skilled,930,24180,8,48,2,1 day/week,Yes,2026
Maharashtra,Quality Inspector,Skilled,940,24440,8,48,2,1 day/week,Yes,2026
Andhra Pradesh,Quality Inspector,Skilled,950,24700,8,48,2,1 day/week,Yes,2026
Gujarat,Quality Inspector,Skilled,960,24960,8,48,2,1 day/week,Yes,2026
Rajasthan,Quality Inspector,Skilled,970,25220,8,48,2,1 day/week,Yes,2026
Delhi,Quality Inspector,Skilled,980,25480,8,48,2,1 day/week,Yes,2026
West Bengal,Quality Inspector,Skilled,990,25740,8,48,2,1 day/week,Yes,2026
Tamil Nadu,Forklift Operator,Skilled,915,23790,8,48,2,1 day/week,Yes,2026
Karnataka,Forklift Operator,Skilled,925,24050,8,48,2,1 day/week,Yes,2026
Kerala,Forklift Operator,Skilled,935,24310,8,48,2,1 day/week,Yes,2026
Telangana,Forklift Operator,Skilled,945,24570,8,48,2,1 day/week,Yes,2026
Maharashtra,Forklift Operator,Skilled,955,24830,8,48,2,1 day/week,Yes,2026
Andhra Pradesh,Forklift Operator,Skilled,965,25090,8,48,2,1 day/week,Yes,2026
Gujarat,Forklift Operator,Skilled,975,25350,8,48,2,1 day/week,Yes,2026
Rajasthan,Forklift Operator,Skilled,985,25610,8,48,2,1 day/week,Yes,2026
Delhi,Forklift Operator,Skilled,995,25870,8,48,2,1 day/week,Yes,2026
West Bengal,Forklift Operator,Skilled,1005,26130,8,48,2,1 day/week,Yes,2026
Tamil Nadu,Supervisor,Skilled,930,24180,8,48,2,1 day/week,Yes,2026
Karnataka,Supervisor,Skilled,940,24440,8,48,2,1 day/week,Yes,2026
Kerala,Supervisor,Skilled,950,24700,8,48,2,1 day/week,Yes,2026
Telangana,Supervisor,Skilled,960,24960,8,48,2,1 day/week,Yes,2026
Maharashtra,Supervisor,Skilled,970,25220,8,48,2,1 day/week,Yes,2026
Andhra Pradesh,Supervisor,Skilled,980,25480,8,48,2,1 day/week,Yes,2026
Gujarat,Supervisor,Skilled,990,25740,8,48,2,1 day/week,Yes,2026
Rajasthan,Supervisor,Skilled,1000,26000,8,48,2,1 day/week,Yes,2026
Delhi,Supervisor,Skilled,1010,26260,8,48,2,1 day/week,Yes,2026
West Bengal,Supervisor,Skilled,1020,26520,8,48,2,1 day/week,Yes,2026
Tamil Nadu,Office Boy,Skilled,840,21840,8,48,2,1 day/week,Yes,2026
Karnataka,Office Boy,Skilled,850,22100,8,48,2,1 day/week,Yes,2026
Kerala,Office Boy,Skilled,860,22360,8,48,2,1 day/week,Yes,2026
Telangana,Office Boy,Skilled,870,22620,8,48,2,1 day/week,Yes,2026
Maharashtra,Office Boy,Skilled,880,22880,8,48,2,1 day/week,Yes,2026
Andhra Pradesh,Office Boy,Skilled,890,23140,8,48,2,1 day/week,Yes,2026
Gujarat,Office Boy,Skilled,900,23400,8,48,2,1 day/week,Yes,2026
Rajasthan,Office Boy,Skilled,910,23660,8,48,2,1 day/week,Yes,2026
Delhi,Office Boy,Skilled,920,23920,8,48,2,1 day/week,Yes,2026
West Bengal,Office Boy,Skilled,930,24180,8,48,2,1 day/week,Yes,2026
Tamil Nadu,Janitor,Skilled,855,22230,8,48,2,1 day/week,Yes,2026
Karnataka,Janitor,Skilled,865,22490,8,48,2,1 day/week,Yes,2026
Kerala,Janitor,Skilled,875,22750,8,48,2,1 day/week,Yes,2026
Telangana,Janitor,Skilled,885,23010,8,48,2,1 day/week,Yes,2026
Maharashtra,Janitor,Skilled,895,23270,8,48,2,1 day/week,Yes,2026
Andhra Pradesh,Janitor,Skilled,905,23530,8,48,2,1 day/week,Yes,2026
Gujarat,Janitor,Skilled,915,23790,8,48,2,1 day/week,Yes,2026
Rajasthan,Janitor,Skilled,925,24050,8,48,2,1 day/week,Yes,2026
Delhi,Janitor,Skilled,935,24310,8,48,2,1 day/week,Yes,2026
West Bengal,Janitor,Skilled,945,24570,8,48,2,1 day/week,Yes,2026
Tamil Nadu,Lab Assistant,Skilled,870,22620,8,48,2,1 day/week,Yes,2026
Karnataka,Lab Assistant,Skilled,880,22880,8,48,2,1 day/week,Yes,2026
Kerala,Lab Assistant,Skilled,890,23140,8,48,2,1 day/week,Yes,2026
Telangana,Lab Assistant,Skilled,900,23400,8,48,2,1 day/week,Yes,2026
Maharashtra,Lab Assistant,Skilled,910,23660,8,48,2,1 day/week,Yes,2026
Andhra Pradesh,Lab Assistant,Skilled,920,23920,8,48,2,1 day/week,Yes,2026
Gujarat,Lab Assistant,Skilled,930,24180,8,48,2,1 day/week,Yes,2026
Rajasthan,Lab Assistant,Skilled,940,24440,8,48,2,1 day/week,Yes,2026
Delhi,Lab Assistant,Skilled,950,24700,8,48,2,1 day/week,Yes,2026
West Bengal,Lab Assistant,Skilled,960,24960,8,48,2,1 day/week,Yes,2026
Tamil Nadu,Nurse Assistant,Skilled,885,23010,8,48,2,1 day/week,Yes,2026
Karnataka,Nurse Assistant,Skilled,895,23270,8,48,2,1 day/week,Yes,2026
Kerala,Nurse Assistant,Skilled,905,23530,8,48,2,1 day/week,Yes,2026
Telangana,Nurse Assistant,Skilled,915,23790,8,48,2,1 day/week,Yes,2026
Maharashtra,Nurse Assistant,Skilled,925,24050,8,48,2,1 day/week,Yes,2026
Andhra Pradesh,Nurse Assistant,Skilled,935,24310,8,48,2,1 day/week,Yes,2026
Gujarat,Nurse Assistant,Skilled,945,24570,8,48,2,1 day/week,Yes,2026
Rajasthan,Nurse Assistant,Skilled,955,24830,8,48,2,1 day/week,Yes,2026
Delhi,Nurse Assistant,Skilled,965,25090,8,48,2,1 day/week,Yes,2026
West Bengal,Nurse Assistant,Skilled,975,25350,8,48,2,1 day/week,Yes,2026
Tamil Nadu,Caregiver,Skilled,900,23400,8,48,2,1 day/week,Yes,2026
Karnataka,Caregiver,Skilled,910,23660,8,48,2,1 day/week,Yes,2026
Kerala,Caregiver,Skilled,920,23920,8,48,2,1 day/week,Yes,2026
Telangana,Caregiver,Skilled,930,24180,8,48,2,1 day/week,Yes,2026
Maharashtra,Caregiver,Skilled,940,24440,8,48,2,1 day/week,Yes,2026
Andhra Pradesh,Caregiver,Skilled,950,24700,8,48,2,1 day/week,Yes,2026
Gujarat,Caregiver,Skilled,960,24960,8,48,2,1 day/week,Yes,2026
Rajasthan,Caregiver,Skilled,970,25220,8,48,2,1 day/week,Yes,2026
Delhi,Caregiver,Skilled,980,25480,8,48,2,1 day/week,Yes,2026
West Bengal,Caregiver,Skilled,990,25740,8,48,2,1 day/week,Yes,2026
Tamil Nadu,Farm Worker,Skilled,915,23790,8,48,2,1 day/week,Yes,2026
Karnataka,Farm Worker,Skilled,925,24050,8,48,2,1 day/week,Yes,2026
Kerala,Farm Worker,Skilled,935,24310,8,48,2,1 day/week,Yes,2026
Telangana,Farm Worker,Skilled,945,24570,8,48,2,1 day/week,Yes,2026
Maharashtra,Farm Worker,Skilled,955,24830,8,48,2,1 day/week,Yes,2026
Andhra Pradesh,Farm Worker,Skilled,965,25090,8,48,2,1 day/week,Yes,2026
Gujarat,Farm Worker,Skilled,975,25350,8,48,2,1 day/week,Yes,2026
Rajasthan,Farm Worker,Skilled,985,25610,8,48,2,1 day/week,Yes,2026
Delhi,Farm Worker,Skilled,995,25870,8,48,2,1 day/week,Yes,2026
West Bengal,Farm Worker,Skilled,1005,26130,8,48,2,1 day/week,Yes,2026
Tamil Nadu,Textile Worker,Skilled,930,24180,8,48,2,1 day/week,Yes,2026
Karnataka,Textile Worker,Skilled,940,24440,8,48,2,1 day/week,Yes,2026
Kerala,Textile Worker,Skilled,950,24700,8,48,2,1 day/week,Yes,2026
Telangana,Textile Worker,Skilled,960,24960,8,48,2,1 day/week,Yes,2026
Maharashtra,Textile Worker,Skilled,970,25220,8,48,2,1 day/week,Yes,2026
Andhra Pradesh,Textile Worker,Skilled,980,25480,8,48,2,1 day/week,Yes,2026
Gujarat,Textile Worker,Skilled,990,25740,8,48,2,1 day/week,Yes,2026
Rajasthan,Textile Worker,Skilled,1000,26000,8,48,2,1 day/week,Yes,2026
Delhi,Textile Worker,Skilled,1010,26260,8,48,2,1 day/week,Yes,2026
West Bengal,Textile Worker,Skilled,1020,26520,8,48,2,1 day/week,Yes,2026
Tamil Nadu,Food Processing Worker,Skilled,840,21840,8,48,2,1 day/week,Yes,2026
Karnataka,Food Processing Worker,Skilled,850,22100,8,48,2,1 day/week,Yes,2026
Kerala,Food Processing Worker,Skilled,860,22360,8,48,2,1 day/week,Yes,2026
Telangana,Food Processing Worker,Skilled,870,22620,8,48,2,1 day/week,Yes,2026
Maharashtra,Food Processing Worker,Skilled,880,22880,8,48,2,1 day/week,Yes,2026
Andhra Pradesh,Food Processing Worker,Skilled,890,23140,8,48,2,1 day/week,Yes,2026
Gujarat,Food Processing Worker,Skilled,900,23400,8,48,2,1 day/week,Yes,2026
Rajasthan,Food Processing Worker,Skilled,910,23660,8,48,2,1 day/week,Yes,2026
Delhi,Food Processing Worker,Skilled,920,23920,8,48,2,1 day/week,Yes,2026
West Bengal,Food Processing Worker,Skilled,930,24180,8,48,2,1 day/week,Yes,2026
Tamil Nadu,Hotel Staff,Skilled,855,22230,8,48,2,1 day/week,Yes,2026
Karnataka,Hotel Staff,Skilled,865,22490,8,48,2,1 day/week,Yes,2026
Kerala,Hotel Staff,Skilled,875,22750,8,48,2,1 day/week,Yes,2026
Telangana,Hotel Staff,Skilled,885,23010,8,48,2,1 day/week,Yes,2026
Maharashtra,Hotel Staff,Skilled,895,23270,8,48,2,1 day/week,Yes,2026
Andhra Pradesh,Hotel Staff,Skilled,905,23530,8,48,2,1 day/week,Yes,2026
Gujarat,Hotel Staff,Skilled,915,23790,8,48,2,1 day/week,Yes,2026
Rajasthan,Hotel Staff,Skilled,925,24050,8,48,2,1 day/week,Yes,2026
Delhi,Hotel Staff,Skilled,935,24310,8,48,2,1 day/week,Yes,2026
West Bengal,Hotel Staff,Skilled,945,24570,8,48,2,1 day/week,Yes,2026
Tamil Nadu,Kitchen Helper,Skilled,870,22620,8,48,2,1 day/week,Yes,2026
Karnataka,Kitchen Helper,Skilled,880,22880,8,48,2,1 day/week,Yes,2026
Kerala,Kitchen Helper,Skilled,890,23140,8,48,2,1 day/week,Yes,2026
Telangana,Kitchen Helper,Skilled,900,23400,8,48,2,1 day/week,Yes,2026
Maharashtra,Kitchen Helper,Skilled,910,23660,8,48,2,1 day/week,Yes,2026
Andhra Pradesh,Kitchen Helper,Skilled,920,23920,8,48,2,1 day/week,Yes,2026
Gujarat,Kitchen Helper,Skilled,930,24180,8,48,2,1 day/week,Yes,2026
Rajasthan,Kitchen Helper,Skilled,940,24440,8,48,2,1 day/week,Yes,2026
Delhi,Kitchen Helper,Skilled,950,24700,8,48,2,1 day/week,Yes,2026
West Bengal,Kitchen Helper,Skilled,960,24960,8,48,2,1 day/week,Yes,2026
Tamil Nadu,Security Supervisor,Skilled,885,23010,8,48,2,1 day/week,Yes,2026
Karnataka,Security Supervisor,Skilled,895,23270,8,48,2,1 day/week,Yes,2026
Kerala,Security Supervisor,Skilled,905,23530,8,48,2,1 day/week,Yes,2026
Telangana,Security Supervisor,Skilled,915,23790,8,48,2,1 day/week,Yes,2026
Maharashtra,Security Supervisor,Skilled,925,24050,8,48,2,1 day/week,Yes,2026
Andhra Pradesh,Security Supervisor,Skilled,935,24310,8,48,2,1 day/week,Yes,2026
Gujarat,Security Supervisor,Skilled,945,24570,8,48,2,1 day/week,Yes,2026
Rajasthan,Security Supervisor,Skilled,955,24830,8,48,2,1 day/week,Yes,2026
Delhi,Security Supervisor,Skilled,965,25090,8,48,2,1 day/week,Yes,2026
West Bengal,Security Supervisor,Skilled,975,25350,8,48,2,1 day/week,Yes,2026
Tamil Nadu,Field Executive,Skilled,900,23400,8,48,2,1 day/week,Yes,2026
Karnataka,Field Executive,Skilled,910,23660,8,48,2,1 day/week,Yes,2026
Kerala,Field Executive,Skilled,920,23920,8,48,2,1 day/week,Yes,2026
Telangana,Field Executive,Skilled,930,24180,8,48,2,1 day/week,Yes,2026
Maharashtra,Field Executive,Skilled,940,24440,8,48,2,1 day/week,Yes,2026
Andhra Pradesh,Field Executive,Skilled,950,24700,8,48,2,1 day/week,Yes,2026
Gujarat,Field Executive,Skilled,960,24960,8,48,2,1 day/week,Yes,2026
Rajasthan,Field Executive,Skilled,970,25220,8,48,2,1 day/week,Yes,2026
Delhi,Field Executive,Skilled,980,25480,8,48,2,1 day/week,Yes,2026
West Bengal,Field Executive,Skilled,990,25740,8,48,2,1 day/week,Yes,2026
Tamil Nadu,Sales Assistant,Skilled,915,23790,8,48,2,1 day/week,Yes,2026
Karnataka,Sales Assistant,Skilled,925,24050,8,48,2,1 day/week,Yes,2026
Kerala,Sales Assistant,Skilled,935,24310,8,48,2,1 day/week,Yes,2026
Telangana,Sales Assistant,Skilled,945,24570,8,48,2,1 day/week,Yes,2026
Maharashtra,Sales Assistant,Skilled,955,24830,8,48,2,1 day/week,Yes,2026
Andhra Pradesh,Sales Assistant,Skilled,965,25090,8,48,2,1 day/week,Yes,2026
Gujarat,Sales Assistant,Skilled,975,25350,8,48,2,1 day/week,Yes,2026
Rajasthan,Sales Assistant,Skilled,985,25610,8,48,2,1 day/week,Yes,2026
Delhi,Sales Assistant,Skilled,995,25870,8,48,2,1 day/week,Yes,2026
West Bengal,Sales Assistant,Skilled,1005,26130,8,48,2,1 day/week,Yes,2026
Tamil Nadu,Packaging Operator,Skilled,930,24180,8,48,2,1 day/week,Yes,2026
Karnataka,Packaging Operator,Skilled,940,24440,8,48,2,1 day/week,Yes,2026
Kerala,Packaging Operator,Skilled,950,24700,8,48,2,1 day/week,Yes,2026
Telangana,Packaging Operator,Skilled,960,24960,8,48,2,1 day/week,Yes,2026
Maharashtra,Packaging Operator,Skilled,970,25220,8,48,2,1 day/week,Yes,2026
Andhra Pradesh,Packaging Operator,Skilled,980,25480,8,48,2,1 day/week,Yes,2026
Gujarat,Packaging Operator,Skilled,990,25740,8,48,2,1 day/week,Yes,2026
Rajasthan,Packaging Operator,Skilled,1000,26000,8,48,2,1 day/week,Yes,2026
Delhi,Packaging Operator,Skilled,1010,26260,8,48,2,1 day/week,Yes,2026
West Bengal,Packaging Operator,Skilled,1020,26520,8,48,2,1 day/week,Yes,2026
Tamil Nadu,Store Keeper,Skilled,840,21840,8,48,2,1 day/week,Yes,2026
Karnataka,Store Keeper,Skilled,850,22100,8,48,2,1 day/week,Yes,2026
Kerala,Store Keeper,Skilled,860,22360,8,48,2,1 day/week,Yes,2026
Telangana,Store Keeper,Skilled,870,22620,8,48,2,1 day/week,Yes,2026
Maharashtra,Store Keeper,Skilled,880,22880,8,48,2,1 day/week,Yes,2026
Andhra Pradesh,Store Keeper,Skilled,890,23140,8,48,2,1 day/week,Yes,2026
Gujarat,Store Keeper,Skilled,900,23400,8,48,2,1 day/week,Yes,2026
Rajasthan,Store Keeper,Skilled,910,23660,8,48,2,1 day/week,Yes,2026
Delhi,Store Keeper,Skilled,920,23920,8,48,2,1 day/week,Yes,2026
West Bengal,Store Keeper,Skilled,930,24180,8,48,2,1 day/week,Yes,2026
Tamil Nadu,Security Guard,Highly Skilled,980,25480,8,48,2,1 day/week,Yes,2026
Karnataka,Security Guard,Highly Skilled,990,25740,8,48,2,1 day/week,Yes,2026
Kerala,Security Guard,Highly Skilled,1000,26000,8,48,2,1 day/week,Yes,2026
Telangana,Security Guard,Highly Skilled,1010,26260,8,48,2,1 day/week,Yes,2026
Maharashtra,Security Guard,Highly Skilled,1020,26520,8,48,2,1 day/week,Yes,2026
Andhra Pradesh,Security Guard,Highly Skilled,1030,26780,8,48,2,1 day/week,Yes,2026
Gujarat,Security Guard,Highly Skilled,1040,27040,8,48,2,1 day/week,Yes,2026
Rajasthan,Security Guard,Highly Skilled,1050,27300,8,48,2,1 day/week,Yes,2026
Delhi,Security Guard,Highly Skilled,1060,27560,8,48,2,1 day/week,Yes,2026
West Bengal,Security Guard,Highly Skilled,1070,27820,8,48,2,1 day/week,Yes,2026
Tamil Nadu,Housekeeping,Highly Skilled,995,25870,8,48,2,1 day/week,Yes,2026
Karnataka,Housekeeping,Highly Skilled,1005,26130,8,48,2,1 day/week,Yes,2026
Kerala,Housekeeping,Highly Skilled,1015,26390,8,48,2,1 day/week,Yes,2026
Telangana,Housekeeping,Highly Skilled,1025,26650,8,48,2,1 day/week,Yes,2026
Maharashtra,Housekeeping,Highly Skilled,1035,26910,8,48,2,1 day/week,Yes,2026
Andhra Pradesh,Housekeeping,Highly Skilled,1045,27170,8,48,2,1 day/week,Yes,2026
Gujarat,Housekeeping,Highly Skilled,1055,27430,8,48,2,1 day/week,Yes,2026
Rajasthan,Housekeeping,Highly Skilled,1065,27690,8,48,2,1 day/week,Yes,2026
Delhi,Housekeeping,Highly Skilled,1075,27950,8,48,2,1 day/week,Yes,2026
West Bengal,Housekeeping,Highly Skilled,1085,28210,8,48,2,1 day/week,Yes,2026
Tamil Nadu,Cleaner,Highly Skilled,1010,26260,8,48,2,1 day/week,Yes,2026
Karnataka,Cleaner,Highly Skilled,1020,26520,8,48,2,1 day/week,Yes,2026
Kerala,Cleaner,Highly Skilled,1030,26780,8,48,2,1 day/week,Yes,2026
Telangana,Cleaner,Highly Skilled,1040,27040,8,48,2,1 day/week,Yes,2026
Maharashtra,Cleaner,Highly Skilled,1050,27300,8,48,2,1 day/week,Yes,2026
Andhra Pradesh,Cleaner,Highly Skilled,1060,27560,8,48,2,1 day/week,Yes,2026
Gujarat,Cleaner,Highly Skilled,1070,27820,8,48,2,1 day/week,Yes,2026
Rajasthan,Cleaner,Highly Skilled,1080,28080,8,48,2,1 day/week,Yes,2026
Delhi,Cleaner,Highly Skilled,1090,28340,8,48,2,1 day/week,Yes,2026
West Bengal,Cleaner,Highly Skilled,1100,28600,8,48,2,1 day/week,Yes,2026
Tamil Nadu,Factory Worker,Highly Skilled,1025,26650,8,48,2,1 day/week,Yes,2026
Karnataka,Factory Worker,Highly Skilled,1035,26910,8,48,2,1 day/week,Yes,2026
Kerala,Factory Worker,Highly Skilled,1045,27170,8,48,2,1 day/week,Yes,2026
Telangana,Factory Worker,Highly Skilled,1055,27430,8,48,2,1 day/week,Yes,2026
Maharashtra,Factory Worker,Highly Skilled,1065,27690,8,48,2,1 day/week,Yes,2026
Andhra Pradesh,Factory Worker,Highly Skilled,1075,27950,8,48,2,1 day/week,Yes,2026
Gujarat,Factory Worker,Highly Skilled,1085,28210,8,48,2,1 day/week,Yes,2026
Rajasthan,Factory Worker,Highly Skilled,1095,28470,8,48,2,1 day/week,Yes,2026
Delhi,Factory Worker,Highly Skilled,1105,28730,8,48,2,1 day/week,Yes,2026
West Bengal,Factory Worker,Highly Skilled,1115,28990,8,48,2,1 day/week,Yes,2026
Tamil Nadu,Electrician,Highly Skilled,1040,27040,8,48,2,1 day/week,Yes,2026
Karnataka,Electrician,Highly Skilled,1050,27300,8,48,2,1 day/week,Yes,2026
Kerala,Electrician,Highly Skilled,1060,27560,8,48,2,1 day/week,Yes,2026
Telangana,Electrician,Highly Skilled,1070,27820,8,48,2,1 day/week,Yes,2026
Maharashtra,Electrician,Highly Skilled,1080,28080,8,48,2,1 day/week,Yes,2026
Andhra Pradesh,Electrician,Highly Skilled,1090,28340,8,48,2,1 day/week,Yes,2026
Gujarat,Electrician,Highly Skilled,1100,28600,8,48,2,1 day/week,Yes,2026
Rajasthan,Electrician,Highly Skilled,1110,28860,8,48,2,1 day/week,Yes,2026
Delhi,Electrician,Highly Skilled,1120,29120,8,48,2,1 day/week,Yes,2026
West Bengal,Electrician,Highly Skilled,1130,29380,8,48,2,1 day/week,Yes,2026
Tamil Nadu,Plumber,Highly Skilled,1055,27430,8,48,2,1 day/week,Yes,2026
Karnataka,Plumber,Highly Skilled,1065,27690,8,48,2,1 day/week,Yes,2026
Kerala,Plumber,Highly Skilled,1075,27950,8,48,2,1 day/week,Yes,2026
Telangana,Plumber,Highly Skilled,1085,28210,8,48,2,1 day/week,Yes,2026
Maharashtra,Plumber,Highly Skilled,1095,28470,8,48,2,1 day/week,Yes,2026
Andhra Pradesh,Plumber,Highly Skilled,1105,28730,8,48,2,1 day/week,Yes,2026
Gujarat,Plumber,Highly Skilled,1115,28990,8,48,2,1 day/week,Yes,2026
Rajasthan,Plumber,Highly Skilled,1125,29250,8,48,2,1 day/week,Yes,2026
Delhi,Plumber,Highly Skilled,1135,29510,8,48,2,1 day/week,Yes,2026
West Bengal,Plumber,Highly Skilled,1145,29770,8,48,2,1 day/week,Yes,2026
Tamil Nadu,Carpenter,Highly Skilled,1070,27820,8,48,2,1 day/week,Yes,2026
Karnataka,Carpenter,Highly Skilled,1080,28080,8,48,2,1 day/week,Yes,2026
Kerala,Carpenter,Highly Skilled,1090,28340,8,48,2,1 day/week,Yes,2026
Telangana,Carpenter,Highly Skilled,1100,28600,8,48,2,1 day/week,Yes,2026
Maharashtra,Carpenter,Highly Skilled,1110,28860,8,48,2,1 day/week,Yes,2026
Andhra Pradesh,Carpenter,Highly Skilled,1120,29120,8,48,2,1 day/week,Yes,2026
Gujarat,Carpenter,Highly Skilled,1130,29380,8,48,2,1 day/week,Yes,2026
Rajasthan,Carpenter,Highly Skilled,1140,29640,8,48,2,1 day/week,Yes,2026
Delhi,Carpenter,Highly Skilled,1150,29900,8,48,2,1 day/week,Yes,2026
West Bengal,Carpenter,Highly Skilled,1160,30160,8,48,2,1 day/week,Yes,2026
Tamil Nadu,Welder,Highly Skilled,980,25480,8,48,2,1 day/week,Yes,2026
Karnataka,Welder,Highly Skilled,990,25740,8,48,2,1 day/week,Yes,2026
Kerala,Welder,Highly Skilled,1000,26000,8,48,2,1 day/week,Yes,2026
Telangana,Welder,Highly Skilled,1010,26260,8,48,2,1 day/week,Yes,2026
Maharashtra,Welder,Highly Skilled,1020,26520,8,48,2,1 day/week,Yes,2026
Andhra Pradesh,Welder,Highly Skilled,1030,26780,8,48,2,1 day/week,Yes,2026
Gujarat,Welder,Highly Skilled,1040,27040,8,48,2,1 day/week,Yes,2026
Rajasthan,Welder,Highly Skilled,1050,27300,8,48,2,1 day/week,Yes,2026
Delhi,Welder,Highly Skilled,1060,27560,8,48,2,1 day/week,Yes,2026
West Bengal,Welder,Highly Skilled,1070,27820,8,48,2,1 day/week,Yes,2026
Tamil Nadu,Driver,Highly Skilled,995,25870,8,48,2,1 day/week,Yes,2026
Karnataka,Driver,Highly Skilled,1005,26130,8,48,2,1 day/week,Yes,2026
Kerala,Driver,Highly Skilled,1015,26390,8,48,2,1 day/week,Yes,2026
Telangana,Driver,Highly Skilled,1025,26650,8,48,2,1 day/week,Yes,2026
Maharashtra,Driver,Highly Skilled,1035,26910,8,48,2,1 day/week,Yes,2026
Andhra Pradesh,Driver,Highly Skilled,1045,27170,8,48,2,1 day/week,Yes,2026
Gujarat,Driver,Highly Skilled,1055,27430,8,48,2,1 day/week,Yes,2026
Rajasthan,Driver,Highly Skilled,1065,27690,8,48,2,1 day/week,Yes,2026
Delhi,Driver,Highly Skilled,1075,27950,8,48,2,1 day/week,Yes,2026
West Bengal,Driver,Highly Skilled,1085,28210,8,48,2,1 day/week,Yes,2026
Tamil Nadu,Office Assistant,Highly Skilled,1010,26260,8,48,2,1 day/week,Yes,2026
Karnataka,Office Assistant,Highly Skilled,1020,26520,8,48,2,1 day/week,Yes,2026
Kerala,Office Assistant,Highly Skilled,1030,26780,8,48,2,1 day/week,Yes,2026
Telangana,Office Assistant,Highly Skilled,1040,27040,8,48,2,1 day/week,Yes,2026
Maharashtra,Office Assistant,Highly Skilled,1050,27300,8,48,2,1 day/week,Yes,2026
Andhra Pradesh,Office Assistant,Highly Skilled,1060,27560,8,48,2,1 day/week,Yes,2026
Gujarat,Office Assistant,Highly Skilled,1070,27820,8,48,2,1 day/week,Yes,2026
Rajasthan,Office Assistant,Highly Skilled,1080,28080,8,48,2,1 day/week,Yes,2026
Delhi,Office Assistant,Highly Skilled,1090,28340,8,48,2,1 day/week,Yes,2026
West Bengal,Office Assistant,Highly Skilled,1100,28600,8,48,2,1 day/week,Yes,2026
Tamil Nadu,Data Entry Operator,Highly Skilled,1025,26650,8,48,2,1 day/week,Yes,2026
Karnataka,Data Entry Operator,Highly Skilled,1035,26910,8,48,2,1 day/week,Yes,2026
Kerala,Data Entry Operator,Highly Skilled,1045,27170,8,48,2,1 day/week,Yes,2026
Telangana,Data Entry Operator,Highly Skilled,1055,27430,8,48,2,1 day/week,Yes,2026
Maharashtra,Data Entry Operator,Highly Skilled,1065,27690,8,48,2,1 day/week,Yes,2026
Andhra Pradesh,Data Entry Operator,Highly Skilled,1075,27950,8,48,2,1 day/week,Yes,2026
Gujarat,Data Entry Operator,Highly Skilled,1085,28210,8,48,2,1 day/week,Yes,2026
Rajasthan,Data Entry Operator,Highly Skilled,1095,28470,8,48,2,1 day/week,Yes,2026
Delhi,Data Entry Operator,Highly Skilled,1105,28730,8,48,2,1 day/week,Yes,2026
West Bengal,Data Entry Operator,Highly Skilled,1115,28990,8,48,2,1 day/week,Yes,2026
Tamil Nadu,Receptionist,Highly Skilled,1040,27040,8,48,2,1 day/week,Yes,2026
Karnataka,Receptionist,Highly Skilled,1050,27300,8,48,2,1 day/week,Yes,2026
Kerala,Receptionist,Highly Skilled,1060,27560,8,48,2,1 day/week,Yes,2026
Telangana,Receptionist,Highly Skilled,1070,27820,8,48,2,1 day/week,Yes,2026
Maharashtra,Receptionist,Highly Skilled,1080,28080,8,48,2,1 day/week,Yes,2026
Andhra Pradesh,Receptionist,Highly Skilled,1090,28340,8,48,2,1 day/week,Yes,2026
Gujarat,Receptionist,Highly Skilled,1100,28600,8,48,2,1 day/week,Yes,2026
Rajasthan,Receptionist,Highly Skilled,1110,28860,8,48,2,1 day/week,Yes,2026
Delhi,Receptionist,Highly Skilled,1120,29120,8,48,2,1 day/week,Yes,2026
West Bengal,Receptionist,Highly Skilled,1130,29380,8,48,2,1 day/week,Yes,2026
Tamil Nadu,Cook,Highly Skilled,1055,27430,8,48,2,1 day/week,Yes,2026
Karnataka,Cook,Highly Skilled,1065,27690,8,48,2,1 day/week,Yes,2026
Kerala,Cook,Highly Skilled,1075,27950,8,48,2,1 day/week,Yes,2026
Telangana,Cook,Highly Skilled,1085,28210,8,48,2,1 day/week,Yes,2026
Maharashtra,Cook,Highly Skilled,1095,28470,8,48,2,1 day/week,Yes,2026
Andhra Pradesh,Cook,Highly Skilled,1105,28730,8,48,2,1 day/week,Yes,2026
Gujarat,Cook,Highly Skilled,1115,28990,8,48,2,1 day/week,Yes,2026
Rajasthan,Cook,Highly Skilled,1125,29250,8,48,2,1 day/week,Yes,2026
Delhi,Cook,Highly Skilled,1135,29510,8,48,2,1 day/week,Yes,2026
West Bengal,Cook,Highly Skilled,1145,29770,8,48,2,1 day/week,Yes,2026
Tamil Nadu,Construction Labourer,Highly Skilled,1070,27820,8,48,2,1 day/week,Yes,2026
Karnataka,Construction Labourer,Highly Skilled,1080,28080,8,48,2,1 day/week,Yes,2026
Kerala,Construction Labourer,Highly Skilled,1090,28340,8,48,2,1 day/week,Yes,2026
Telangana,Construction Labourer,Highly Skilled,1100,28600,8,48,2,1 day/week,Yes,2026
Maharashtra,Construction Labourer,Highly Skilled,1110,28860,8,48,2,1 day/week,Yes,2026
Andhra Pradesh,Construction Labourer,Highly Skilled,1120,29120,8,48,2,1 day/week,Yes,2026
Gujarat,Construction Labourer,Highly Skilled,1130,29380,8,48,2,1 day/week,Yes,2026
Rajasthan,Construction Labourer,Highly Skilled,1140,29640,8,48,2,1 day/week,Yes,2026
Delhi,Construction Labourer,Highly Skilled,1150,29900,8,48,2,1 day/week,Yes,2026
West Bengal,Construction Labourer,Highly Skilled,1160,30160,8,48,2,1 day/week,Yes,2026
Tamil Nadu,Helper,Highly Skilled,980,25480,8,48,2,1 day/week,Yes,2026
Karnataka,Helper,Highly Skilled,990,25740,8,48,2,1 day/week,Yes,2026
Kerala,Helper,Highly Skilled,1000,26000,8,48,2,1 day/week,Yes,2026
Telangana,Helper,Highly Skilled,1010,26260,8,48,2,1 day/week,Yes,2026
Maharashtra,Helper,Highly Skilled,1020,26520,8,48,2,1 day/week,Yes,2026
Andhra Pradesh,Helper,Highly Skilled,1030,26780,8,48,2,1 day/week,Yes,2026
Gujarat,Helper,Highly Skilled,1040,27040,8,48,2,1 day/week,Yes,2026
Rajasthan,Helper,Highly Skilled,1050,27300,8,48,2,1 day/week,Yes,2026
Delhi,Helper,Highly Skilled,1060,27560,8,48,2,1 day/week,Yes,2026
West Bengal,Helper,Highly Skilled,1070,27820,8,48,2,1 day/week,Yes,2026
Tamil Nadu,Mason,Highly Skilled,995,25870,8,48,2,1 day/week,Yes,2026
Karnataka,Mason,Highly Skilled,1005,26130,8,48,2,1 day/week,Yes,2026
Kerala,Mason,Highly Skilled,1015,26390,8,48,2,1 day/week,Yes,2026
Telangana,Mason,Highly Skilled,1025,26650,8,48,2,1 day/week,Yes,2026
Maharashtra,Mason,Highly Skilled,1035,26910,8,48,2,1 day/week,Yes,2026
Andhra Pradesh,Mason,Highly Skilled,1045,27170,8,48,2,1 day/week,Yes,2026
Gujarat,Mason,Highly Skilled,1055,27430,8,48,2,1 day/week,Yes,2026
Rajasthan,Mason,Highly Skilled,1065,27690,8,48,2,1 day/week,Yes,2026
Delhi,Mason,Highly Skilled,1075,27950,8,48,2,1 day/week,Yes,2026
West Bengal,Mason,Highly Skilled,1085,28210,8,48,2,1 day/week,Yes,2026
Tamil Nadu,Painter,Highly Skilled,1010,26260,8,48,2,1 day/week,Yes,2026
Karnataka,Painter,Highly Skilled,1020,26520,8,48,2,1 day/week,Yes,2026
Kerala,Painter,Highly Skilled,1030,26780,8,48,2,1 day/week,Yes,2026
Telangana,Painter,Highly Skilled,1040,27040,8,48,2,1 day/week,Yes,2026
Maharashtra,Painter,Highly Skilled,1050,27300,8,48,2,1 day/week,Yes,2026
Andhra Pradesh,Painter,Highly Skilled,1060,27560,8,48,2,1 day/week,Yes,2026
Gujarat,Painter,Highly Skilled,1070,27820,8,48,2,1 day/week,Yes,2026
Rajasthan,Painter,Highly Skilled,1080,28080,8,48,2,1 day/week,Yes,2026
Delhi,Painter,Highly Skilled,1090,28340,8,48,2,1 day/week,Yes,2026
West Bengal,Painter,Highly Skilled,1100,28600,8,48,2,1 day/week,Yes,2026
Tamil Nadu,Machine Operator,Highly Skilled,1025,26650,8,48,2,1 day/week,Yes,2026
Karnataka,Machine Operator,Highly Skilled,1035,26910,8,48,2,1 day/week,Yes,2026
Kerala,Machine Operator,Highly Skilled,1045,27170,8,48,2,1 day/week,Yes,2026
Telangana,Machine Operator,Highly Skilled,1055,27430,8,48,2,1 day/week,Yes,2026
Maharashtra,Machine Operator,Highly Skilled,1065,27690,8,48,2,1 day/week,Yes,2026
Andhra Pradesh,Machine Operator,Highly Skilled,1075,27950,8,48,2,1 day/week,Yes,2026
Gujarat,Machine Operator,Highly Skilled,1085,28210,8,48,2,1 day/week,Yes,2026
Rajasthan,Machine Operator,Highly Skilled,1095,28470,8,48,2,1 day/week,Yes,2026
Delhi,Machine Operator,Highly Skilled,1105,28730,8,48,2,1 day/week,Yes,2026
West Bengal,Machine Operator,Highly Skilled,1115,28990,8,48,2,1 day/week,Yes,2026
Tamil Nadu,Delivery Executive,Highly Skilled,1040,27040,8,48,2,1 day/week,Yes,2026
Karnataka,Delivery Executive,Highly Skilled,1050,27300,8,48,2,1 day/week,Yes,2026
Kerala,Delivery Executive,Highly Skilled,1060,27560,8,48,2,1 day/week,Yes,2026
Telangana,Delivery Executive,Highly Skilled,1070,27820,8,48,2,1 day/week,Yes,2026
Maharashtra,Delivery Executive,Highly Skilled,1080,28080,8,48,2,1 day/week,Yes,2026
Andhra Pradesh,Delivery Executive,Highly Skilled,1090,28340,8,48,2,1 day/week,Yes,2026
Gujarat,Delivery Executive,Highly Skilled,1100,28600,8,48,2,1 day/week,Yes,2026
Rajasthan,Delivery Executive,Highly Skilled,1110,28860,8,48,2,1 day/week,Yes,2026
Delhi,Delivery Executive,Highly Skilled,1120,29120,8,48,2,1 day/week,Yes,2026
West Bengal,Delivery Executive,Highly Skilled,1130,29380,8,48,2,1 day/week,Yes,2026
Tamil Nadu,Hospital Attendant,Highly Skilled,1055,27430,8,48,2,1 day/week,Yes,2026
Karnataka,Hospital Attendant,Highly Skilled,1065,27690,8,48,2,1 day/week,Yes,2026
Kerala,Hospital Attendant,Highly Skilled,1075,27950,8,48,2,1 day/week,Yes,2026
Telangana,Hospital Attendant,Highly Skilled,1085,28210,8,48,2,1 day/week,Yes,2026
Maharashtra,Hospital Attendant,Highly Skilled,1095,28470,8,48,2,1 day/week,Yes,2026
Andhra Pradesh,Hospital Attendant,Highly Skilled,1105,28730,8,48,2,1 day/week,Yes,2026
Gujarat,Hospital Attendant,Highly Skilled,1115,28990,8,48,2,1 day/week,Yes,2026
Rajasthan,Hospital Attendant,Highly Skilled,1125,29250,8,48,2,1 day/week,Yes,2026
Delhi,Hospital Attendant,Highly Skilled,1135,29510,8,48,2,1 day/week,Yes,2026
West Bengal,Hospital Attendant,Highly Skilled,1145,29770,8,48,2,1 day/week,Yes,2026
Tamil Nadu,Warehouse Worker,Highly Skilled,1070,27820,8,48,2,1 day/week,Yes,2026
Karnataka,Warehouse Worker,Highly Skilled,1080,28080,8,48,2,1 day/week,Yes,2026
Kerala,Warehouse Worker,Highly Skilled,1090,28340,8,48,2,1 day/week,Yes,2026
Telangana,Warehouse Worker,Highly Skilled,1100,28600,8,48,2,1 day/week,Yes,2026
Maharashtra,Warehouse Worker,Highly Skilled,1110,28860,8,48,2,1 day/week,Yes,2026
Andhra Pradesh,Warehouse Worker,Highly Skilled,1120,29120,8,48,2,1 day/week,Yes,2026
Gujarat,Warehouse Worker,Highly Skilled,1130,29380,8,48,2,1 day/week,Yes,2026
Rajasthan,Warehouse Worker,Highly Skilled,1140,29640,8,48,2,1 day/week,Yes,2026
Delhi,Warehouse Worker,Highly Skilled,1150,29900,8,48,2,1 day/week,Yes,2026
West Bengal,Warehouse Worker,Highly Skilled,1160,30160,8,48,2,1 day/week,Yes,2026
Tamil Nadu,Packer,Highly Skilled,980,25480,8,48,2,1 day/week,Yes,2026
Karnataka,Packer,Highly Skilled,990,25740,8,48,2,1 day/week,Yes,2026
Kerala,Packer,Highly Skilled,1000,26000,8,48,2,1 day/week,Yes,2026
Telangana,Packer,Highly Skilled,1010,26260,8,48,2,1 day/week,Yes,2026
Maharashtra,Packer,Highly Skilled,1020,26520,8,48,2,1 day/week,Yes,2026
Andhra Pradesh,Packer,Highly Skilled,1030,26780,8,48,2,1 day/week,Yes,2026
Gujarat,Packer,Highly Skilled,1040,27040,8,48,2,1 day/week,Yes,2026
Rajasthan,Packer,Highly Skilled,1050,27300,8,48,2,1 day/week,Yes,2026
Delhi,Packer,Highly Skilled,1060,27560,8,48,2,1 day/week,Yes,2026
West Bengal,Packer,Highly Skilled,1070,27820,8,48,2,1 day/week,Yes,2026
Tamil Nadu,Gardener,Highly Skilled,995,25870,8,48,2,1 day/week,Yes,2026
Karnataka,Gardener,Highly Skilled,1005,26130,8,48,2,1 day/week,Yes,2026
Kerala,Gardener,Highly Skilled,1015,26390,8,48,2,1 day/week,Yes,2026
Telangana,Gardener,Highly Skilled,1025,26650,8,48,2,1 day/week,Yes,2026
Maharashtra,Gardener,Highly Skilled,1035,26910,8,48,2,1 day/week,Yes,2026
Andhra Pradesh,Gardener,Highly Skilled,1045,27170,8,48,2,1 day/week,Yes,2026
Gujarat,Gardener,Highly Skilled,1055,27430,8,48,2,1 day/week,Yes,2026
Rajasthan,Gardener,Highly Skilled,1065,27690,8,48,2,1 day/week,Yes,2026
Delhi,Gardener,Highly Skilled,1075,27950,8,48,2,1 day/week,Yes,2026
West Bengal,Gardener,Highly Skilled,1085,28210,8,48,2,1 day/week,Yes,2026
Tamil Nadu,Watchman,Highly Skilled,1010,26260,8,48,2,1 day/week,Yes,2026
Karnataka,Watchman,Highly Skilled,1020,26520,8,48,2,1 day/week,Yes,2026
Kerala,Watchman,Highly Skilled,1030,26780,8,48,2,1 day/week,Yes,2026
Telangana,Watchman,Highly Skilled,1040,27040,8,48,2,1 day/week,Yes,2026
Maharashtra,Watchman,Highly Skilled,1050,27300,8,48,2,1 day/week,Yes,2026
Andhra Pradesh,Watchman,Highly Skilled,1060,27560,8,48,2,1 day/week,Yes,2026
Gujarat,Watchman,Highly Skilled,1070,27820,8,48,2,1 day/week,Yes,2026
Rajasthan,Watchman,Highly Skilled,1080,28080,8,48,2,1 day/week,Yes,2026
Delhi,Watchman,Highly Skilled,1090,28340,8,48,2,1 day/week,Yes,2026
West Bengal,Watchman,Highly Skilled,1100,28600,8,48,2,1 day/week,Yes,2026
Tamil Nadu,Mechanic,Highly Skilled,1025,26650,8,48,2,1 day/week,Yes,2026
Karnataka,Mechanic,Highly Skilled,1035,26910,8,48,2,1 day/week,Yes,2026
Kerala,Mechanic,Highly Skilled,1045,27170,8,48,2,1 day/week,Yes,2026
Telangana,Mechanic,Highly Skilled,1055,27430,8,48,2,1 day/week,Yes,2026
Maharashtra,Mechanic,Highly Skilled,1065,27690,8,48,2,1 day/week,Yes,2026
Andhra Pradesh,Mechanic,Highly Skilled,1075,27950,8,48,2,1 day/week,Yes,2026
Gujarat,Mechanic,Highly Skilled,1085,28210,8,48,2,1 day/week,Yes,2026
Rajasthan,Mechanic,Highly Skilled,1095,28470,8,48,2,1 day/week,Yes,2026
Delhi,Mechanic,Highly Skilled,1105,28730,8,48,2,1 day/week,Yes,2026
West Bengal,Mechanic,Highly Skilled,1115,28990,8,48,2,1 day/week,Yes,2026
Tamil Nadu,Cashier,Highly Skilled,1040,27040,8,48,2,1 day/week,Yes,2026
Karnataka,Cashier,Highly Skilled,1050,27300,8,48,2,1 day/week,Yes,2026
Kerala,Cashier,Highly Skilled,1060,27560,8,48,2,1 day/week,Yes,2026
Telangana,Cashier,Highly Skilled,1070,27820,8,48,2,1 day/week,Yes,2026
Maharashtra,Cashier,Highly Skilled,1080,28080,8,48,2,1 day/week,Yes,2026
Andhra Pradesh,Cashier,Highly Skilled,1090,28340,8,48,2,1 day/week,Yes,2026
Gujarat,Cashier,Highly Skilled,1100,28600,8,48,2,1 day/week,Yes,2026
Rajasthan,Cashier,Highly Skilled,1110,28860,8,48,2,1 day/week,Yes,2026
Delhi,Cashier,Highly Skilled,1120,29120,8,48,2,1 day/week,Yes,2026
West Bengal,Cashier,Highly Skilled,1130,29380,8,48,2,1 day/week,Yes,2026
Tamil Nadu,Retail Associate,Highly Skilled,1055,27430,8,48,2,1 day/week,Yes,2026
Karnataka,Retail Associate,Highly Skilled,1065,27690,8,48,2,1 day/week,Yes,2026
Kerala,Retail Associate,Highly Skilled,1075,27950,8,48,2,1 day/week,Yes,2026
Telangana,Retail Associate,Highly Skilled,1085,28210,8,48,2,1 day/week,Yes,2026
Maharashtra,Retail Associate,Highly Skilled,1095,28470,8,48,2,1 day/week,Yes,2026
Andhra Pradesh,Retail Associate,Highly Skilled,1105,28730,8,48,2,1 day/week,Yes,2026
Gujarat,Retail Associate,Highly Skilled,1115,28990,8,48,2,1 day/week,Yes,2026
Rajasthan,Retail Associate,Highly Skilled,1125,29250,8,48,2,1 day/week,Yes,2026
Delhi,Retail Associate,Highly Skilled,1135,29510,8,48,2,1 day/week,Yes,2026
West Bengal,Retail Associate,Highly Skilled,1145,29770,8,48,2,1 day/week,Yes,2026
Tamil Nadu,Tailor,Highly Skilled,1070,27820,8,48,2,1 day/week,Yes,2026
Karnataka,Tailor,Highly Skilled,1080,28080,8,48,2,1 day/week,Yes,2026
Kerala,Tailor,Highly Skilled,1090,28340,8,48,2,1 day/week,Yes,2026
Telangana,Tailor,Highly Skilled,1100,28600,8,48,2,1 day/week,Yes,2026
Maharashtra,Tailor,Highly Skilled,1110,28860,8,48,2,1 day/week,Yes,2026
Andhra Pradesh,Tailor,Highly Skilled,1120,29120,8,48,2,1 day/week,Yes,2026
Gujarat,Tailor,Highly Skilled,1130,29380,8,48,2,1 day/week,Yes,2026
Rajasthan,Tailor,Highly Skilled,1140,29640,8,48,2,1 day/week,Yes,2026
Delhi,Tailor,Highly Skilled,1150,29900,8,48,2,1 day/week,Yes,2026
West Bengal,Tailor,Highly Skilled,1160,30160,8,48,2,1 day/week,Yes,2026
Tamil Nadu,Loader,Highly Skilled,980,25480,8,48,2,1 day/week,Yes,2026
Karnataka,Loader,Highly Skilled,990,25740,8,48,2,1 day/week,Yes,2026
Kerala,Loader,Highly Skilled,1000,26000,8,48,2,1 day/week,Yes,2026
Telangana,Loader,Highly Skilled,1010,26260,8,48,2,1 day/week,Yes,2026
Maharashtra,Loader,Highly Skilled,1020,26520,8,48,2,1 day/week,Yes,2026
Andhra Pradesh,Loader,Highly Skilled,1030,26780,8,48,2,1 day/week,Yes,2026
Gujarat,Loader,Highly Skilled,1040,27040,8,48,2,1 day/week,Yes,2026
Rajasthan,Loader,Highly Skilled,1050,27300,8,48,2,1 day/week,Yes,2026
Delhi,Loader,Highly Skilled,1060,27560,8,48,2,1 day/week,Yes,2026
West Bengal,Loader,Highly Skilled,1070,27820,8,48,2,1 day/week,Yes,2026
Tamil Nadu,Technician,Highly Skilled,995,25870,8,48,2,1 day/week,Yes,2026
Karnataka,Technician,Highly Skilled,1005,26130,8,48,2,1 day/week,Yes,2026
Kerala,Technician,Highly Skilled,1015,26390,8,48,2,1 day/week,Yes,2026
Telangana,Technician,Highly Skilled,1025,26650,8,48,2,1 day/week,Yes,2026
Maharashtra,Technician,Highly Skilled,1035,26910,8,48,2,1 day/week,Yes,2026
Andhra Pradesh,Technician,Highly Skilled,1045,27170,8,48,2,1 day/week,Yes,2026
Gujarat,Technician,Highly Skilled,1055,27430,8,48,2,1 day/week,Yes,2026
Rajasthan,Technician,Highly Skilled,1065,27690,8,48,2,1 day/week,Yes,2026
Delhi,Technician,Highly Skilled,1075,27950,8,48,2,1 day/week,Yes,2026
West Bengal,Technician,Highly Skilled,1085,28210,8,48,2,1 day/week,Yes,2026
Tamil Nadu,Fitter,Highly Skilled,1010,26260,8,48,2,1 day/week,Yes,2026
Karnataka,Fitter,Highly Skilled,1020,26520,8,48,2,1 day/week,Yes,2026
Kerala,Fitter,Highly Skilled,1030,26780,8,48,2,1 day/week,Yes,2026
Telangana,Fitter,Highly Skilled,1040,27040,8,48,2,1 day/week,Yes,2026
Maharashtra,Fitter,Highly Skilled,1050,27300,8,48,2,1 day/week,Yes,2026
Andhra Pradesh,Fitter,Highly Skilled,1060,27560,8,48,2,1 day/week,Yes,2026
Gujarat,Fitter,Highly Skilled,1070,27820,8,48,2,1 day/week,Yes,2026
Rajasthan,Fitter,Highly Skilled,1080,28080,8,48,2,1 day/week,Yes,2026
Delhi,Fitter,Highly Skilled,1090,28340,8,48,2,1 day/week,Yes,2026
West Bengal,Fitter,Highly Skilled,1100,28600,8,48,2,1 day/week,Yes,2026
Tamil Nadu,Assembler,Highly Skilled,1025,26650,8,48,2,1 day/week,Yes,2026
Karnataka,Assembler,Highly Skilled,1035,26910,8,48,2,1 day/week,Yes,2026
Kerala,Assembler,Highly Skilled,1045,27170,8,48,2,1 day/week,Yes,2026
Telangana,Assembler,Highly Skilled,1055,27430,8,48,2,1 day/week,Yes,2026
Maharashtra,Assembler,Highly Skilled,1065,27690,8,48,2,1 day/week,Yes,2026
Andhra Pradesh,Assembler,Highly Skilled,1075,27950,8,48,2,1 day/week,Yes,2026
Gujarat,Assembler,Highly Skilled,1085,28210,8,48,2,1 day/week,Yes,2026
Rajasthan,Assembler,Highly Skilled,1095,28470,8,48,2,1 day/week,Yes,2026
Delhi,Assembler,Highly Skilled,1105,28730,8,48,2,1 day/week,Yes,2026
West Bengal,Assembler,Highly Skilled,1115,28990,8,48,2,1 day/week,Yes,2026
Tamil Nadu,Quality Inspector,Highly Skilled,1040,27040,8,48,2,1 day/week,Yes,2026
Karnataka,Quality Inspector,Highly Skilled,1050,27300,8,48,2,1 day/week,Yes,2026
Kerala,Quality Inspector,Highly Skilled,1060,27560,8,48,2,1 day/week,Yes,2026
Telangana,Quality Inspector,Highly Skilled,1070,27820,8,48,2,1 day/week,Yes,2026
Maharashtra,Quality Inspector,Highly Skilled,1080,28080,8,48,2,1 day/week,Yes,2026
Andhra Pradesh,Quality Inspector,Highly Skilled,1090,28340,8,48,2,1 day/week,Yes,2026
Gujarat,Quality Inspector,Highly Skilled,1100,28600,8,48,2,1 day/week,Yes,2026
Rajasthan,Quality Inspector,Highly Skilled,1110,28860,8,48,2,1 day/week,Yes,2026
Delhi,Quality Inspector,Highly Skilled,1120,29120,8,48,2,1 day/week,Yes,2026
West Bengal,Quality Inspector,Highly Skilled,1130,29380,8,48,2,1 day/week,Yes,2026
Tamil Nadu,Forklift Operator,Highly Skilled,1055,27430,8,48,2,1 day/week,Yes,2026
Karnataka,Forklift Operator,Highly Skilled,1065,27690,8,48,2,1 day/week,Yes,2026
Kerala,Forklift Operator,Highly Skilled,1075,27950,8,48,2,1 day/week,Yes,2026
Telangana,Forklift Operator,Highly Skilled,1085,28210,8,48,2,1 day/week,Yes,2026
Maharashtra,Forklift Operator,Highly Skilled,1095,28470,8,48,2,1 day/week,Yes,2026
Andhra Pradesh,Forklift Operator,Highly Skilled,1105,28730,8,48,2,1 day/week,Yes,2026
Gujarat,Forklift Operator,Highly Skilled,1115,28990,8,48,2,1 day/week,Yes,2026
Rajasthan,Forklift Operator,Highly Skilled,1125,29250,8,48,2,1 day/week,Yes,2026
Delhi,Forklift Operator,Highly Skilled,1135,29510,8,48,2,1 day/week,Yes,2026
West Bengal,Forklift Operator,Highly Skilled,1145,29770,8,48,2,1 day/week,Yes,2026
Tamil Nadu,Supervisor,Highly Skilled,1070,27820,8,48,2,1 day/week,Yes,2026
Karnataka,Supervisor,Highly Skilled,1080,28080,8,48,2,1 day/week,Yes,2026
Kerala,Supervisor,Highly Skilled,1090,28340,8,48,2,1 day/week,Yes,2026
Telangana,Supervisor,Highly Skilled,1100,28600,8,48,2,1 day/week,Yes,2026
Maharashtra,Supervisor,Highly Skilled,1110,28860,8,48,2,1 day/week,Yes,2026
Andhra Pradesh,Supervisor,Highly Skilled,1120,29120,8,48,2,1 day/week,Yes,2026
Gujarat,Supervisor,Highly Skilled,1130,29380,8,48,2,1 day/week,Yes,2026
Rajasthan,Supervisor,Highly Skilled,1140,29640,8,48,2,1 day/week,Yes,2026
Delhi,Supervisor,Highly Skilled,1150,29900,8,48,2,1 day/week,Yes,2026
West Bengal,Supervisor,Highly Skilled,1160,30160,8,48,2,1 day/week,Yes,2026
Tamil Nadu,Office Boy,Highly Skilled,980,25480,8,48,2,1 day/week,Yes,2026
Karnataka,Office Boy,Highly Skilled,990,25740,8,48,2,1 day/week,Yes,2026
Kerala,Office Boy,Highly Skilled,1000,26000,8,48,2,1 day/week,Yes,2026
Telangana,Office Boy,Highly Skilled,1010,26260,8,48,2,1 day/week,Yes,2026
Maharashtra,Office Boy,Highly Skilled,1020,26520,8,48,2,1 day/week,Yes,2026
Andhra Pradesh,Office Boy,Highly Skilled,1030,26780,8,48,2,1 day/week,Yes,2026
Gujarat,Office Boy,Highly Skilled,1040,27040,8,48,2,1 day/week,Yes,2026
Rajasthan,Office Boy,Highly Skilled,1050,27300,8,48,2,1 day/week,Yes,2026
Delhi,Office Boy,Highly Skilled,1060,27560,8,48,2,1 day/week,Yes,2026
West Bengal,Office Boy,Highly Skilled,1070,27820,8,48,2,1 day/week,Yes,2026
Tamil Nadu,Janitor,Highly Skilled,995,25870,8,48,2,1 day/week,Yes,2026
Karnataka,Janitor,Highly Skilled,1005,26130,8,48,2,1 day/week,Yes,2026
Kerala,Janitor,Highly Skilled,1015,26390,8,48,2,1 day/week,Yes,2026
Telangana,Janitor,Highly Skilled,1025,26650,8,48,2,1 day/week,Yes,2026
Maharashtra,Janitor,Highly Skilled,1035,26910,8,48,2,1 day/week,Yes,2026
Andhra Pradesh,Janitor,Highly Skilled,1045,27170,8,48,2,1 day/week,Yes,2026
Gujarat,Janitor,Highly Skilled,1055,27430,8,48,2,1 day/week,Yes,2026
Rajasthan,Janitor,Highly Skilled,1065,27690,8,48,2,1 day/week,Yes,2026
Delhi,Janitor,Highly Skilled,1075,27950,8,48,2,1 day/week,Yes,2026
West Bengal,Janitor,Highly Skilled,1085,28210,8,48,2,1 day/week,Yes,2026
Tamil Nadu,Lab Assistant,Highly Skilled,1010,26260,8,48,2,1 day/week,Yes,2026
Karnataka,Lab Assistant,Highly Skilled,1020,26520,8,48,2,1 day/week,Yes,2026
Kerala,Lab Assistant,Highly Skilled,1030,26780,8,48,2,1 day/week,Yes,2026
Telangana,Lab Assistant,Highly Skilled,1040,27040,8,48,2,1 day/week,Yes,2026
Maharashtra,Lab Assistant,Highly Skilled,1050,27300,8,48,2,1 day/week,Yes,2026
Andhra Pradesh,Lab Assistant,Highly Skilled,1060,27560,8,48,2,1 day/week,Yes,2026
Gujarat,Lab Assistant,Highly Skilled,1070,27820,8,48,2,1 day/week,Yes,2026
Rajasthan,Lab Assistant,Highly Skilled,1080,28080,8,48,2,1 day/week,Yes,2026
Delhi,Lab Assistant,Highly Skilled,1090,28340,8,48,2,1 day/week,Yes,2026
West Bengal,Lab Assistant,Highly Skilled,1100,28600,8,48,2,1 day/week,Yes,2026
Tamil Nadu,Nurse Assistant,Highly Skilled,1025,26650,8,48,2,1 day/week,Yes,2026
Karnataka,Nurse Assistant,Highly Skilled,1035,26910,8,48,2,1 day/week,Yes,2026
Kerala,Nurse Assistant,Highly Skilled,1045,27170,8,48,2,1 day/week,Yes,2026
Telangana,Nurse Assistant,Highly Skilled,1055,27430,8,48,2,1 day/week,Yes,2026
Maharashtra,Nurse Assistant,Highly Skilled,1065,27690,8,48,2,1 day/week,Yes,2026
Andhra Pradesh,Nurse Assistant,Highly Skilled,1075,27950,8,48,2,1 day/week,Yes,2026
Gujarat,Nurse Assistant,Highly Skilled,1085,28210,8,48,2,1 day/week,Yes,2026
Rajasthan,Nurse Assistant,Highly Skilled,1095,28470,8,48,2,1 day/week,Yes,2026
Delhi,Nurse Assistant,Highly Skilled,1105,28730,8,48,2,1 day/week,Yes,2026
West Bengal,Nurse Assistant,Highly Skilled,1115,28990,8,48,2,1 day/week,Yes,2026
Tamil Nadu,Caregiver,Highly Skilled,1040,27040,8,48,2,1 day/week,Yes,2026
Karnataka,Caregiver,Highly Skilled,1050,27300,8,48,2,1 day/week,Yes,2026
Kerala,Caregiver,Highly Skilled,1060,27560,8,48,2,1 day/week,Yes,2026
Telangana,Caregiver,Highly Skilled,1070,27820,8,48,2,1 day/week,Yes,2026
Maharashtra,Caregiver,Highly Skilled,1080,28080,8,48,2,1 day/week,Yes,2026
Andhra Pradesh,Caregiver,Highly Skilled,1090,28340,8,48,2,1 day/week,Yes,2026
Gujarat,Caregiver,Highly Skilled,1100,28600,8,48,2,1 day/week,Yes,2026
Rajasthan,Caregiver,Highly Skilled,1110,28860,8,48,2,1 day/week,Yes,2026
Delhi,Caregiver,Highly Skilled,1120,29120,8,48,2,1 day/week,Yes,2026
West Bengal,Caregiver,Highly Skilled,1130,29380,8,48,2,1 day/week,Yes,2026
Tamil Nadu,Farm Worker,Highly Skilled,1055,27430,8,48,2,1 day/week,Yes,2026
Karnataka,Farm Worker,Highly Skilled,1065,27690,8,48,2,1 day/week,Yes,2026
Kerala,Farm Worker,Highly Skilled,1075,27950,8,48,2,1 day/week,Yes,2026
Telangana,Farm Worker,Highly Skilled,1085,28210,8,48,2,1 day/week,Yes,2026
Maharashtra,Farm Worker,Highly Skilled,1095,28470,8,48,2,1 day/week,Yes,2026
Andhra Pradesh,Farm Worker,Highly Skilled,1105,28730,8,48,2,1 day/week,Yes,2026
Gujarat,Farm Worker,Highly Skilled,1115,28990,8,48,2,1 day/week,Yes,2026
Rajasthan,Farm Worker,Highly Skilled,1125,29250,8,48,2,1 day/week,Yes,2026
Delhi,Farm Worker,Highly Skilled,1135,29510,8,48,2,1 day/week,Yes,2026
West Bengal,Farm Worker,Highly Skilled,1145,29770,8,48,2,1 day/week,Yes,2026
Tamil Nadu,Textile Worker,Highly Skilled,1070,27820,8,48,2,1 day/week,Yes,2026
Karnataka,Textile Worker,Highly Skilled,1080,28080,8,48,2,1 day/week,Yes,2026
Kerala,Textile Worker,Highly Skilled,1090,28340,8,48,2,1 day/week,Yes,2026
Telangana,Textile Worker,Highly Skilled,1100,28600,8,48,2,1 day/week,Yes,2026
Maharashtra,Textile Worker,Highly Skilled,1110,28860,8,48,2,1 day/week,Yes,2026
Andhra Pradesh,Textile Worker,Highly Skilled,1120,29120,8,48,2,1 day/week,Yes,2026
Gujarat,Textile Worker,Highly Skilled,1130,29380,8,48,2,1 day/week,Yes,2026
Rajasthan,Textile Worker,Highly Skilled,1140,29640,8,48,2,1 day/week,Yes,2026
Delhi,Textile Worker,Highly Skilled,1150,29900,8,48,2,1 day/week,Yes,2026
West Bengal,Textile Worker,Highly Skilled,1160,30160,8,48,2,1 day/week,Yes,2026
Tamil Nadu,Food Processing Worker,Highly Skilled,980,25480,8,48,2,1 day/week,Yes,2026
Karnataka,Food Processing Worker,Highly Skilled,990,25740,8,48,2,1 day/week,Yes,2026
Kerala,Food Processing Worker,Highly Skilled,1000,26000,8,48,2,1 day/week,Yes,2026
Telangana,Food Processing Worker,Highly Skilled,1010,26260,8,48,2,1 day/week,Yes,2026
Maharashtra,Food Processing Worker,Highly Skilled,1020,26520,8,48,2,1 day/week,Yes,2026
Andhra Pradesh,Food Processing Worker,Highly Skilled,1030,26780,8,48,2,1 day/week,Yes,2026
Gujarat,Food Processing Worker,Highly Skilled,1040,27040,8,48,2,1 day/week,Yes,2026
Rajasthan,Food Processing Worker,Highly Skilled,1050,27300,8,48,2,1 day/week,Yes,2026
Delhi,Food Processing Worker,Highly Skilled,1060,27560,8,48,2,1 day/week,Yes,2026
West Bengal,Food Processing Worker,Highly Skilled,1070,27820,8,48,2,1 day/week,Yes,2026
Tamil Nadu,Hotel Staff,Highly Skilled,995,25870,8,48,2,1 day/week,Yes,2026
Karnataka,Hotel Staff,Highly Skilled,1005,26130,8,48,2,1 day/week,Yes,2026
Kerala,Hotel Staff,Highly Skilled,1015,26390,8,48,2,1 day/week,Yes,2026
Telangana,Hotel Staff,Highly Skilled,1025,26650,8,48,2,1 day/week,Yes,2026
Maharashtra,Hotel Staff,Highly Skilled,1035,26910,8,48,2,1 day/week,Yes,2026
Andhra Pradesh,Hotel Staff,Highly Skilled,1045,27170,8,48,2,1 day/week,Yes,2026
Gujarat,Hotel Staff,Highly Skilled,1055,27430,8,48,2,1 day/week,Yes,2026
Rajasthan,Hotel Staff,Highly Skilled,1065,27690,8,48,2,1 day/week,Yes,2026
Delhi,Hotel Staff,Highly Skilled,1075,27950,8,48,2,1 day/week,Yes,2026
West Bengal,Hotel Staff,Highly Skilled,1085,28210,8,48,2,1 day/week,Yes,2026
Tamil Nadu,Kitchen Helper,Highly Skilled,1010,26260,8,48,2,1 day/week,Yes,2026
Karnataka,Kitchen Helper,Highly Skilled,1020,26520,8,48,2,1 day/week,Yes,2026
Kerala,Kitchen Helper,Highly Skilled,1030,26780,8,48,2,1 day/week,Yes,2026
Telangana,Kitchen Helper,Highly Skilled,1040,27040,8,48,2,1 day/week,Yes,2026
Maharashtra,Kitchen Helper,Highly Skilled,1050,27300,8,48,2,1 day/week,Yes,2026
Andhra Pradesh,Kitchen Helper,Highly Skilled,1060,27560,8,48,2,1 day/week,Yes,2026
Gujarat,Kitchen Helper,Highly Skilled,1070,27820,8,48,2,1 day/week,Yes,2026
Rajasthan,Kitchen Helper,Highly Skilled,1080,28080,8,48,2,1 day/week,Yes,2026
Delhi,Kitchen Helper,Highly Skilled,1090,28340,8,48,2,1 day/week,Yes,2026
West Bengal,Kitchen Helper,Highly Skilled,1100,28600,8,48,2,1 day/week,Yes,2026
Tamil Nadu,Security Supervisor,Highly Skilled,1025,26650,8,48,2,1 day/week,Yes,2026
Karnataka,Security Supervisor,Highly Skilled,1035,26910,8,48,2,1 day/week,Yes,2026
Kerala,Security Supervisor,Highly Skilled,1045,27170,8,48,2,1 day/week,Yes,2026
Telangana,Security Supervisor,Highly Skilled,1055,27430,8,48,2,1 day/week,Yes,2026
Maharashtra,Security Supervisor,Highly Skilled,1065,27690,8,48,2,1 day/week,Yes,2026
Andhra Pradesh,Security Supervisor,Highly Skilled,1075,27950,8,48,2,1 day/week,Yes,2026
Gujarat,Security Supervisor,Highly Skilled,1085,28210,8,48,2,1 day/week,Yes,2026
Rajasthan,Security Supervisor,Highly Skilled,1095,28470,8,48,2,1 day/week,Yes,2026
Delhi,Security Supervisor,Highly Skilled,1105,28730,8,48,2,1 day/week,Yes,2026
West Bengal,Security Supervisor,Highly Skilled,1115,28990,8,48,2,1 day/week,Yes,2026
Tamil Nadu,Field Executive,Highly Skilled,1040,27040,8,48,2,1 day/week,Yes,2026
Karnataka,Field Executive,Highly Skilled,1050,27300,8,48,2,1 day/week,Yes,2026
Kerala,Field Executive,Highly Skilled,1060,27560,8,48,2,1 day/week,Yes,2026
Telangana,Field Executive,Highly Skilled,1070,27820,8,48,2,1 day/week,Yes,2026
Maharashtra,Field Executive,Highly Skilled,1080,28080,8,48,2,1 day/week,Yes,2026
Andhra Pradesh,Field Executive,Highly Skilled,1090,28340,8,48,2,1 day/week,Yes,2026
Gujarat,Field Executive,Highly Skilled,1100,28600,8,48,2,1 day/week,Yes,2026
Rajasthan,Field Executive,Highly Skilled,1110,28860,8,48,2,1 day/week,Yes,2026
Delhi,Field Executive,Highly Skilled,1120,29120,8,48,2,1 day/week,Yes,2026
West Bengal,Field Executive,Highly Skilled,1130,29380,8,48,2,1 day/week,Yes,2026
Tamil Nadu,Sales Assistant,Highly Skilled,1055,27430,8,48,2,1 day/week,Yes,2026
Karnataka,Sales Assistant,Highly Skilled,1065,27690,8,48,2,1 day/week,Yes,2026
Kerala,Sales Assistant,Highly Skilled,1075,27950,8,48,2,1 day/week,Yes,2026
Telangana,Sales Assistant,Highly Skilled,1085,28210,8,48,2,1 day/week,Yes,2026
Maharashtra,Sales Assistant,Highly Skilled,1095,28470,8,48,2,1 day/week,Yes,2026
Andhra Pradesh,Sales Assistant,Highly Skilled,1105,28730,8,48,2,1 day/week,Yes,2026
Gujarat,Sales Assistant,Highly Skilled,1115,28990,8,48,2,1 day/week,Yes,2026
Rajasthan,Sales Assistant,Highly Skilled,1125,29250,8,48,2,1 day/week,Yes,2026
Delhi,Sales Assistant,Highly Skilled,1135,29510,8,48,2,1 day/week,Yes,2026
West Bengal,Sales Assistant,Highly Skilled,1145,29770,8,48,2,1 day/week,Yes,2026
Tamil Nadu,Packaging Operator,Highly Skilled,1070,27820,8,48,2,1 day/week,Yes,2026
Karnataka,Packaging Operator,Highly Skilled,1080,28080,8,48,2,1 day/week,Yes,2026
Kerala,Packaging Operator,Highly Skilled,1090,28340,8,48,2,1 day/week,Yes,2026
Telangana,Packaging Operator,Highly Skilled,1100,28600,8,48,2,1 day/week,Yes,2026
Maharashtra,Packaging Operator,Highly Skilled,1110,28860,8,48,2,1 day/week,Yes,2026
Andhra Pradesh,Packaging Operator,Highly Skilled,1120,29120,8,48,2,1 day/week,Yes,2026
Gujarat,Packaging Operator,Highly Skilled,1130,29380,8,48,2,1 day/week,Yes,2026
Rajasthan,Packaging Operator,Highly Skilled,1140,29640,8,48,2,1 day/week,Yes,2026
Delhi,Packaging Operator,Highly Skilled,1150,29900,8,48,2,1 day/week,Yes,2026
West Bengal,Packaging Operator,Highly Skilled,1160,30160,8,48,2,1 day/week,Yes,2026
Tamil Nadu,Store Keeper,Highly Skilled,980,25480,8,48,2,1 day/week,Yes,2026
Karnataka,Store Keeper,Highly Skilled,990,25740,8,48,2,1 day/week,Yes,2026
Kerala,Store Keeper,Highly Skilled,1000,26000,8,48,2,1 day/week,Yes,2026
Telangana,Store Keeper,Highly Skilled,1010,26260,8,48,2,1 day/week,Yes,2026
Maharashtra,Store Keeper,Highly Skilled,1020,26520,8,48,2,1 day/week,Yes,2026
Andhra Pradesh,Store Keeper,Highly Skilled,1030,26780,8,48,2,1 day/week,Yes,2026
Gujarat,Store Keeper,Highly Skilled,1040,27040,8,48,2,1 day/week,Yes,2026
Rajasthan,Store Keeper,Highly Skilled,1050,27300,8,48,2,1 day/week,Yes,2026
Delhi,Store Keeper,Highly Skilled,1060,27560,8,48,2,1 day/week,Yes,2026
West Bengal,Store Keeper,Highly Skilled,1070,27820,8,48,2,1 day/week,Yes,2026
Tamil Nadu,Security Guard,Unskilled,620,16120,8,48,2,1 day/week,Yes,2026
Karnataka,Security Guard,Unskilled,630,16380,8,48,2,1 day/week,Yes,2026
Kerala,Security Guard,Unskilled,640,16640,8,48,2,1 day/week,Yes,2026
Telangana,Security Guard,Unskilled,650,16900,8,48,2,1 day/week,Yes,2026
Maharashtra,Security Guard,Unskilled,660,17160,8,48,2,1 day/week,Yes,2026
Andhra Pradesh,Security Guard,Unskilled,670,17420,8,48,2,1 day/week,Yes,2026
Gujarat,Security Guard,Unskilled,680,17680,8,48,2,1 day/week,Yes,2026
Rajasthan,Security Guard,Unskilled,690,17940,8,48,2,1 day/week,Yes,2026
Delhi,Security Guard,Unskilled,700,18200,8,48,2,1 day/week,Yes,2026
West Bengal,Security Guard,Unskilled,710,18460,8,48,2,1 day/week,Yes,2026
Tamil Nadu,Housekeeping,Unskilled,635,16510,8,48,2,1 day/week,Yes,2026
Karnataka,Housekeeping,Unskilled,645,16770,8,48,2,1 day/week,Yes,2026
Kerala,Housekeeping,Unskilled,655,17030,8,48,2,1 day/week,Yes,2026
Telangana,Housekeeping,Unskilled,665,17290,8,48,2,1 day/week,Yes,2026
Maharashtra,Housekeeping,Unskilled,675,17550,8,48,2,1 day/week,Yes,2026
Andhra Pradesh,Housekeeping,Unskilled,685,17810,8,48,2,1 day/week,Yes,2026
Gujarat,Housekeeping,Unskilled,695,18070,8,48,2,1 day/week,Yes,2026
Rajasthan,Housekeeping,Unskilled,705,18330,8,48,2,1 day/week,Yes,2026
Delhi,Housekeeping,Unskilled,715,18590,8,48,2,1 day/week,Yes,2026
West Bengal,Housekeeping,Unskilled,725,18850,8,48,2,1 day/week,Yes,2026
Tamil Nadu,Cleaner,Unskilled,650,16900,8,48,2,1 day/week,Yes,2026
Karnataka,Cleaner,Unskilled,660,17160,8,48,2,1 day/week,Yes,2026
Kerala,Cleaner,Unskilled,670,17420,8,48,2,1 day/week,Yes,2026
Telangana,Cleaner,Unskilled,680,17680,8,48,2,1 day/week,Yes,2026
Maharashtra,Cleaner,Unskilled,690,17940,8,48,2,1 day/week,Yes,2026
Andhra Pradesh,Cleaner,Unskilled,700,18200,8,48,2,1 day/week,Yes,2026
Gujarat,Cleaner,Unskilled,710,18460,8,48,2,1 day/week,Yes,2026
Rajasthan,Cleaner,Unskilled,720,18720,8,48,2,1 day/week,Yes,2026
Delhi,Cleaner,Unskilled,730,18980,8,48,2,1 day/week,Yes,2026
West Bengal,Cleaner,Unskilled,740,19240,8,48,2,1 day/week,Yes,2026
Tamil Nadu,Factory Worker,Unskilled,665,17290,8,48,2,1 day/week,Yes,2026
Karnataka,Factory Worker,Unskilled,675,17550,8,48,2,1 day/week,Yes,2026
Kerala,Factory Worker,Unskilled,685,17810,8,48,2,1 day/week,Yes,2026
Telangana,Factory Worker,Unskilled,695,18070,8,48,2,1 day/week,Yes,2026
Maharashtra,Factory Worker,Unskilled,705,18330,8,48,2,1 day/week,Yes,2026
Andhra Pradesh,Factory Worker,Unskilled,715,18590,8,48,2,1 day/week,Yes,2026
Gujarat,Factory Worker,Unskilled,725,18850,8,48,2,1 day/week,Yes,2026
Rajasthan,Factory Worker,Unskilled,735,19110,8,48,2,1 day/week,Yes,2026
Delhi,Factory Worker,Unskilled,745,19370,8,48,2,1 day/week,Yes,2026
West Bengal,Factory Worker,Unskilled,755,19630,8,48,2,1 day/week,Yes,2026
Tamil Nadu,Electrician,Unskilled,680,17680,8,48,2,1 day/week,Yes,2026
Karnataka,Electrician,Unskilled,690,17940,8,48,2,1 day/week,Yes,2026
Kerala,Electrician,Unskilled,700,18200,8,48,2,1 day/week,Yes,2026
Telangana,Electrician,Unskilled,710,18460,8,48,2,1 day/week,Yes,2026
Maharashtra,Electrician,Unskilled,720,18720,8,48,2,1 day/week,Yes,2026
Andhra Pradesh,Electrician,Unskilled,730,18980,8,48,2,1 day/week,Yes,2026
Gujarat,Electrician,Unskilled,740,19240,8,48,2,1 day/week,Yes,2026
Rajasthan,Electrician,Unskilled,750,19500,8,48,2,1 day/week,Yes,2026
Delhi,Electrician,Unskilled,760,19760,8,48,2,1 day/week,Yes,2026
West Bengal,Electrician,Unskilled,770,20020,8,48,2,1 day/week,Yes,2026
Tamil Nadu,Plumber,Unskilled,695,18070,8,48,2,1 day/week,Yes,2026
Karnataka,Plumber,Unskilled,705,18330,8,48,2,1 day/week,Yes,2026
Kerala,Plumber,Unskilled,715,18590,8,48,2,1 day/week,Yes,2026
Telangana,Plumber,Unskilled,725,18850,8,48,2,1 day/week,Yes,2026
Maharashtra,Plumber,Unskilled,735,19110,8,48,2,1 day/week,Yes,2026
Andhra Pradesh,Plumber,Unskilled,745,19370,8,48,2,1 day/week,Yes,2026
Gujarat,Plumber,Unskilled,755,19630,8,48,2,1 day/week,Yes,2026
Rajasthan,Plumber,Unskilled,765,19890,8,48,2,1 day/week,Yes,2026
Delhi,Plumber,Unskilled,775,20150,8,48,2,1 day/week,Yes,2026
West Bengal,Plumber,Unskilled,785,20410,8,48,2,1 day/week,Yes,2026
Tamil Nadu,Carpenter,Unskilled,710,18460,8,48,2,1 day/week,Yes,2026
Karnataka,Carpenter,Unskilled,720,18720,8,48,2,1 day/week,Yes,2026
Kerala,Carpenter,Unskilled,730,18980,8,48,2,1 day/week,Yes,2026
Telangana,Carpenter,Unskilled,740,19240,8,48,2,1 day/week,Yes,2026
Maharashtra,Carpenter,Unskilled,750,19500,8,48,2,1 day/week,Yes,2026
Andhra Pradesh,Carpenter,Unskilled,760,19760,8,48,2,1 day/week,Yes,2026
Gujarat,Carpenter,Unskilled,770,20020,8,48,2,1 day/week,Yes,2026
Rajasthan,Carpenter,Unskilled,780,20280,8,48,2,1 day/week,Yes,2026
Delhi,Carpenter,Unskilled,790,20540,8,48,2,1 day/week,Yes,2026
West Bengal,Carpenter,Unskilled,800,20800,8,48,2,1 day/week,Yes,2026
Tamil Nadu,Welder,Unskilled,620,16120,8,48,2,1 day/week,Yes,2026
Karnataka,Welder,Unskilled,630,16380,8,48,2,1 day/week,Yes,2026
Kerala,Welder,Unskilled,640,16640,8,48,2,1 day/week,Yes,2026
Telangana,Welder,Unskilled,650,16900,8,48,2,1 day/week,Yes,2026
Maharashtra,Welder,Unskilled,660,17160,8,48,2,1 day/week,Yes,2026
Andhra Pradesh,Welder,Unskilled,670,17420,8,48,2,1 day/week,Yes,2026
Gujarat,Welder,Unskilled,680,17680,8,48,2,1 day/week,Yes,2026
Rajasthan,Welder,Unskilled,690,17940,8,48,2,1 day/week,Yes,2026
Delhi,Welder,Unskilled,700,18200,8,48,2,1 day/week,Yes,2026
West Bengal,Welder,Unskilled,710,18460,8,48,2,1 day/week,Yes,2026
Tamil Nadu,Driver,Unskilled,635,16510,8,48,2,1 day/week,Yes,2026
Karnataka,Driver,Unskilled,645,16770,8,48,2,1 day/week,Yes,2026
Kerala,Driver,Unskilled,655,17030,8,48,2,1 day/week,Yes,2026
Telangana,Driver,Unskilled,665,17290,8,48,2,1 day/week,Yes,2026
Maharashtra,Driver,Unskilled,675,17550,8,48,2,1 day/week,Yes,2026
Andhra Pradesh,Driver,Unskilled,685,17810,8,48,2,1 day/week,Yes,2026
Gujarat,Driver,Unskilled,695,18070,8,48,2,1 day/week,Yes,2026
Rajasthan,Driver,Unskilled,705,18330,8,48,2,1 day/week,Yes,2026
Delhi,Driver,Unskilled,715,18590,8,48,2,1 day/week,Yes,2026
West Bengal,Driver,Unskilled,725,18850,8,48,2,1 day/week,Yes,2026
Tamil Nadu,Office Assistant,Unskilled,650,16900,8,48,2,1 day/week,Yes,2026
Karnataka,Office Assistant,Unskilled,660,17160,8,48,2,1 day/week,Yes,2026
Kerala,Office Assistant,Unskilled,670,17420,8,48,2,1 day/week,Yes,2026
Telangana,Office Assistant,Unskilled,680,17680,8,48,2,1 day/week,Yes,2026
Maharashtra,Office Assistant,Unskilled,690,17940,8,48,2,1 day/week,Yes,2026
Andhra Pradesh,Office Assistant,Unskilled,700,18200,8,48,2,1 day/week,Yes,2026
Gujarat,Office Assistant,Unskilled,710,18460,8,48,2,1 day/week,Yes,2026
Rajasthan,Office Assistant,Unskilled,720,18720,8,48,2,1 day/week,Yes,2026
Delhi,Office Assistant,Unskilled,730,18980,8,48,2,1 day/week,Yes,2026
West Bengal,Office Assistant,Unskilled,740,19240,8,48,2,1 day/week,Yes,2026
Tamil Nadu,Data Entry Operator,Unskilled,665,17290,8,48,2,1 day/week,Yes,2026
Karnataka,Data Entry Operator,Unskilled,675,17550,8,48,2,1 day/week,Yes,2026
Kerala,Data Entry Operator,Unskilled,685,17810,8,48,2,1 day/week,Yes,2026
Telangana,Data Entry Operator,Unskilled,695,18070,8,48,2,1 day/week,Yes,2026
Maharashtra,Data Entry Operator,Unskilled,705,18330,8,48,2,1 day/week,Yes,2026
Andhra Pradesh,Data Entry Operator,Unskilled,715,18590,8,48,2,1 day/week,Yes,2026
Gujarat,Data Entry Operator,Unskilled,725,18850,8,48,2,1 day/week,Yes,2026
Rajasthan,Data Entry Operator,Unskilled,735,19110,8,48,2,1 day/week,Yes,2026
Delhi,Data Entry Operator,Unskilled,745,19370,8,48,2,1 day/week,Yes,2026
West Bengal,Data Entry Operator,Unskilled,755,19630,8,48,2,1 day/week,Yes,2026
Tamil Nadu,Receptionist,Unskilled,680,17680,8,48,2,1 day/week,Yes,2026
Karnataka,Receptionist,Unskilled,690,17940,8,48,2,1 day/week,Yes,2026
Kerala,Receptionist,Unskilled,700,18200,8,48,2,1 day/week,Yes,2026
Telangana,Receptionist,Unskilled,710,18460,8,48,2,1 day/week,Yes,2026
Maharashtra,Receptionist,Unskilled,720,18720,8,48,2,1 day/week,Yes,2026
Andhra Pradesh,Receptionist,Unskilled,730,18980,8,48,2,1 day/week,Yes,2026
Gujarat,Receptionist,Unskilled,740,19240,8,48,2,1 day/week,Yes,2026
Rajasthan,Receptionist,Unskilled,750,19500,8,48,2,1 day/week,Yes,2026
Delhi,Receptionist,Unskilled,760,19760,8,48,2,1 day/week,Yes,2026
West Bengal,Receptionist,Unskilled,770,20020,8,48,2,1 day/week,Yes,2026
Tamil Nadu,Cook,Unskilled,695,18070,8,48,2,1 day/week,Yes,2026
Karnataka,Cook,Unskilled,705,18330,8,48,2,1 day/week,Yes,2026
Kerala,Cook,Unskilled,715,18590,8,48,2,1 day/week,Yes,2026
Telangana,Cook,Unskilled,725,18850,8,48,2,1 day/week,Yes,2026
Maharashtra,Cook,Unskilled,735,19110,8,48,2,1 day/week,Yes,2026
Andhra Pradesh,Cook,Unskilled,745,19370,8,48,2,1 day/week,Yes,2026
Gujarat,Cook,Unskilled,755,19630,8,48,2,1 day/week,Yes,2026
Rajasthan,Cook,Unskilled,765,19890,8,48,2,1 day/week,Yes,2026
Delhi,Cook,Unskilled,775,20150,8,48,2,1 day/week,Yes,2026
West Bengal,Cook,Unskilled,785,20410,8,48,2,1 day/week,Yes,2026
Tamil Nadu,Construction Labourer,Unskilled,710,18460,8,48,2,1 day/week,Yes,2026
Karnataka,Construction Labourer,Unskilled,720,18720,8,48,2,1 day/week,Yes,2026
Kerala,Construction Labourer,Unskilled,730,18980,8,48,2,1 day/week,Yes,2026
Telangana,Construction Labourer,Unskilled,740,19240,8,48,2,1 day/week,Yes,2026
Maharashtra,Construction Labourer,Unskilled,750,19500,8,48,2,1 day/week,Yes,2026
Andhra Pradesh,Construction Labourer,Unskilled,760,19760,8,48,2,1 day/week,Yes,2026
Gujarat,Construction Labourer,Unskilled,770,20020,8,48,2,1 day/week,Yes,2026
Rajasthan,Construction Labourer,Unskilled,780,20280,8,48,2,1 day/week,Yes,2026
Delhi,Construction Labourer,Unskilled,790,20540,8,48,2,1 day/week,Yes,2026
West Bengal,Construction Labourer,Unskilled,800,20800,8,48,2,1 day/week,Yes,2026
Tamil Nadu,Helper,Unskilled,620,16120,8,48,2,1 day/week,Yes,2026
Karnataka,Helper,Unskilled,630,16380,8,48,2,1 day/week,Yes,2026
Kerala,Helper,Unskilled,640,16640,8,48,2,1 day/week,Yes,2026
Telangana,Helper,Unskilled,650,16900,8,48,2,1 day/week,Yes,2026
Maharashtra,Helper,Unskilled,660,17160,8,48,2,1 day/week,Yes,2026
Andhra Pradesh,Helper,Unskilled,670,17420,8,48,2,1 day/week,Yes,2026
Gujarat,Helper,Unskilled,680,17680,8,48,2,1 day/week,Yes,2026
Rajasthan,Helper,Unskilled,690,17940,8,48,2,1 day/week,Yes,2026
Delhi,Helper,Unskilled,700,18200,8,48,2,1 day/week,Yes,2026
West Bengal,Helper,Unskilled,710,18460,8,48,2,1 day/week,Yes,2026
Tamil Nadu,Mason,Unskilled,635,16510,8,48,2,1 day/week,Yes,2026
Karnataka,Mason,Unskilled,645,16770,8,48,2,1 day/week,Yes,2026
Kerala,Mason,Unskilled,655,17030,8,48,2,1 day/week,Yes,2026
Telangana,Mason,Unskilled,665,17290,8,48,2,1 day/week,Yes,2026
Maharashtra,Mason,Unskilled,675,17550,8,48,2,1 day/week,Yes,2026
Andhra Pradesh,Mason,Unskilled,685,17810,8,48,2,1 day/week,Yes,2026
Gujarat,Mason,Unskilled,695,18070,8,48,2,1 day/week,Yes,2026
Rajasthan,Mason,Unskilled,705,18330,8,48,2,1 day/week,Yes,2026
Delhi,Mason,Unskilled,715,18590,8,48,2,1 day/week,Yes,2026
West Bengal,Mason,Unskilled,725,18850,8,48,2,1 day/week,Yes,2026
Tamil Nadu,Painter,Unskilled,650,16900,8,48,2,1 day/week,Yes,2026
Karnataka,Painter,Unskilled,660,17160,8,48,2,1 day/week,Yes,2026
Kerala,Painter,Unskilled,670,17420,8,48,2,1 day/week,Yes,2026
Telangana,Painter,Unskilled,680,17680,8,48,2,1 day/week,Yes,2026
Maharashtra,Painter,Unskilled,690,17940,8,48,2,1 day/week,Yes,2026
Andhra Pradesh,Painter,Unskilled,700,18200,8,48,2,1 day/week,Yes,2026
Gujarat,Painter,Unskilled,710,18460,8,48,2,1 day/week,Yes,2026
Rajasthan,Painter,Unskilled,720,18720,8,48,2,1 day/week,Yes,2026
Delhi,Painter,Unskilled,730,18980,8,48,2,1 day/week,Yes,2026
West Bengal,Painter,Unskilled,740,19240,8,48,2,1 day/week,Yes,2026
Tamil Nadu,Machine Operator,Unskilled,665,17290,8,48,2,1 day/week,Yes,2026
Karnataka,Machine Operator,Unskilled,675,17550,8,48,2,1 day/week,Yes,2026
Kerala,Machine Operator,Unskilled,685,17810,8,48,2,1 day/week,Yes,2026
Telangana,Machine Operator,Unskilled,695,18070,8,48,2,1 day/week,Yes,2026
Maharashtra,Machine Operator,Unskilled,705,18330,8,48,2,1 day/week,Yes,2026
Andhra Pradesh,Machine Operator,Unskilled,715,18590,8,48,2,1 day/week,Yes,2026
Gujarat,Machine Operator,Unskilled,725,18850,8,48,2,1 day/week,Yes,2026
Rajasthan,Machine Operator,Unskilled,735,19110,8,48,2,1 day/week,Yes,2026
Delhi,Machine Operator,Unskilled,745,19370,8,48,2,1 day/week,Yes,2026
West Bengal,Machine Operator,Unskilled,755,19630,8,48,2,1 day/week,Yes,2026
Tamil Nadu,Delivery Executive,Unskilled,680,17680,8,48,2,1 day/week,Yes,2026
Karnataka,Delivery Executive,Unskilled,690,17940,8,48,2,1 day/week,Yes,2026
Kerala,Delivery Executive,Unskilled,700,18200,8,48,2,1 day/week,Yes,2026
Telangana,Delivery Executive,Unskilled,710,18460,8,48,2,1 day/week,Yes,2026
Maharashtra,Delivery Executive,Unskilled,720,18720,8,48,2,1 day/week,Yes,2026
Andhra Pradesh,Delivery Executive,Unskilled,730,18980,8,48,2,1 day/week,Yes,2026
Gujarat,Delivery Executive,Unskilled,740,19240,8,48,2,1 day/week,Yes,2026
Rajasthan,Delivery Executive,Unskilled,750,19500,8,48,2,1 day/week,Yes,2026
Delhi,Delivery Executive,Unskilled,760,19760,8,48,2,1 day/week,Yes,2026
West Bengal,Delivery Executive,Unskilled,770,20020,8,48,2,1 day/week,Yes,2026
Tamil Nadu,Hospital Attendant,Unskilled,695,18070,8,48,2,1 day/week,Yes,2026
Karnataka,Hospital Attendant,Unskilled,705,18330,8,48,2,1 day/week,Yes,2026
Kerala,Hospital Attendant,Unskilled,715,18590,8,48,2,1 day/week,Yes,2026
Telangana,Hospital Attendant,Unskilled,725,18850,8,48,2,1 day/week,Yes,2026
Maharashtra,Hospital Attendant,Unskilled,735,19110,8,48,2,1 day/week,Yes,2026
Andhra Pradesh,Hospital Attendant,Unskilled,745,19370,8,48,2,1 day/week,Yes,2026
Gujarat,Hospital Attendant,Unskilled,755,19630,8,48,2,1 day/week,Yes,2026
Rajasthan,Hospital Attendant,Unskilled,765,19890,8,48,2,1 day/week,Yes,2026
Delhi,Hospital Attendant,Unskilled,775,20150,8,48,2,1 day/week,Yes,2026
West Bengal,Hospital Attendant,Unskilled,785,20410,8,48,2,1 day/week,Yes,2026
Tamil Nadu,Warehouse Worker,Unskilled,710,18460,8,48,2,1 day/week,Yes,2026
Karnataka,Warehouse Worker,Unskilled,720,18720,8,48,2,1 day/week,Yes,2026
Kerala,Warehouse Worker,Unskilled,730,18980,8,48,2,1 day/week,Yes,2026
Telangana,Warehouse Worker,Unskilled,740,19240,8,48,2,1 day/week,Yes,2026
Maharashtra,Warehouse Worker,Unskilled,750,19500,8,48,2,1 day/week,Yes,2026
Andhra Pradesh,Warehouse Worker,Unskilled,760,19760,8,48,2,1 day/week,Yes,2026
Gujarat,Warehouse Worker,Unskilled,770,20020,8,48,2,1 day/week,Yes,2026
Rajasthan,Warehouse Worker,Unskilled,780,20280,8,48,2,1 day/week,Yes,2026
Delhi,Warehouse Worker,Unskilled,790,20540,8,48,2,1 day/week,Yes,2026
West Bengal,Warehouse Worker,Unskilled,800,20800,8,48,2,1 day/week,Yes,2026
Tamil Nadu,Packer,Unskilled,620,16120,8,48,2,1 day/week,Yes,2026
Karnataka,Packer,Unskilled,630,16380,8,48,2,1 day/week,Yes,2026
Kerala,Packer,Unskilled,640,16640,8,48,2,1 day/week,Yes,2026
Telangana,Packer,Unskilled,650,16900,8,48,2,1 day/week,Yes,2026
Maharashtra,Packer,Unskilled,660,17160,8,48,2,1 day/week,Yes,2026
Andhra Pradesh,Packer,Unskilled,670,17420,8,48,2,1 day/week,Yes,2026
Gujarat,Packer,Unskilled,680,17680,8,48,2,1 day/week,Yes,2026
Rajasthan,Packer,Unskilled,690,17940,8,48,2,1 day/week,Yes,2026
Delhi,Packer,Unskilled,700,18200,8,48,2,1 day/week,Yes,2026
West Bengal,Packer,Unskilled,710,18460,8,48,2,1 day/week,Yes,2026
Tamil Nadu,Gardener,Unskilled,635,16510,8,48,2,1 day/week,Yes,2026
Karnataka,Gardener,Unskilled,645,16770,8,48,2,1 day/week,Yes,2026
Kerala,Gardener,Unskilled,655,17030,8,48,2,1 day/week,Yes,2026
Telangana,Gardener,Unskilled,665,17290,8,48,2,1 day/week,Yes,2026
Maharashtra,Gardener,Unskilled,675,17550,8,48,2,1 day/week,Yes,2026
Andhra Pradesh,Gardener,Unskilled,685,17810,8,48,2,1 day/week,Yes,2026
Gujarat,Gardener,Unskilled,695,18070,8,48,2,1 day/week,Yes,2026
Rajasthan,Gardener,Unskilled,705,18330,8,48,2,1 day/week,Yes,2026
Delhi,Gardener,Unskilled,715,18590,8,48,2,1 day/week,Yes,2026
West Bengal,Gardener,Unskilled,725,18850,8,48,2,1 day/week,Yes,2026
Tamil Nadu,Watchman,Unskilled,650,16900,8,48,2,1 day/week,Yes,2026
Karnataka,Watchman,Unskilled,660,17160,8,48,2,1 day/week,Yes,2026
Kerala,Watchman,Unskilled,670,17420,8,48,2,1 day/week,Yes,2026
Telangana,Watchman,Unskilled,680,17680,8,48,2,1 day/week,Yes,2026
Maharashtra,Watchman,Unskilled,690,17940,8,48,2,1 day/week,Yes,2026
Andhra Pradesh,Watchman,Unskilled,700,18200,8,48,2,1 day/week,Yes,2026
Gujarat,Watchman,Unskilled,710,18460,8,48,2,1 day/week,Yes,2026
Rajasthan,Watchman,Unskilled,720,18720,8,48,2,1 day/week,Yes,2026
Delhi,Watchman,Unskilled,730,18980,8,48,2,1 day/week,Yes,2026
West Bengal,Watchman,Unskilled,740,19240,8,48,2,1 day/week,Yes,2026
Tamil Nadu,Mechanic,Unskilled,665,17290,8,48,2,1 day/week,Yes,2026
Karnataka,Mechanic,Unskilled,675,17550,8,48,2,1 day/week,Yes,2026
Kerala,Mechanic,Unskilled,685,17810,8,48,2,1 day/week,Yes,2026
Telangana,Mechanic,Unskilled,695,18070,8,48,2,1 day/week,Yes,2026
Maharashtra,Mechanic,Unskilled,705,18330,8,48,2,1 day/week,Yes,2026
Andhra Pradesh,Mechanic,Unskilled,715,18590,8,48,2,1 day/week,Yes,2026
Gujarat,Mechanic,Unskilled,725,18850,8,48,2,1 day/week,Yes,2026
Rajasthan,Mechanic,Unskilled,735,19110,8,48,2,1 day/week,Yes,2026
Delhi,Mechanic,Unskilled,745,19370,8,48,2,1 day/week,Yes,2026
West Bengal,Mechanic,Unskilled,755,19630,8,48,2,1 day/week,Yes,2026
Tamil Nadu,Cashier,Unskilled,680,17680,8,48,2,1 day/week,Yes,2026
Karnataka,Cashier,Unskilled,690,17940,8,48,2,1 day/week,Yes,2026
Kerala,Cashier,Unskilled,700,18200,8,48,2,1 day/week,Yes,2026
Telangana,Cashier,Unskilled,710,18460,8,48,2,1 day/week,Yes,2026
Maharashtra,Cashier,Unskilled,720,18720,8,48,2,1 day/week,Yes,2026
Andhra Pradesh,Cashier,Unskilled,730,18980,8,48,2,1 day/week,Yes,2026
Gujarat,Cashier,Unskilled,740,19240,8,48,2,1 day/week,Yes,2026
Rajasthan,Cashier,Unskilled,750,19500,8,48,2,1 day/week,Yes,2026
Delhi,Cashier,Unskilled,760,19760,8,48,2,1 day/week,Yes,2026
West Bengal,Cashier,Unskilled,770,20020,8,48,2,1 day/week,Yes,2026
Tamil Nadu,Retail Associate,Unskilled,695,18070,8,48,2,1 day/week,Yes,2026
Karnataka,Retail Associate,Unskilled,705,18330,8,48,2,1 day/week,Yes,2026
Kerala,Retail Associate,Unskilled,715,18590,8,48,2,1 day/week,Yes,2026
Telangana,Retail Associate,Unskilled,725,18850,8,48,2,1 day/week,Yes,2026
Maharashtra,Retail Associate,Unskilled,735,19110,8,48,2,1 day/week,Yes,2026
Andhra Pradesh,Retail Associate,Unskilled,745,19370,8,48,2,1 day/week,Yes,2026
Gujarat,Retail Associate,Unskilled,755,19630,8,48,2,1 day/week,Yes,2026
Rajasthan,Retail Associate,Unskilled,765,19890,8,48,2,1 day/week,Yes,2026
Delhi,Retail Associate,Unskilled,775,20150,8,48,2,1 day/week,Yes,2026
West Bengal,Retail Associate,Unskilled,785,20410,8,48,2,1 day/week,Yes,2026
Tamil Nadu,Tailor,Unskilled,710,18460,8,48,2,1 day/week,Yes,2026
Karnataka,Tailor,Unskilled,720,18720,8,48,2,1 day/week,Yes,2026
Kerala,Tailor,Unskilled,730,18980,8,48,2,1 day/week,Yes,2026
Telangana,Tailor,Unskilled,740,19240,8,48,2,1 day/week,Yes,2026
Maharashtra,Tailor,Unskilled,750,19500,8,48,2,1 day/week,Yes,2026
Andhra Pradesh,Tailor,Unskilled,760,19760,8,48,2,1 day/week,Yes,2026
Gujarat,Tailor,Unskilled,770,20020,8,48,2,1 day/week,Yes,2026
Rajasthan,Tailor,Unskilled,780,20280,8,48,2,1 day/week,Yes,2026
Delhi,Tailor,Unskilled,790,20540,8,48,2,1 day/week,Yes,2026
West Bengal,Tailor,Unskilled,800,20800,8,48,2,1 day/week,Yes,2026
Tamil Nadu,Loader,Unskilled,620,16120,8,48,2,1 day/week,Yes,2026
Karnataka,Loader,Unskilled,630,16380,8,48,2,1 day/week,Yes,2026
Kerala,Loader,Unskilled,640,16640,8,48,2,1 day/week,Yes,2026
Telangana,Loader,Unskilled,650,16900,8,48,2,1 day/week,Yes,2026
Maharashtra,Loader,Unskilled,660,17160,8,48,2,1 day/week,Yes,2026
Andhra Pradesh,Loader,Unskilled,670,17420,8,48,2,1 day/week,Yes,2026
Gujarat,Loader,Unskilled,680,17680,8,48,2,1 day/week,Yes,2026
Rajasthan,Loader,Unskilled,690,17940,8,48,2,1 day/week,Yes,2026
Delhi,Loader,Unskilled,700,18200,8,48,2,1 day/week,Yes,2026
West Bengal,Loader,Unskilled,710,18460,8,48,2,1 day/week,Yes,2026
Tamil Nadu,Technician,Unskilled,635,16510,8,48,2,1 day/week,Yes,2026
Karnataka,Technician,Unskilled,645,16770,8,48,2,1 day/week,Yes,2026
Kerala,Technician,Unskilled,655,17030,8,48,2,1 day/week,Yes,2026
Telangana,Technician,Unskilled,665,17290,8,48,2,1 day/week,Yes,2026
Maharashtra,Technician,Unskilled,675,17550,8,48,2,1 day/week,Yes,2026
Andhra Pradesh,Technician,Unskilled,685,17810,8,48,2,1 day/week,Yes,2026
Gujarat,Technician,Unskilled,695,18070,8,48,2,1 day/week,Yes,2026
Rajasthan,Technician,Unskilled,705,18330,8,48,2,1 day/week,Yes,2026
Delhi,Technician,Unskilled,715,18590,8,48,2,1 day/week,Yes,2026
West Bengal,Technician,Unskilled,725,18850,8,48,2,1 day/week,Yes,2026
Tamil Nadu,Fitter,Unskilled,650,16900,8,48,2,1 day/week,Yes,2026
Karnataka,Fitter,Unskilled,660,17160,8,48,2,1 day/week,Yes,2026
Kerala,Fitter,Unskilled,670,17420,8,48,2,1 day/week,Yes,2026
Telangana,Fitter,Unskilled,680,17680,8,48,2,1 day/week,Yes,2026
Maharashtra,Fitter,Unskilled,690,17940,8,48,2,1 day/week,Yes,2026
Andhra Pradesh,Fitter,Unskilled,700,18200,8,48,2,1 day/week,Yes,2026
Gujarat,Fitter,Unskilled,710,18460,8,48,2,1 day/week,Yes,2026
Rajasthan,Fitter,Unskilled,720,18720,8,48,2,1 day/week,Yes,2026
Delhi,Fitter,Unskilled,730,18980,8,48,2,1 day/week,Yes,2026
West Bengal,Fitter,Unskilled,740,19240,8,48,2,1 day/week,Yes,2026
Tamil Nadu,Assembler,Unskilled,665,17290,8,48,2,1 day/week,Yes,2026
Karnataka,Assembler,Unskilled,675,17550,8,48,2,1 day/week,Yes,2026
Kerala,Assembler,Unskilled,685,17810,8,48,2,1 day/week,Yes,2026
Telangana,Assembler,Unskilled,695,18070,8,48,2,1 day/week,Yes,2026
Maharashtra,Assembler,Unskilled,705,18330,8,48,2,1 day/week,Yes,2026
Andhra Pradesh,Assembler,Unskilled,715,18590,8,48,2,1 day/week,Yes,2026
Gujarat,Assembler,Unskilled,725,18850,8,48,2,1 day/week,Yes,2026
Rajasthan,Assembler,Unskilled,735,19110,8,48,2,1 day/week,Yes,2026
Delhi,Assembler,Unskilled,745,19370,8,48,2,1 day/week,Yes,2026
West Bengal,Assembler,Unskilled,755,19630,8,48,2,1 day/week,Yes,2026
Tamil Nadu,Quality Inspector,Unskilled,680,17680,8,48,2,1 day/week,Yes,2026
Karnataka,Quality Inspector,Unskilled,690,17940,8,48,2,1 day/week,Yes,2026
Kerala,Quality Inspector,Unskilled,700,18200,8,48,2,1 day/week,Yes,2026
Telangana,Quality Inspector,Unskilled,710,18460,8,48,2,1 day/week,Yes,2026
Maharashtra,Quality Inspector,Unskilled,720,18720,8,48,2,1 day/week,Yes,2026
Andhra Pradesh,Quality Inspector,Unskilled,730,18980,8,48,2,1 day/week,Yes,2026
Gujarat,Quality Inspector,Unskilled,740,19240,8,48,2,1 day/week,Yes,2026
Rajasthan,Quality Inspector,Unskilled,750,19500,8,48,2,1 day/week,Yes,2026
Delhi,Quality Inspector,Unskilled,760,19760,8,48,2,1 day/week,Yes,2026
West Bengal,Quality Inspector,Unskilled,770,20020,8,48,2,1 day/week,Yes,2026
Tamil Nadu,Forklift Operator,Unskilled,695,18070,8,48,2,1 day/week,Yes,2026
Karnataka,Forklift Operator,Unskilled,705,18330,8,48,2,1 day/week,Yes,2026
Kerala,Forklift Operator,Unskilled,715,18590,8,48,2,1 day/week,Yes,2026
Telangana,Forklift Operator,Unskilled,725,18850,8,48,2,1 day/week,Yes,2026
Maharashtra,Forklift Operator,Unskilled,735,19110,8,48,2,1 day/week,Yes,2026
Andhra Pradesh,Forklift Operator,Unskilled,745,19370,8,48,2,1 day/week,Yes,2026
Gujarat,Forklift Operator,Unskilled,755,19630,8,48,2,1 day/week,Yes,2026
Rajasthan,Forklift Operator,Unskilled,765,19890,8,48,2,1 day/week,Yes,2026
Delhi,Forklift Operator,Unskilled,775,20150,8,48,2,1 day/week,Yes,2026
West Bengal,Forklift Operator,Unskilled,785,20410,8,48,2,1 day/week,Yes,2026
Tamil Nadu,Supervisor,Unskilled,710,18460,8,48,2,1 day/week,Yes,2026
Karnataka,Supervisor,Unskilled,720,18720,8,48,2,1 day/week,Yes,2026
Kerala,Supervisor,Unskilled,730,18980,8,48,2,1 day/week,Yes,2026
Telangana,Supervisor,Unskilled,740,19240,8,48,2,1 day/week,Yes,2026
Maharashtra,Supervisor,Unskilled,750,19500,8,48,2,1 day/week,Yes,2026
Andhra Pradesh,Supervisor,Unskilled,760,19760,8,48,2,1 day/week,Yes,2026
Gujarat,Supervisor,Unskilled,770,20020,8,48,2,1 day/week,Yes,2026
Rajasthan,Supervisor,Unskilled,780,20280,8,48,2,1 day/week,Yes,2026
Delhi,Supervisor,Unskilled,790,20540,8,48,2,1 day/week,Yes,2026
West Bengal,Supervisor,Unskilled,800,20800,8,48,2,1 day/week,Yes,2026
Tamil Nadu,Office Boy,Unskilled,620,16120,8,48,2,1 day/week,Yes,2026
Karnataka,Office Boy,Unskilled,630,16380,8,48,2,1 day/week,Yes,2026
Kerala,Office Boy,Unskilled,640,16640,8,48,2,1 day/week,Yes,2026
Telangana,Office Boy,Unskilled,650,16900,8,48,2,1 day/week,Yes,2026
Maharashtra,Office Boy,Unskilled,660,17160,8,48,2,1 day/week,Yes,2026
Andhra Pradesh,Office Boy,Unskilled,670,17420,8,48,2,1 day/week,Yes,2026
Gujarat,Office Boy,Unskilled,680,17680,8,48,2,1 day/week,Yes,2026
Rajasthan,Office Boy,Unskilled,690,17940,8,48,2,1 day/week,Yes,2026
Delhi,Office Boy,Unskilled,700,18200,8,48,2,1 day/week,Yes,2026
West Bengal,Office Boy,Unskilled,710,18460,8,48,2,1 day/week,Yes,2026
Tamil Nadu,Janitor,Unskilled,635,16510,8,48,2,1 day/week,Yes,2026
Karnataka,Janitor,Unskilled,645,16770,8,48,2,1 day/week,Yes,2026
Kerala,Janitor,Unskilled,655,17030,8,48,2,1 day/week,Yes,2026
Telangana,Janitor,Unskilled,665,17290,8,48,2,1 day/week,Yes,2026
Maharashtra,Janitor,Unskilled,675,17550,8,48,2,1 day/week,Yes,2026
Andhra Pradesh,Janitor,Unskilled,685,17810,8,48,2,1 day/week,Yes,2026
Gujarat,Janitor,Unskilled,695,18070,8,48,2,1 day/week,Yes,2026
Rajasthan,Janitor,Unskilled,705,18330,8,48,2,1 day/week,Yes,2026
Delhi,Janitor,Unskilled,715,18590,8,48,2,1 day/week,Yes,2026
West Bengal,Janitor,Unskilled,725,18850,8,48,2,1 day/week,Yes,2026
Tamil Nadu,Lab Assistant,Unskilled,650,16900,8,48,2,1 day/week,Yes,2026
Karnataka,Lab Assistant,Unskilled,660,17160,8,48,2,1 day/week,Yes,2026
Kerala,Lab Assistant,Unskilled,670,17420,8,48,2,1 day/week,Yes,2026
Telangana,Lab Assistant,Unskilled,680,17680,8,48,2,1 day/week,Yes,2026
Maharashtra,Lab Assistant,Unskilled,690,17940,8,48,2,1 day/week,Yes,2026
Andhra Pradesh,Lab Assistant,Unskilled,700,18200,8,48,2,1 day/week,Yes,2026
Gujarat,Lab Assistant,Unskilled,710,18460,8,48,2,1 day/week,Yes,2026
Rajasthan,Lab Assistant,Unskilled,720,18720,8,48,2,1 day/week,Yes,2026
Delhi,Lab Assistant,Unskilled,730,18980,8,48,2,1 day/week,Yes,2026
West Bengal,Lab Assistant,Unskilled,740,19240,8,48,2,1 day/week,Yes,2026
Tamil Nadu,Nurse Assistant,Unskilled,665,17290,8,48,2,1 day/week,Yes,2026
Karnataka,Nurse Assistant,Unskilled,675,17550,8,48,2,1 day/week,Yes,2026
Kerala,Nurse Assistant,Unskilled,685,17810,8,48,2,1 day/week,Yes,2026
Telangana,Nurse Assistant,Unskilled,695,18070,8,48,2,1 day/week,Yes,2026
Maharashtra,Nurse Assistant,Unskilled,705,18330,8,48,2,1 day/week,Yes,2026
Andhra Pradesh,Nurse Assistant,Unskilled,715,18590,8,48,2,1 day/week,Yes,2026
Gujarat,Nurse Assistant,Unskilled,725,18850,8,48,2,1 day/week,Yes,2026
Rajasthan,Nurse Assistant,Unskilled,735,19110,8,48,2,1 day/week,Yes,2026
Delhi,Nurse Assistant,Unskilled,745,19370,8,48,2,1 day/week,Yes,2026
West Bengal,Nurse Assistant,Unskilled,755,19630,8,48,2,1 day/week,Yes,2026
Tamil Nadu,Caregiver,Unskilled,680,17680,8,48,2,1 day/week,Yes,2026
Karnataka,Caregiver,Unskilled,690,17940,8,48,2,1 day/week,Yes,2026
Kerala,Caregiver,Unskilled,700,18200,8,48,2,1 day/week,Yes,2026
Telangana,Caregiver,Unskilled,710,18460,8,48,2,1 day/week,Yes,2026
Maharashtra,Caregiver,Unskilled,720,18720,8,48,2,1 day/week,Yes,2026
Andhra Pradesh,Caregiver,Unskilled,730,18980,8,48,2,1 day/week,Yes,2026
Gujarat,Caregiver,Unskilled,740,19240,8,48,2,1 day/week,Yes,2026
Rajasthan,Caregiver,Unskilled,750,19500,8,48,2,1 day/week,Yes,2026
Delhi,Caregiver,Unskilled,760,19760,8,48,2,1 day/week,Yes,2026
West Bengal,Caregiver,Unskilled,770,20020,8,48,2,1 day/week,Yes,2026
Tamil Nadu,Farm Worker,Unskilled,695,18070,8,48,2,1 day/week,Yes,2026
Karnataka,Farm Worker,Unskilled,705,18330,8,48,2,1 day/week,Yes,2026
Kerala,Farm Worker,Unskilled,715,18590,8,48,2,1 day/week,Yes,2026
Telangana,Farm Worker,Unskilled,725,18850,8,48,2,1 day/week,Yes,2026
Maharashtra,Farm Worker,Unskilled,735,19110,8,48,2,1 day/week,Yes,2026
Andhra Pradesh,Farm Worker,Unskilled,745,19370,8,48,2,1 day/week,Yes,2026
Gujarat,Farm Worker,Unskilled,755,19630,8,48,2,1 day/week,Yes,2026
Rajasthan,Farm Worker,Unskilled,765,19890,8,48,2,1 day/week,Yes,2026
Delhi,Farm Worker,Unskilled,775,20150,8,48,2,1 day/week,Yes,2026
West Bengal,Farm Worker,Unskilled,785,20410,8,48,2,1 day/week,Yes,2026
Tamil Nadu,Textile Worker,Unskilled,710,18460,8,48,2,1 day/week,Yes,2026
Karnataka,Textile Worker,Unskilled,720,18720,8,48,2,1 day/week,Yes,2026
Kerala,Textile Worker,Unskilled,730,18980,8,48,2,1 day/week,Yes,2026
Telangana,Textile Worker,Unskilled,740,19240,8,48,2,1 day/week,Yes,2026
Maharashtra,Textile Worker,Unskilled,750,19500,8,48,2,1 day/week,Yes,2026
Andhra Pradesh,Textile Worker,Unskilled,760,19760,8,48,2,1 day/week,Yes,2026
Gujarat,Textile Worker,Unskilled,770,20020,8,48,2,1 day/week,Yes,2026
Rajasthan,Textile Worker,Unskilled,780,20280,8,48,2,1 day/week,Yes,2026
Delhi,Textile Worker,Unskilled,790,20540,8,48,2,1 day/week,Yes,2026
West Bengal,Textile Worker,Unskilled,800,20800,8,48,2,1 day/week,Yes,2026
Tamil Nadu,Food Processing Worker,Unskilled,620,16120,8,48,2,1 day/week,Yes,2026
Karnataka,Food Processing Worker,Unskilled,630,16380,8,48,2,1 day/week,Yes,2026
Kerala,Food Processing Worker,Unskilled,640,16640,8,48,2,1 day/week,Yes,2026
Telangana,Food Processing Worker,Unskilled,650,16900,8,48,2,1 day/week,Yes,2026
Maharashtra,Food Processing Worker,Unskilled,660,17160,8,48,2,1 day/week,Yes,2026
Andhra Pradesh,Food Processing Worker,Unskilled,670,17420,8,48,2,1 day/week,Yes,2026
Gujarat,Food Processing Worker,Unskilled,680,17680,8,48,2,1 day/week,Yes,2026
Rajasthan,Food Processing Worker,Unskilled,690,17940,8,48,2,1 day/week,Yes,2026
Delhi,Food Processing Worker,Unskilled,700,18200,8,48,2,1 day/week,Yes,2026
West Bengal,Food Processing Worker,Unskilled,710,18460,8,48,2,1 day/week,Yes,2026
Tamil Nadu,Hotel Staff,Unskilled,635,16510,8,48,2,1 day/week,Yes,2026
Karnataka,Hotel Staff,Unskilled,645,16770,8,48,2,1 day/week,Yes,2026
Kerala,Hotel Staff,Unskilled,655,17030,8,48,2,1 day/week,Yes,2026
Telangana,Hotel Staff,Unskilled,665,17290,8,48,2,1 day/week,Yes,2026
Maharashtra,Hotel Staff,Unskilled,675,17550,8,48,2,1 day/week,Yes,2026
Andhra Pradesh,Hotel Staff,Unskilled,685,17810,8,48,2,1 day/week,Yes,2026
Gujarat,Hotel Staff,Unskilled,695,18070,8,48,2,1 day/week,Yes,2026
Rajasthan,Hotel Staff,Unskilled,705,18330,8,48,2,1 day/week,Yes,2026
Delhi,Hotel Staff,Unskilled,715,18590,8,48,2,1 day/week,Yes,2026
West Bengal,Hotel Staff,Unskilled,725,18850,8,48,2,1 day/week,Yes,2026
Tamil Nadu,Kitchen Helper,Unskilled,650,16900,8,48,2,1 day/week,Yes,2026
Karnataka,Kitchen Helper,Unskilled,660,17160,8,48,2,1 day/week,Yes,2026
Kerala,Kitchen Helper,Unskilled,670,17420,8,48,2,1 day/week,Yes,2026
Telangana,Kitchen Helper,Unskilled,680,17680,8,48,2,1 day/week,Yes,2026
Maharashtra,Kitchen Helper,Unskilled,690,17940,8,48,2,1 day/week,Yes,2026
Andhra Pradesh,Kitchen Helper,Unskilled,700,18200,8,48,2,1 day/week,Yes,2026
Gujarat,Kitchen Helper,Unskilled,710,18460,8,48,2,1 day/week,Yes,2026
Rajasthan,Kitchen Helper,Unskilled,720,18720,8,48,2,1 day/week,Yes,2026
Delhi,Kitchen Helper,Unskilled,730,18980,8,48,2,1 day/week,Yes,2026
West Bengal,Kitchen Helper,Unskilled,740,19240,8,48,2,1 day/week,Yes,2026
Tamil Nadu,Security Supervisor,Unskilled,665,17290,8,48,2,1 day/week,Yes,2026
Karnataka,Security Supervisor,Unskilled,675,17550,8,48,2,1 day/week,Yes,2026
Kerala,Security Supervisor,Unskilled,685,17810,8,48,2,1 day/week,Yes,2026
Telangana,Security Supervisor,Unskilled,695,18070,8,48,2,1 day/week,Yes,2026
Maharashtra,Security Supervisor,Unskilled,705,18330,8,48,2,1 day/week,Yes,2026
Andhra Pradesh,Security Supervisor,Unskilled,715,18590,8,48,2,1 day/week,Yes,2026
Gujarat,Security Supervisor,Unskilled,725,18850,8,48,2,1 day/week,Yes,2026
Rajasthan,Security Supervisor,Unskilled,735,19110,8,48,2,1 day/week,Yes,2026
Delhi,Security Supervisor,Unskilled,745,19370,8,48,2,1 day/week,Yes,2026
West Bengal,Security Supervisor,Unskilled,755,19630,8,48,2,1 day/week,Yes,2026
Tamil Nadu,Field Executive,Unskilled,680,17680,8,48,2,1 day/week,Yes,2026
Karnataka,Field Executive,Unskilled,690,17940,8,48,2,1 day/week,Yes,2026
Kerala,Field Executive,Unskilled,700,18200,8,48,2,1 day/week,Yes,2026
Telangana,Field Executive,Unskilled,710,18460,8,48,2,1 day/week,Yes,2026
Maharashtra,Field Executive,Unskilled,720,18720,8,48,2,1 day/week,Yes,2026
Andhra Pradesh,Field Executive,Unskilled,730,18980,8,48,2,1 day/week,Yes,2026
Gujarat,Field Executive,Unskilled,740,19240,8,48,2,1 day/week,Yes,2026
Rajasthan,Field Executive,Unskilled,750,19500,8,48,2,1 day/week,Yes,2026
Delhi,Field Executive,Unskilled,760,19760,8,48,2,1 day/week,Yes,2026
West Bengal,Field Executive,Unskilled,770,20020,8,48,2,1 day/week,Yes,2026
Tamil Nadu,Sales Assistant,Unskilled,695,18070,8,48,2,1 day/week,Yes,2026
Karnataka,Sales Assistant,Unskilled,705,18330,8,48,2,1 day/week,Yes,2026
Kerala,Sales Assistant,Unskilled,715,18590,8,48,2,1 day/week,Yes,2026
Telangana,Sales Assistant,Unskilled,725,18850,8,48,2,1 day/week,Yes,2026
Maharashtra,Sales Assistant,Unskilled,735,19110,8,48,2,1 day/week,Yes,2026
Andhra Pradesh,Sales Assistant,Unskilled,745,19370,8,48,2,1 day/week,Yes,2026
Gujarat,Sales Assistant,Unskilled,755,19630,8,48,2,1 day/week,Yes,2026
Rajasthan,Sales Assistant,Unskilled,765,19890,8,48,2,1 day/week,Yes,2026
Delhi,Sales Assistant,Unskilled,775,20150,8,48,2,1 day/week,Yes,2026
West Bengal,Sales Assistant,Unskilled,785,20410,8,48,2,1 day/week,Yes,2026
Tamil Nadu,Packaging Operator,Unskilled,710,18460,8,48,2,1 day/week,Yes,2026
Karnataka,Packaging Operator,Unskilled,720,18720,8,48,2,1 day/week,Yes,2026
Kerala,Packaging Operator,Unskilled,730,18980,8,48,2,1 day/week,Yes,2026
Telangana,Packaging Operator,Unskilled,740,19240,8,48,2,1 day/week,Yes,2026
Maharashtra,Packaging Operator,Unskilled,750,19500,8,48,2,1 day/week,Yes,2026
Andhra Pradesh,Packaging Operator,Unskilled,760,19760,8,48,2,1 day/week,Yes,2026
Gujarat,Packaging Operator,Unskilled,770,20020,8,48,2,1 day/week,Yes,2026
Rajasthan,Packaging Operator,Unskilled,780,20280,8,48,2,1 day/week,Yes,2026
Delhi,Packaging Operator,Unskilled,790,20540,8,48,2,1 day/week,Yes,2026
West Bengal,Packaging Operator,Unskilled,800,20800,8,48,2,1 day/week,Yes,2026
Tamil Nadu,Store Keeper,Unskilled,620,16120,8,48,2,1 day/week,Yes,2026
Karnataka,Store Keeper,Unskilled,630,16380,8,48,2,1 day/week,Yes,2026
Kerala,Store Keeper,Unskilled,640,16640,8,48,2,1 day/week,Yes,2026
Telangana,Store Keeper,Unskilled,650,16900,8,48,2,1 day/week,Yes,2026
Maharashtra,Store Keeper,Unskilled,660,17160,8,48,2,1 day/week,Yes,2026
Andhra Pradesh,Store Keeper,Unskilled,670,17420,8,48,2,1 day/week,Yes,2026
Gujarat,Store Keeper,Unskilled,680,17680,8,48,2,1 day/week,Yes,2026
Rajasthan,Store Keeper,Unskilled,690,17940,8,48,2,1 day/week,Yes,2026
Delhi,Store Keeper,Unskilled,700,18200,8,48,2,1 day/week,Yes,2026
West Bengal,Store Keeper,Unskilled,710,18460,8,48,2,1 day/week,Yes,2026
Tamil Nadu,Security Guard,Semi-skilled,720,18720,8,48,2,1 day/week,Yes,2026
Karnataka,Security Guard,Semi-skilled,730,18980,8,48,2,1 day/week,Yes,2026
Kerala,Security Guard,Semi-skilled,740,19240,8,48,2,1 day/week,Yes,2026
Telangana,Security Guard,Semi-skilled,750,19500,8,48,2,1 day/week,Yes,2026
Maharashtra,Security Guard,Semi-skilled,760,19760,8,48,2,1 day/week,Yes,2026
Andhra Pradesh,Security Guard,Semi-skilled,770,20020,8,48,2,1 day/week,Yes,2026
Gujarat,Security Guard,Semi-skilled,780,20280,8,48,2,1 day/week,Yes,2026
Rajasthan,Security Guard,Semi-skilled,790,20540,8,48,2,1 day/week,Yes,2026
Delhi,Security Guard,Semi-skilled,800,20800,8,48,2,1 day/week,Yes,2026
West Bengal,Security Guard,Semi-skilled,810,21060,8,48,2,1 day/week,Yes,2026
Tamil Nadu,Housekeeping,Semi-skilled,735,19110,8,48,2,1 day/week,Yes,2026
Karnataka,Housekeeping,Semi-skilled,745,19370,8,48,2,1 day/week,Yes,2026
Kerala,Housekeeping,Semi-skilled,755,19630,8,48,2,1 day/week,Yes,2026
Telangana,Housekeeping,Semi-skilled,765,19890,8,48,2,1 day/week,Yes,2026
Maharashtra,Housekeeping,Semi-skilled,775,20150,8,48,2,1 day/week,Yes,2026
Andhra Pradesh,Housekeeping,Semi-skilled,785,20410,8,48,2,1 day/week,Yes,2026
Gujarat,Housekeeping,Semi-skilled,795,20670,8,48,2,1 day/week,Yes,2026
Rajasthan,Housekeeping,Semi-skilled,805,20930,8,48,2,1 day/week,Yes,2026
Delhi,Housekeeping,Semi-skilled,815,21190,8,48,2,1 day/week,Yes,2026
West Bengal,Housekeeping,Semi-skilled,825,21450,8,48,2,1 day/week,Yes,2026
Tamil Nadu,Cleaner,Semi-skilled,750,19500,8,48,2,1 day/week,Yes,2026
Karnataka,Cleaner,Semi-skilled,760,19760,8,48,2,1 day/week,Yes,2026
Kerala,Cleaner,Semi-skilled,770,20020,8,48,2,1 day/week,Yes,2026
Telangana,Cleaner,Semi-skilled,780,20280,8,48,2,1 day/week,Yes,2026
Maharashtra,Cleaner,Semi-skilled,790,20540,8,48,2,1 day/week,Yes,2026
Andhra Pradesh,Cleaner,Semi-skilled,800,20800,8,48,2,1 day/week,Yes,2026
Gujarat,Cleaner,Semi-skilled,810,21060,8,48,2,1 day/week,Yes,2026
Rajasthan,Cleaner,Semi-skilled,820,21320,8,48,2,1 day/week,Yes,2026
Delhi,Cleaner,Semi-skilled,830,21580,8,48,2,1 day/week,Yes,2026
West Bengal,Cleaner,Semi-skilled,840,21840,8,48,2,1 day/week,Yes,2026
Tamil Nadu,Factory Worker,Semi-skilled,765,19890,8,48,2,1 day/week,Yes,2026
Karnataka,Factory Worker,Semi-skilled,775,20150,8,48,2,1 day/week,Yes,2026
Kerala,Factory Worker,Semi-skilled,785,20410,8,48,2,1 day/week,Yes,2026
Telangana,Factory Worker,Semi-skilled,795,20670,8,48,2,1 day/week,Yes,2026
Maharashtra,Factory Worker,Semi-skilled,805,20930,8,48,2,1 day/week,Yes,2026
Andhra Pradesh,Factory Worker,Semi-skilled,815,21190,8,48,2,1 day/week,Yes,2026
Gujarat,Factory Worker,Semi-skilled,825,21450,8,48,2,1 day/week,Yes,2026
Rajasthan,Factory Worker,Semi-skilled,835,21710,8,48,2,1 day/week,Yes,2026
Delhi,Factory Worker,Semi-skilled,845,21970,8,48,2,1 day/week,Yes,2026
West Bengal,Factory Worker,Semi-skilled,855,22230,8,48,2,1 day/week,Yes,2026
Tamil Nadu,Electrician,Semi-skilled,780,20280,8,48,2,1 day/week,Yes,2026
Karnataka,Electrician,Semi-skilled,790,20540,8,48,2,1 day/week,Yes,2026
Kerala,Electrician,Semi-skilled,800,20800,8,48,2,1 day/week,Yes,2026
Telangana,Electrician,Semi-skilled,810,21060,8,48,2,1 day/week,Yes,2026
Maharashtra,Electrician,Semi-skilled,820,21320,8,48,2,1 day/week,Yes,2026
Andhra Pradesh,Electrician,Semi-skilled,830,21580,8,48,2,1 day/week,Yes,2026
Gujarat,Electrician,Semi-skilled,840,21840,8,48,2,1 day/week,Yes,2026
Rajasthan,Electrician,Semi-skilled,850,22100,8,48,2,1 day/week,Yes,2026
Delhi,Electrician,Semi-skilled,860,22360,8,48,2,1 day/week,Yes,2026
West Bengal,Electrician,Semi-skilled,870,22620,8,48,2,1 day/week,Yes,2026
Tamil Nadu,Plumber,Semi-skilled,795,20670,8,48,2,1 day/week,Yes,2026
Karnataka,Plumber,Semi-skilled,805,20930,8,48,2,1 day/week,Yes,2026
Kerala,Plumber,Semi-skilled,815,21190,8,48,2,1 day/week,Yes,2026
Telangana,Plumber,Semi-skilled,825,21450,8,48,2,1 day/week,Yes,2026
Maharashtra,Plumber,Semi-skilled,835,21710,8,48,2,1 day/week,Yes,2026
Andhra Pradesh,Plumber,Semi-skilled,845,21970,8,48,2,1 day/week,Yes,2026
Gujarat,Plumber,Semi-skilled,855,22230,8,48,2,1 day/week,Yes,2026
Rajasthan,Plumber,Semi-skilled,865,22490,8,48,2,1 day/week,Yes,2026
Delhi,Plumber,Semi-skilled,875,22750,8,48,2,1 day/week,Yes,2026
West Bengal,Plumber,Semi-skilled,885,23010,8,48,2,1 day/week,Yes,2026
Tamil Nadu,Carpenter,Semi-skilled,810,21060,8,48,2,1 day/week,Yes,2026
Karnataka,Carpenter,Semi-skilled,820,21320,8,48,2,1 day/week,Yes,2026
Kerala,Carpenter,Semi-skilled,830,21580,8,48,2,1 day/week,Yes,2026
Telangana,Carpenter,Semi-skilled,840,21840,8,48,2,1 day/week,Yes,2026
Maharashtra,Carpenter,Semi-skilled,850,22100,8,48,2,1 day/week,Yes,2026
Andhra Pradesh,Carpenter,Semi-skilled,860,22360,8,48,2,1 day/week,Yes,2026
Gujarat,Carpenter,Semi-skilled,870,22620,8,48,2,1 day/week,Yes,2026
Rajasthan,Carpenter,Semi-skilled,880,22880,8,48,2,1 day/week,Yes,2026
Delhi,Carpenter,Semi-skilled,890,23140,8,48,2,1 day/week,Yes,2026
West Bengal,Carpenter,Semi-skilled,900,23400,8,48,2,1 day/week,Yes,2026
Tamil Nadu,Welder,Semi-skilled,720,18720,8,48,2,1 day/week,Yes,2026
Karnataka,Welder,Semi-skilled,730,18980,8,48,2,1 day/week,Yes,2026
Kerala,Welder,Semi-skilled,740,19240,8,48,2,1 day/week,Yes,2026
Telangana,Welder,Semi-skilled,750,19500,8,48,2,1 day/week,Yes,2026
Maharashtra,Welder,Semi-skilled,760,19760,8,48,2,1 day/week,Yes,2026
Andhra Pradesh,Welder,Semi-skilled,770,20020,8,48,2,1 day/week,Yes,2026
Gujarat,Welder,Semi-skilled,780,20280,8,48,2,1 day/week,Yes,2026
Rajasthan,Welder,Semi-skilled,790,20540,8,48,2,1 day/week,Yes,2026
Delhi,Welder,Semi-skilled,800,20800,8,48,2,1 day/week,Yes,2026
West Bengal,Welder,Semi-skilled,810,21060,8,48,2,1 day/week,Yes,2026
Tamil Nadu,Driver,Semi-skilled,735,19110,8,48,2,1 day/week,Yes,2026
Karnataka,Driver,Semi-skilled,745,19370,8,48,2,1 day/week,Yes,2026
Kerala,Driver,Semi-skilled,755,19630,8,48,2,1 day/week,Yes,2026
Telangana,Driver,Semi-skilled,765,19890,8,48,2,1 day/week,Yes,2026
Maharashtra,Driver,Semi-skilled,775,20150,8,48,2,1 day/week,Yes,2026
Andhra Pradesh,Driver,Semi-skilled,785,20410,8,48,2,1 day/week,Yes,2026
Gujarat,Driver,Semi-skilled,795,20670,8,48,2,1 day/week,Yes,2026
Rajasthan,Driver,Semi-skilled,805,20930,8,48,2,1 day/week,Yes,2026
Delhi,Driver,Semi-skilled,815,21190,8,48,2,1 day/week,Yes,2026
West Bengal,Driver,Semi-skilled,825,21450,8,48,2,1 day/week,Yes,2026
Tamil Nadu,Office Assistant,Semi-skilled,750,19500,8,48,2,1 day/week,Yes,2026
Karnataka,Office Assistant,Semi-skilled,760,19760,8,48,2,1 day/week,Yes,2026
Kerala,Office Assistant,Semi-skilled,770,20020,8,48,2,1 day/week,Yes,2026
Telangana,Office Assistant,Semi-skilled,780,20280,8,48,2,1 day/week,Yes,2026
Maharashtra,Office Assistant,Semi-skilled,790,20540,8,48,2,1 day/week,Yes,2026
Andhra Pradesh,Office Assistant,Semi-skilled,800,20800,8,48,2,1 day/week,Yes,2026
Gujarat,Office Assistant,Semi-skilled,810,21060,8,48,2,1 day/week,Yes,2026
Rajasthan,Office Assistant,Semi-skilled,820,21320,8,48,2,1 day/week,Yes,2026
Delhi,Office Assistant,Semi-skilled,830,21580,8,48,2,1 day/week,Yes,2026
West Bengal,Office Assistant,Semi-skilled,840,21840,8,48,2,1 day/week,Yes,2026
Tamil Nadu,Data Entry Operator,Semi-skilled,765,19890,8,48,2,1 day/week,Yes,2026
Karnataka,Data Entry Operator,Semi-skilled,775,20150,8,48,2,1 day/week,Yes,2026
Kerala,Data Entry Operator,Semi-skilled,785,20410,8,48,2,1 day/week,Yes,2026
Telangana,Data Entry Operator,Semi-skilled,795,20670,8,48,2,1 day/week,Yes,2026
Maharashtra,Data Entry Operator,Semi-skilled,805,20930,8,48,2,1 day/week,Yes,2026
Andhra Pradesh,Data Entry Operator,Semi-skilled,815,21190,8,48,2,1 day/week,Yes,2026
Gujarat,Data Entry Operator,Semi-skilled,825,21450,8,48,2,1 day/week,Yes,2026
Rajasthan,Data Entry Operator,Semi-skilled,835,21710,8,48,2,1 day/week,Yes,2026
Delhi,Data Entry Operator,Semi-skilled,845,21970,8,48,2,1 day/week,Yes,2026
West Bengal,Data Entry Operator,Semi-skilled,855,22230,8,48,2,1 day/week,Yes,2026
Tamil Nadu,Receptionist,Semi-skilled,780,20280,8,48,2,1 day/week,Yes,2026
Karnataka,Receptionist,Semi-skilled,790,20540,8,48,2,1 day/week,Yes,2026
Kerala,Receptionist,Semi-skilled,800,20800,8,48,2,1 day/week,Yes,2026
Telangana,Receptionist,Semi-skilled,810,21060,8,48,2,1 day/week,Yes,2026
Maharashtra,Receptionist,Semi-skilled,820,21320,8,48,2,1 day/week,Yes,2026
Andhra Pradesh,Receptionist,Semi-skilled,830,21580,8,48,2,1 day/week,Yes,2026
Gujarat,Receptionist,Semi-skilled,840,21840,8,48,2,1 day/week,Yes,2026
Rajasthan,Receptionist,Semi-skilled,850,22100,8,48,2,1 day/week,Yes,2026
Delhi,Receptionist,Semi-skilled,860,22360,8,48,2,1 day/week,Yes,2026
West Bengal,Receptionist,Semi-skilled,870,22620,8,48,2,1 day/week,Yes,2026
Tamil Nadu,Cook,Semi-skilled,795,20670,8,48,2,1 day/week,Yes,2026
Karnataka,Cook,Semi-skilled,805,20930,8,48,2,1 day/week,Yes,2026
Kerala,Cook,Semi-skilled,815,21190,8,48,2,1 day/week,Yes,2026
Telangana,Cook,Semi-skilled,825,21450,8,48,2,1 day/week,Yes,2026
Maharashtra,Cook,Semi-skilled,835,21710,8,48,2,1 day/week,Yes,2026
Andhra Pradesh,Cook,Semi-skilled,845,21970,8,48,2,1 day/week,Yes,2026
Gujarat,Cook,Semi-skilled,855,22230,8,48,2,1 day/week,Yes,2026
Rajasthan,Cook,Semi-skilled,865,22490,8,48,2,1 day/week,Yes,2026
Delhi,Cook,Semi-skilled,875,22750,8,48,2,1 day/week,Yes,2026
West Bengal,Cook,Semi-skilled,885,23010,8,48,2,1 day/week,Yes,2026
Tamil Nadu,Construction Labourer,Semi-skilled,810,21060,8,48,2,1 day/week,Yes,2026
Karnataka,Construction Labourer,Semi-skilled,820,21320,8,48,2,1 day/week,Yes,2026
Kerala,Construction Labourer,Semi-skilled,830,21580,8,48,2,1 day/week,Yes,2026
Telangana,Construction Labourer,Semi-skilled,840,21840,8,48,2,1 day/week,Yes,2026
Maharashtra,Construction Labourer,Semi-skilled,850,22100,8,48,2,1 day/week,Yes,2026
Andhra Pradesh,Construction Labourer,Semi-skilled,860,22360,8,48,2,1 day/week,Yes,2026
Gujarat,Construction Labourer,Semi-skilled,870,22620,8,48,2,1 day/week,Yes,2026
Rajasthan,Construction Labourer,Semi-skilled,880,22880,8,48,2,1 day/week,Yes,2026
Delhi,Construction Labourer,Semi-skilled,890,23140,8,48,2,1 day/week,Yes,2026
West Bengal,Construction Labourer,Semi-skilled,900,23400,8,48,2,1 day/week,Yes,2026
Tamil Nadu,Helper,Semi-skilled,720,18720,8,48,2,1 day/week,Yes,2026
Karnataka,Helper,Semi-skilled,730,18980,8,48,2,1 day/week,Yes,2026
Kerala,Helper,Semi-skilled,740,19240,8,48,2,1 day/week,Yes,2026
Telangana,Helper,Semi-skilled,750,19500,8,48,2,1 day/week,Yes,2026
Maharashtra,Helper,Semi-skilled,760,19760,8,48,2,1 day/week,Yes,2026
Andhra Pradesh,Helper,Semi-skilled,770,20020,8,48,2,1 day/week,Yes,2026
Gujarat,Helper,Semi-skilled,780,20280,8,48,2,1 day/week,Yes,2026
Rajasthan,Helper,Semi-skilled,790,20540,8,48,2,1 day/week,Yes,2026
Delhi,Helper,Semi-skilled,800,20800,8,48,2,1 day/week,Yes,2026
West Bengal,Helper,Semi-skilled,810,21060,8,48,2,1 day/week,Yes,2026
Tamil Nadu,Mason,Semi-skilled,735,19110,8,48,2,1 day/week,Yes,2026
Karnataka,Mason,Semi-skilled,745,19370,8,48,2,1 day/week,Yes,2026
Kerala,Mason,Semi-skilled,755,19630,8,48,2,1 day/week,Yes,2026
Telangana,Mason,Semi-skilled,765,19890,8,48,2,1 day/week,Yes,2026
Maharashtra,Mason,Semi-skilled,775,20150,8,48,2,1 day/week,Yes,2026
Andhra Pradesh,Mason,Semi-skilled,785,20410,8,48,2,1 day/week,Yes,2026
Gujarat,Mason,Semi-skilled,795,20670,8,48,2,1 day/week,Yes,2026
Rajasthan,Mason,Semi-skilled,805,20930,8,48,2,1 day/week,Yes,2026
Delhi,Mason,Semi-skilled,815,21190,8,48,2,1 day/week,Yes,2026
West Bengal,Mason,Semi-skilled,825,21450,8,48,2,1 day/week,Yes,2026
Tamil Nadu,Painter,Semi-skilled,750,19500,8,48,2,1 day/week,Yes,2026
Karnataka,Painter,Semi-skilled,760,19760,8,48,2,1 day/week,Yes,2026
Kerala,Painter,Semi-skilled,770,20020,8,48,2,1 day/week,Yes,2026
Telangana,Painter,Semi-skilled,780,20280,8,48,2,1 day/week,Yes,2026
Maharashtra,Painter,Semi-skilled,790,20540,8,48,2,1 day/week,Yes,2026
Andhra Pradesh,Painter,Semi-skilled,800,20800,8,48,2,1 day/week,Yes,2026
Gujarat,Painter,Semi-skilled,810,21060,8,48,2,1 day/week,Yes,2026
Rajasthan,Painter,Semi-skilled,820,21320,8,48,2,1 day/week,Yes,2026
Delhi,Painter,Semi-skilled,830,21580,8,48,2,1 day/week,Yes,2026
West Bengal,Painter,Semi-skilled,840,21840,8,48,2,1 day/week,Yes,2026
Tamil Nadu,Machine Operator,Semi-skilled,765,19890,8,48,2,1 day/week,Yes,2026
Karnataka,Machine Operator,Semi-skilled,775,20150,8,48,2,1 day/week,Yes,2026
Kerala,Machine Operator,Semi-skilled,785,20410,8,48,2,1 day/week,Yes,2026
Telangana,Machine Operator,Semi-skilled,795,20670,8,48,2,1 day/week,Yes,2026
Maharashtra,Machine Operator,Semi-skilled,805,20930,8,48,2,1 day/week,Yes,2026
Andhra Pradesh,Machine Operator,Semi-skilled,815,21190,8,48,2,1 day/week,Yes,2026
Gujarat,Machine Operator,Semi-skilled,825,21450,8,48,2,1 day/week,Yes,2026
Rajasthan,Machine Operator,Semi-skilled,835,21710,8,48,2,1 day/week,Yes,2026
Delhi,Machine Operator,Semi-skilled,845,21970,8,48,2,1 day/week,Yes,2026
West Bengal,Machine Operator,Semi-skilled,855,22230,8,48,2,1 day/week,Yes,2026
Tamil Nadu,Delivery Executive,Semi-skilled,780,20280,8,48,2,1 day/week,Yes,2026
Karnataka,Delivery Executive,Semi-skilled,790,20540,8,48,2,1 day/week,Yes,2026
Kerala,Delivery Executive,Semi-skilled,800,20800,8,48,2,1 day/week,Yes,2026
Telangana,Delivery Executive,Semi-skilled,810,21060,8,48,2,1 day/week,Yes,2026
Maharashtra,Delivery Executive,Semi-skilled,820,21320,8,48,2,1 day/week,Yes,2026
Andhra Pradesh,Delivery Executive,Semi-skilled,830,21580,8,48,2,1 day/week,Yes,2026
Gujarat,Delivery Executive,Semi-skilled,840,21840,8,48,2,1 day/week,Yes,2026
Rajasthan,Delivery Executive,Semi-skilled,850,22100,8,48,2,1 day/week,Yes,2026
Delhi,Delivery Executive,Semi-skilled,860,22360,8,48,2,1 day/week,Yes,2026
West Bengal,Delivery Executive,Semi-skilled,870,22620,8,48,2,1 day/week,Yes,2026
Tamil Nadu,Hospital Attendant,Semi-skilled,795,20670,8,48,2,1 day/week,Yes,2026
Karnataka,Hospital Attendant,Semi-skilled,805,20930,8,48,2,1 day/week,Yes,2026
Kerala,Hospital Attendant,Semi-skilled,815,21190,8,48,2,1 day/week,Yes,2026
Telangana,Hospital Attendant,Semi-skilled,825,21450,8,48,2,1 day/week,Yes,2026
Maharashtra,Hospital Attendant,Semi-skilled,835,21710,8,48,2,1 day/week,Yes,2026
Andhra Pradesh,Hospital Attendant,Semi-skilled,845,21970,8,48,2,1 day/week,Yes,2026
Gujarat,Hospital Attendant,Semi-skilled,855,22230,8,48,2,1 day/week,Yes,2026
Rajasthan,Hospital Attendant,Semi-skilled,865,22490,8,48,2,1 day/week,Yes,2026
Delhi,Hospital Attendant,Semi-skilled,875,22750,8,48,2,1 day/week,Yes,2026
West Bengal,Hospital Attendant,Semi-skilled,885,23010,8,48,2,1 day/week,Yes,2026
Tamil Nadu,Warehouse Worker,Semi-skilled,810,21060,8,48,2,1 day/week,Yes,2026
Karnataka,Warehouse Worker,Semi-skilled,820,21320,8,48,2,1 day/week,Yes,2026
Kerala,Warehouse Worker,Semi-skilled,830,21580,8,48,2,1 day/week,Yes,2026
Telangana,Warehouse Worker,Semi-skilled,840,21840,8,48,2,1 day/week,Yes,2026
Maharashtra,Warehouse Worker,Semi-skilled,850,22100,8,48,2,1 day/week,Yes,2026
Andhra Pradesh,Warehouse Worker,Semi-skilled,860,22360,8,48,2,1 day/week,Yes,2026
Gujarat,Warehouse Worker,Semi-skilled,870,22620,8,48,2,1 day/week,Yes,2026
Rajasthan,Warehouse Worker,Semi-skilled,880,22880,8,48,2,1 day/week,Yes,2026
Delhi,Warehouse Worker,Semi-skilled,890,23140,8,48,2,1 day/week,Yes,2026
West Bengal,Warehouse Worker,Semi-skilled,900,23400,8,48,2,1 day/week,Yes,2026
Tamil Nadu,Packer,Semi-skilled,720,18720,8,48,2,1 day/week,Yes,2026
Karnataka,Packer,Semi-skilled,730,18980,8,48,2,1 day/week,Yes,2026
Kerala,Packer,Semi-skilled,740,19240,8,48,2,1 day/week,Yes,2026
Telangana,Packer,Semi-skilled,750,19500,8,48,2,1 day/week,Yes,2026
Maharashtra,Packer,Semi-skilled,760,19760,8,48,2,1 day/week,Yes,2026
Andhra Pradesh,Packer,Semi-skilled,770,20020,8,48,2,1 day/week,Yes,2026
Gujarat,Packer,Semi-skilled,780,20280,8,48,2,1 day/week,Yes,2026
Rajasthan,Packer,Semi-skilled,790,20540,8,48,2,1 day/week,Yes,2026
Delhi,Packer,Semi-skilled,800,20800,8,48,2,1 day/week,Yes,2026
West Bengal,Packer,Semi-skilled,810,21060,8,48,2,1 day/week,Yes,2026
Tamil Nadu,Gardener,Semi-skilled,735,19110,8,48,2,1 day/week,Yes,2026
Karnataka,Gardener,Semi-skilled,745,19370,8,48,2,1 day/week,Yes,2026
Kerala,Gardener,Semi-skilled,755,19630,8,48,2,1 day/week,Yes,2026
Telangana,Gardener,Semi-skilled,765,19890,8,48,2,1 day/week,Yes,2026
Maharashtra,Gardener,Semi-skilled,775,20150,8,48,2,1 day/week,Yes,2026
Andhra Pradesh,Gardener,Semi-skilled,785,20410,8,48,2,1 day/week,Yes,2026
Gujarat,Gardener,Semi-skilled,795,20670,8,48,2,1 day/week,Yes,2026
Rajasthan,Gardener,Semi-skilled,805,20930,8,48,2,1 day/week,Yes,2026
Delhi,Gardener,Semi-skilled,815,21190,8,48,2,1 day/week,Yes,2026
West Bengal,Gardener,Semi-skilled,825,21450,8,48,2,1 day/week,Yes,2026
Tamil Nadu,Watchman,Semi-skilled,750,19500,8,48,2,1 day/week,Yes,2026
Karnataka,Watchman,Semi-skilled,760,19760,8,48,2,1 day/week,Yes,2026
Kerala,Watchman,Semi-skilled,770,20020,8,48,2,1 day/week,Yes,2026
Telangana,Watchman,Semi-skilled,780,20280,8,48,2,1 day/week,Yes,2026
Maharashtra,Watchman,Semi-skilled,790,20540,8,48,2,1 day/week,Yes,2026
Andhra Pradesh,Watchman,Semi-skilled,800,20800,8,48,2,1 day/week,Yes,2026
Gujarat,Watchman,Semi-skilled,810,21060,8,48,2,1 day/week,Yes,2026
Rajasthan,Watchman,Semi-skilled,820,21320,8,48,2,1 day/week,Yes,2026
Delhi,Watchman,Semi-skilled,830,21580,8,48,2,1 day/week,Yes,2026
West Bengal,Watchman,Semi-skilled,840,21840,8,48,2,1 day/week,Yes,2026
Tamil Nadu,Mechanic,Semi-skilled,765,19890,8,48,2,1 day/week,Yes,2026
Karnataka,Mechanic,Semi-skilled,775,20150,8,48,2,1 day/week,Yes,2026
Kerala,Mechanic,Semi-skilled,785,20410,8,48,2,1 day/week,Yes,2026
Telangana,Mechanic,Semi-skilled,795,20670,8,48,2,1 day/week,Yes,2026
Maharashtra,Mechanic,Semi-skilled,805,20930,8,48,2,1 day/week,Yes,2026
Andhra Pradesh,Mechanic,Semi-skilled,815,21190,8,48,2,1 day/week,Yes,2026
Gujarat,Mechanic,Semi-skilled,825,21450,8,48,2,1 day/week,Yes,2026
Rajasthan,Mechanic,Semi-skilled,835,21710,8,48,2,1 day/week,Yes,2026
Delhi,Mechanic,Semi-skilled,845,21970,8,48,2,1 day/week,Yes,2026
West Bengal,Mechanic,Semi-skilled,855,22230,8,48,2,1 day/week,Yes,2026
Tamil Nadu,Cashier,Semi-skilled,780,20280,8,48,2,1 day/week,Yes,2026
Karnataka,Cashier,Semi-skilled,790,20540,8,48,2,1 day/week,Yes,2026
Kerala,Cashier,Semi-skilled,800,20800,8,48,2,1 day/week,Yes,2026
Telangana,Cashier,Semi-skilled,810,21060,8,48,2,1 day/week,Yes,2026
Maharashtra,Cashier,Semi-skilled,820,21320,8,48,2,1 day/week,Yes,2026
Andhra Pradesh,Cashier,Semi-skilled,830,21580,8,48,2,1 day/week,Yes,2026
Gujarat,Cashier,Semi-skilled,840,21840,8,48,2,1 day/week,Yes,2026
Rajasthan,Cashier,Semi-skilled,850,22100,8,48,2,1 day/week,Yes,2026
Delhi,Cashier,Semi-skilled,860,22360,8,48,2,1 day/week,Yes,2026
West Bengal,Cashier,Semi-skilled,870,22620,8,48,2,1 day/week,Yes,2026
Tamil Nadu,Retail Associate,Semi-skilled,795,20670,8,48,2,1 day/week,Yes,2026
Karnataka,Retail Associate,Semi-skilled,805,20930,8,48,2,1 day/week,Yes,2026
Kerala,Retail Associate,Semi-skilled,815,21190,8,48,2,1 day/week,Yes,2026
Telangana,Retail Associate,Semi-skilled,825,21450,8,48,2,1 day/week,Yes,2026
Maharashtra,Retail Associate,Semi-skilled,835,21710,8,48,2,1 day/week,Yes,2026
Andhra Pradesh,Retail Associate,Semi-skilled,845,21970,8,48,2,1 day/week,Yes,2026
Gujarat,Retail Associate,Semi-skilled,855,22230,8,48,2,1 day/week,Yes,2026
Rajasthan,Retail Associate,Semi-skilled,865,22490,8,48,2,1 day/week,Yes,2026
Delhi,Retail Associate,Semi-skilled,875,22750,8,48,2,1 day/week,Yes,2026
West Bengal,Retail Associate,Semi-skilled,885,23010,8,48,2,1 day/week,Yes,2026
Tamil Nadu,Tailor,Semi-skilled,810,21060,8,48,2,1 day/week,Yes,2026
Karnataka,Tailor,Semi-skilled,820,21320,8,48,2,1 day/week,Yes,2026
Kerala,Tailor,Semi-skilled,830,21580,8,48,2,1 day/week,Yes,2026
Telangana,Tailor,Semi-skilled,840,21840,8,48,2,1 day/week,Yes,2026
Maharashtra,Tailor,Semi-skilled,850,22100,8,48,2,1 day/week,Yes,2026
Andhra Pradesh,Tailor,Semi-skilled,860,22360,8,48,2,1 day/week,Yes,2026
Gujarat,Tailor,Semi-skilled,870,22620,8,48,2,1 day/week,Yes,2026
Rajasthan,Tailor,Semi-skilled,880,22880,8,48,2,1 day/week,Yes,2026
Delhi,Tailor,Semi-skilled,890,23140,8,48,2,1 day/week,Yes,2026
West Bengal,Tailor,Semi-skilled,900,23400,8,48,2,1 day/week,Yes,2026
Tamil Nadu,Loader,Semi-skilled,720,18720,8,48,2,1 day/week,Yes,2026
Karnataka,Loader,Semi-skilled,730,18980,8,48,2,1 day/week,Yes,2026
Kerala,Loader,Semi-skilled,740,19240,8,48,2,1 day/week,Yes,2026
Telangana,Loader,Semi-skilled,750,19500,8,48,2,1 day/week,Yes,2026
Maharashtra,Loader,Semi-skilled,760,19760,8,48,2,1 day/week,Yes,2026
Andhra Pradesh,Loader,Semi-skilled,770,20020,8,48,2,1 day/week,Yes,2026
Gujarat,Loader,Semi-skilled,780,20280,8,48,2,1 day/week,Yes,2026
Rajasthan,Loader,Semi-skilled,790,20540,8,48,2,1 day/week,Yes,2026
Delhi,Loader,Semi-skilled,800,20800,8,48,2,1 day/week,Yes,2026
West Bengal,Loader,Semi-skilled,810,21060,8,48,2,1 day/week,Yes,2026
Tamil Nadu,Technician,Semi-skilled,735,19110,8,48,2,1 day/week,Yes,2026
Karnataka,Technician,Semi-skilled,745,19370,8,48,2,1 day/week,Yes,2026
Kerala,Technician,Semi-skilled,755,19630,8,48,2,1 day/week,Yes,2026
Telangana,Technician,Semi-skilled,765,19890,8,48,2,1 day/week,Yes,2026
Maharashtra,Technician,Semi-skilled,775,20150,8,48,2,1 day/week,Yes,2026
Andhra Pradesh,Technician,Semi-skilled,785,20410,8,48,2,1 day/week,Yes,2026
Gujarat,Technician,Semi-skilled,795,20670,8,48,2,1 day/week,Yes,2026
Rajasthan,Technician,Semi-skilled,805,20930,8,48,2,1 day/week,Yes,2026
Delhi,Technician,Semi-skilled,815,21190,8,48,2,1 day/week,Yes,2026
West Bengal,Technician,Semi-skilled,825,21450,8,48,2,1 day/week,Yes,2026
Tamil Nadu,Fitter,Semi-skilled,750,19500,8,48,2,1 day/week,Yes,2026
Karnataka,Fitter,Semi-skilled,760,19760,8,48,2,1 day/week,Yes,2026
Kerala,Fitter,Semi-skilled,770,20020,8,48,2,1 day/week,Yes,2026
Telangana,Fitter,Semi-skilled,780,20280,8,48,2,1 day/week,Yes,2026
Maharashtra,Fitter,Semi-skilled,790,20540,8,48,2,1 day/week,Yes,2026
Andhra Pradesh,Fitter,Semi-skilled,800,20800,8,48,2,1 day/week,Yes,2026
Gujarat,Fitter,Semi-skilled,810,21060,8,48,2,1 day/week,Yes,2026
Rajasthan,Fitter,Semi-skilled,820,21320,8,48,2,1 day/week,Yes,2026
Delhi,Fitter,Semi-skilled,830,21580,8,48,2,1 day/week,Yes,2026
West Bengal,Fitter,Semi-skilled,840,21840,8,48,2,1 day/week,Yes,2026
Tamil Nadu,Assembler,Semi-skilled,765,19890,8,48,2,1 day/week,Yes,2026
Karnataka,Assembler,Semi-skilled,775,20150,8,48,2,1 day/week,Yes,2026
Kerala,Assembler,Semi-skilled,785,20410,8,48,2,1 day/week,Yes,2026
Telangana,Assembler,Semi-skilled,795,20670,8,48,2,1 day/week,Yes,2026
Maharashtra,Assembler,Semi-skilled,805,20930,8,48,2,1 day/week,Yes,2026
Andhra Pradesh,Assembler,Semi-skilled,815,21190,8,48,2,1 day/week,Yes,2026
Gujarat,Assembler,Semi-skilled,825,21450,8,48,2,1 day/week,Yes,2026
Rajasthan,Assembler,Semi-skilled,835,21710,8,48,2,1 day/week,Yes,2026
Delhi,Assembler,Semi-skilled,845,21970,8,48,2,1 day/week,Yes,2026
West Bengal,Assembler,Semi-skilled,855,22230,8,48,2,1 day/week,Yes,2026
Tamil Nadu,Quality Inspector,Semi-skilled,780,20280,8,48,2,1 day/week,Yes,2026
Karnataka,Quality Inspector,Semi-skilled,790,20540,8,48,2,1 day/week,Yes,2026
Kerala,Quality Inspector,Semi-skilled,800,20800,8,48,2,1 day/week,Yes,2026
Telangana,Quality Inspector,Semi-skilled,810,21060,8,48,2,1 day/week,Yes,2026
Maharashtra,Quality Inspector,Semi-skilled,820,21320,8,48,2,1 day/week,Yes,2026
Andhra Pradesh,Quality Inspector,Semi-skilled,830,21580,8,48,2,1 day/week,Yes,2026
Gujarat,Quality Inspector,Semi-skilled,840,21840,8,48,2,1 day/week,Yes,2026
Rajasthan,Quality Inspector,Semi-skilled,850,22100,8,48,2,1 day/week,Yes,2026
Delhi,Quality Inspector,Semi-skilled,860,22360,8,48,2,1 day/week,Yes,2026
West Bengal,Quality Inspector,Semi-skilled,870,22620,8,48,2,1 day/week,Yes,2026
Tamil Nadu,Forklift Operator,Semi-skilled,795,20670,8,48,2,1 day/week,Yes,2026
Karnataka,Forklift Operator,Semi-skilled,805,20930,8,48,2,1 day/week,Yes,2026
Kerala,Forklift Operator,Semi-skilled,815,21190,8,48,2,1 day/week,Yes,2026
Telangana,Forklift Operator,Semi-skilled,825,21450,8,48,2,1 day/week,Yes,2026
Maharashtra,Forklift Operator,Semi-skilled,835,21710,8,48,2,1 day/week,Yes,2026
Andhra Pradesh,Forklift Operator,Semi-skilled,845,21970,8,48,2,1 day/week,Yes,2026
Gujarat,Forklift Operator,Semi-skilled,855,22230,8,48,2,1 day/week,Yes,2026
Rajasthan,Forklift Operator,Semi-skilled,865,22490,8,48,2,1 day/week,Yes,2026
Delhi,Forklift Operator,Semi-skilled,875,22750,8,48,2,1 day/week,Yes,2026
West Bengal,Forklift Operator,Semi-skilled,885,23010,8,48,2,1 day/week,Yes,2026
Tamil Nadu,Supervisor,Semi-skilled,810,21060,8,48,2,1 day/week,Yes,2026
Karnataka,Supervisor,Semi-skilled,820,21320,8,48,2,1 day/week,Yes,2026
Kerala,Supervisor,Semi-skilled,830,21580,8,48,2,1 day/week,Yes,2026
Telangana,Supervisor,Semi-skilled,840,21840,8,48,2,1 day/week,Yes,2026
Maharashtra,Supervisor,Semi-skilled,850,22100,8,48,2,1 day/week,Yes,2026
Andhra Pradesh,Supervisor,Semi-skilled,860,22360,8,48,2,1 day/week,Yes,2026
Gujarat,Supervisor,Semi-skilled,870,22620,8,48,2,1 day/week,Yes,2026
Rajasthan,Supervisor,Semi-skilled,880,22880,8,48,2,1 day/week,Yes,2026
Delhi,Supervisor,Semi-skilled,890,23140,8,48,2,1 day/week,Yes,2026
West Bengal,Supervisor,Semi-skilled,900,23400,8,48,2,1 day/week,Yes,2026
Tamil Nadu,Office Boy,Semi-skilled,720,18720,8,48,2,1 day/week,Yes,2026
Karnataka,Office Boy,Semi-skilled,730,18980,8,48,2,1 day/week,Yes,2026
Kerala,Office Boy,Semi-skilled,740,19240,8,48,2,1 day/week,Yes,2026
Telangana,Office Boy,Semi-skilled,750,19500,8,48,2,1 day/week,Yes,2026
Maharashtra,Office Boy,Semi-skilled,760,19760,8,48,2,1 day/week,Yes,2026
Andhra Pradesh,Office Boy,Semi-skilled,770,20020,8,48,2,1 day/week,Yes,2026
Gujarat,Office Boy,Semi-skilled,780,20280,8,48,2,1 day/week,Yes,2026
Rajasthan,Office Boy,Semi-skilled,790,20540,8,48,2,1 day/week,Yes,2026
Delhi,Office Boy,Semi-skilled,800,20800,8,48,2,1 day/week,Yes,2026
West Bengal,Office Boy,Semi-skilled,810,21060,8,48,2,1 day/week,Yes,2026
Tamil Nadu,Janitor,Semi-skilled,735,19110,8,48,2,1 day/week,Yes,2026
Karnataka,Janitor,Semi-skilled,745,19370,8,48,2,1 day/week,Yes,2026
Kerala,Janitor,Semi-skilled,755,19630,8,48,2,1 day/week,Yes,2026
Telangana,Janitor,Semi-skilled,765,19890,8,48,2,1 day/week,Yes,2026
Maharashtra,Janitor,Semi-skilled,775,20150,8,48,2,1 day/week,Yes,2026
Andhra Pradesh,Janitor,Semi-skilled,785,20410,8,48,2,1 day/week,Yes,2026
Gujarat,Janitor,Semi-skilled,795,20670,8,48,2,1 day/week,Yes,2026
Rajasthan,Janitor,Semi-skilled,805,20930,8,48,2,1 day/week,Yes,2026
Delhi,Janitor,Semi-skilled,815,21190,8,48,2,1 day/week,Yes,2026
West Bengal,Janitor,Semi-skilled,825,21450,8,48,2,1 day/week,Yes,2026
Tamil Nadu,Lab Assistant,Semi-skilled,750,19500,8,48,2,1 day/week,Yes,2026
Karnataka,Lab Assistant,Semi-skilled,760,19760,8,48,2,1 day/week,Yes,2026
Kerala,Lab Assistant,Semi-skilled,770,20020,8,48,2,1 day/week,Yes,2026
Telangana,Lab Assistant,Semi-skilled,780,20280,8,48,2,1 day/week,Yes,2026
Maharashtra,Lab Assistant,Semi-skilled,790,20540,8,48,2,1 day/week,Yes,2026
Andhra Pradesh,Lab Assistant,Semi-skilled,800,20800,8,48,2,1 day/week,Yes,2026
Gujarat,Lab Assistant,Semi-skilled,810,21060,8,48,2,1 day/week,Yes,2026
Rajasthan,Lab Assistant,Semi-skilled,820,21320,8,48,2,1 day/week,Yes,2026
Delhi,Lab Assistant,Semi-skilled,830,21580,8,48,2,1 day/week,Yes,2026
West Bengal,Lab Assistant,Semi-skilled,840,21840,8,48,2,1 day/week,Yes,2026
Tamil Nadu,Nurse Assistant,Semi-skilled,765,19890,8,48,2,1 day/week,Yes,2026
Karnataka,Nurse Assistant,Semi-skilled,775,20150,8,48,2,1 day/week,Yes,2026
Kerala,Nurse Assistant,Semi-skilled,785,20410,8,48,2,1 day/week,Yes,2026
Telangana,Nurse Assistant,Semi-skilled,795,20670,8,48,2,1 day/week,Yes,2026
Maharashtra,Nurse Assistant,Semi-skilled,805,20930,8,48,2,1 day/week,Yes,2026
Andhra Pradesh,Nurse Assistant,Semi-skilled,815,21190,8,48,2,1 day/week,Yes,2026
Gujarat,Nurse Assistant,Semi-skilled,825,21450,8,48,2,1 day/week,Yes,2026
Rajasthan,Nurse Assistant,Semi-skilled,835,21710,8,48,2,1 day/week,Yes,2026
Delhi,Nurse Assistant,Semi-skilled,845,21970,8,48,2,1 day/week,Yes,2026
West Bengal,Nurse Assistant,Semi-skilled,855,22230,8,48,2,1 day/week,Yes,2026
Tamil Nadu,Caregiver,Semi-skilled,780,20280,8,48,2,1 day/week,Yes,2026
Karnataka,Caregiver,Semi-skilled,790,20540,8,48,2,1 day/week,Yes,2026
Kerala,Caregiver,Semi-skilled,800,20800,8,48,2,1 day/week,Yes,2026
Telangana,Caregiver,Semi-skilled,810,21060,8,48,2,1 day/week,Yes,2026
Maharashtra,Caregiver,Semi-skilled,820,21320,8,48,2,1 day/week,Yes,2026
Andhra Pradesh,Caregiver,Semi-skilled,830,21580,8,48,2,1 day/week,Yes,2026
Gujarat,Caregiver,Semi-skilled,840,21840,8,48,2,1 day/week,Yes,2026
Rajasthan,Caregiver,Semi-skilled,850,22100,8,48,2,1 day/week,Yes,2026
Delhi,Caregiver,Semi-skilled,860,22360,8,48,2,1 day/week,Yes,2026
West Bengal,Caregiver,Semi-skilled,870,22620,8,48,2,1 day/week,Yes,2026
Tamil Nadu,Farm Worker,Semi-skilled,795,20670,8,48,2,1 day/week,Yes,2026
Karnataka,Farm Worker,Semi-skilled,805,20930,8,48,2,1 day/week,Yes,2026
Kerala,Farm Worker,Semi-skilled,815,21190,8,48,2,1 day/week,Yes,2026
Telangana,Farm Worker,Semi-skilled,825,21450,8,48,2,1 day/week,Yes,2026
Maharashtra,Farm Worker,Semi-skilled,835,21710,8,48,2,1 day/week,Yes,2026
Andhra Pradesh,Farm Worker,Semi-skilled,845,21970,8,48,2,1 day/week,Yes,2026
Gujarat,Farm Worker,Semi-skilled,855,22230,8,48,2,1 day/week,Yes,2026
Rajasthan,Farm Worker,Semi-skilled,865,22490,8,48,2,1 day/week,Yes,2026
Delhi,Farm Worker,Semi-skilled,875,22750,8,48,2,1 day/week,Yes,2026
West Bengal,Farm Worker,Semi-skilled,885,23010,8,48,2,1 day/week,Yes,2026
Tamil Nadu,Textile Worker,Semi-skilled,810,21060,8,48,2,1 day/week,Yes,2026
Karnataka,Textile Worker,Semi-skilled,820,21320,8,48,2,1 day/week,Yes,2026
Kerala,Textile Worker,Semi-skilled,830,21580,8,48,2,1 day/week,Yes,2026
Telangana,Textile Worker,Semi-skilled,840,21840,8,48,2,1 day/week,Yes,2026
Maharashtra,Textile Worker,Semi-skilled,850,22100,8,48,2,1 day/week,Yes,2026
Andhra Pradesh,Textile Worker,Semi-skilled,860,22360,8,48,2,1 day/week,Yes,2026
Gujarat,Textile Worker,Semi-skilled,870,22620,8,48,2,1 day/week,Yes,2026
Rajasthan,Textile Worker,Semi-skilled,880,22880,8,48,2,1 day/week,Yes,2026
Delhi,Textile Worker,Semi-skilled,890,23140,8,48,2,1 day/week,Yes,2026
West Bengal,Textile Worker,Semi-skilled,900,23400,8,48,2,1 day/week,Yes,2026
Tamil Nadu,Food Processing Worker,Semi-skilled,720,18720,8,48,2,1 day/week,Yes,2026
Karnataka,Food Processing Worker,Semi-skilled,730,18980,8,48,2,1 day/week,Yes,2026
Kerala,Food Processing Worker,Semi-skilled,740,19240,8,48,2,1 day/week,Yes,2026
Telangana,Food Processing Worker,Semi-skilled,750,19500,8,48,2,1 day/week,Yes,2026
Maharashtra,Food Processing Worker,Semi-skilled,760,19760,8,48,2,1 day/week,Yes,2026
Andhra Pradesh,Food Processing Worker,Semi-skilled,770,20020,8,48,2,1 day/week,Yes,2026
Gujarat,Food Processing Worker,Semi-skilled,780,20280,8,48,2,1 day/week,Yes,2026
Rajasthan,Food Processing Worker,Semi-skilled,790,20540,8,48,2,1 day/week,Yes,2026
Delhi,Food Processing Worker,Semi-skilled,800,20800,8,48,2,1 day/week,Yes,2026
West Bengal,Food Processing Worker,Semi-skilled,810,21060,8,48,2,1 day/week,Yes,2026
Tamil Nadu,Hotel Staff,Semi-skilled,735,19110,8,48,2,1 day/week,Yes,2026
Karnataka,Hotel Staff,Semi-skilled,745,19370,8,48,2,1 day/week,Yes,2026
Kerala,Hotel Staff,Semi-skilled,755,19630,8,48,2,1 day/week,Yes,2026
Telangana,Hotel Staff,Semi-skilled,765,19890,8,48,2,1 day/week,Yes,2026
Maharashtra,Hotel Staff,Semi-skilled,775,20150,8,48,2,1 day/week,Yes,2026
Andhra Pradesh,Hotel Staff,Semi-skilled,785,20410,8,48,2,1 day/week,Yes,2026
Gujarat,Hotel Staff,Semi-skilled,795,20670,8,48,2,1 day/week,Yes,2026
Rajasthan,Hotel Staff,Semi-skilled,805,20930,8,48,2,1 day/week,Yes,2026
Delhi,Hotel Staff,Semi-skilled,815,21190,8,48,2,1 day/week,Yes,2026
West Bengal,Hotel Staff,Semi-skilled,825,21450,8,48,2,1 day/week,Yes,2026
Tamil Nadu,Kitchen Helper,Semi-skilled,750,19500,8,48,2,1 day/week,Yes,2026
Karnataka,Kitchen Helper,Semi-skilled,760,19760,8,48,2,1 day/week,Yes,2026
Kerala,Kitchen Helper,Semi-skilled,770,20020,8,48,2,1 day/week,Yes,2026
Telangana,Kitchen Helper,Semi-skilled,780,20280,8,48,2,1 day/week,Yes,2026
Maharashtra,Kitchen Helper,Semi-skilled,790,20540,8,48,2,1 day/week,Yes,2026
Andhra Pradesh,Kitchen Helper,Semi-skilled,800,20800,8,48,2,1 day/week,Yes,2026
Gujarat,Kitchen Helper,Semi-skilled,810,21060,8,48,2,1 day/week,Yes,2026
Rajasthan,Kitchen Helper,Semi-skilled,820,21320,8,48,2,1 day/week,Yes,2026
Delhi,Kitchen Helper,Semi-skilled,830,21580,8,48,2,1 day/week,Yes,2026
West Bengal,Kitchen Helper,Semi-skilled,840,21840,8,48,2,1 day/week,Yes,2026
Tamil Nadu,Security Supervisor,Semi-skilled,765,19890,8,48,2,1 day/week,Yes,2026
Karnataka,Security Supervisor,Semi-skilled,775,20150,8,48,2,1 day/week,Yes,2026
Kerala,Security Supervisor,Semi-skilled,785,20410,8,48,2,1 day/week,Yes,2026
Telangana,Security Supervisor,Semi-skilled,795,20670,8,48,2,1 day/week,Yes,2026
Maharashtra,Security Supervisor,Semi-skilled,805,20930,8,48,2,1 day/week,Yes,2026
Andhra Pradesh,Security Supervisor,Semi-skilled,815,21190,8,48,2,1 day/week,Yes,2026
Gujarat,Security Supervisor,Semi-skilled,825,21450,8,48,2,1 day/week,Yes,2026
Rajasthan,Security Supervisor,Semi-skilled,835,21710,8,48,2,1 day/week,Yes,2026
Delhi,Security Supervisor,Semi-skilled,845,21970,8,48,2,1 day/week,Yes,2026
West Bengal,Security Supervisor,Semi-skilled,855,22230,8,48,2,1 day/week,Yes,2026
Tamil Nadu,Field Executive,Semi-skilled,780,20280,8,48,2,1 day/week,Yes,2026
Karnataka,Field Executive,Semi-skilled,790,20540,8,48,2,1 day/week,Yes,2026
Kerala,Field Executive,Semi-skilled,800,20800,8,48,2,1 day/week,Yes,2026
Telangana,Field Executive,Semi-skilled,810,21060,8,48,2,1 day/week,Yes,2026
Maharashtra,Field Executive,Semi-skilled,820,21320,8,48,2,1 day/week,Yes,2026
Andhra Pradesh,Field Executive,Semi-skilled,830,21580,8,48,2,1 day/week,Yes,2026
Gujarat,Field Executive,Semi-skilled,840,21840,8,48,2,1 day/week,Yes,2026
Rajasthan,Field Executive,Semi-skilled,850,22100,8,48,2,1 day/week,Yes,2026
Delhi,Field Executive,Semi-skilled,860,22360,8,48,2,1 day/week,Yes,2026
West Bengal,Field Executive,Semi-skilled,870,22620,8,48,2,1 day/week,Yes,2026
Tamil Nadu,Sales Assistant,Semi-skilled,795,20670,8,48,2,1 day/week,Yes,2026
Karnataka,Sales Assistant,Semi-skilled,805,20930,8,48,2,1 day/week,Yes,2026
Kerala,Sales Assistant,Semi-skilled,815,21190,8,48,2,1 day/week,Yes,2026
Telangana,Sales Assistant,Semi-skilled,825,21450,8,48,2,1 day/week,Yes,2026
Maharashtra,Sales Assistant,Semi-skilled,835,21710,8,48,2,1 day/week,Yes,2026
Andhra Pradesh,Sales Assistant,Semi-skilled,845,21970,8,48,2,1 day/week,Yes,2026
Gujarat,Sales Assistant,Semi-skilled,855,22230,8,48,2,1 day/week,Yes,2026
Rajasthan,Sales Assistant,Semi-skilled,865,22490,8,48,2,1 day/week,Yes,2026
Delhi,Sales Assistant,Semi-skilled,875,22750,8,48,2,1 day/week,Yes,2026
West Bengal,Sales Assistant,Semi-skilled,885,23010,8,48,2,1 day/week,Yes,2026
Tamil Nadu,Packaging Operator,Semi-skilled,810,21060,8,48,2,1 day/week,Yes,2026
Karnataka,Packaging Operator,Semi-skilled,820,21320,8,48,2,1 day/week,Yes,2026
Kerala,Packaging Operator,Semi-skilled,830,21580,8,48,2,1 day/week,Yes,2026
Telangana,Packaging Operator,Semi-skilled,840,21840,8,48,2,1 day/week,Yes,2026
Maharashtra,Packaging Operator,Semi-skilled,850,22100,8,48,2,1 day/week,Yes,2026
Andhra Pradesh,Packaging Operator,Semi-skilled,860,22360,8,48,2,1 day/week,Yes,2026
Gujarat,Packaging Operator,Semi-skilled,870,22620,8,48,2,1 day/week,Yes,2026
Rajasthan,Packaging Operator,Semi-skilled,880,22880,8,48,2,1 day/week,Yes,2026
Delhi,Packaging Operator,Semi-skilled,890,23140,8,48,2,1 day/week,Yes,2026
West Bengal,Packaging Operator,Semi-skilled,900,23400,8,48,2,1 day/week,Yes,2026
Tamil Nadu,Store Keeper,Semi-skilled,720,18720,8,48,2,1 day/week,Yes,2026
Karnataka,Store Keeper,Semi-skilled,730,18980,8,48,2,1 day/week,Yes,2026
Kerala,Store Keeper,Semi-skilled,740,19240,8,48,2,1 day/week,Yes,2026
Telangana,Store Keeper,Semi-skilled,750,19500,8,48,2,1 day/week,Yes,2026
Maharashtra,Store Keeper,Semi-skilled,760,19760,8,48,2,1 day/week,Yes,2026
Andhra Pradesh,Store Keeper,Semi-skilled,770,20020,8,48,2,1 day/week,Yes,2026
Gujarat,Store Keeper,Semi-skilled,780,20280,8,48,2,1 day/week,Yes,2026
Rajasthan,Store Keeper,Semi-skilled,790,20540,8,48,2,1 day/week,Yes,2026
Delhi,Store Keeper,Semi-skilled,800,20800,8,48,2,1 day/week,Yes,2026
West Bengal,Store Keeper,Semi-skilled,810,21060,8,48,2,1 day/week,Yes,2026
